ISO-10303-21;
HEADER;
/* Generated by software containing ST-Developer
 * from STEP Tools, Inc. (www.steptools.com) 
 */
/* OPTION: using custom renumber hook */

FILE_DESCRIPTION(
/* description */ ('STEP AP242 Edition 2',
'CAx-IF Rec.Pracs.---Representation and Presentation of Product Manufa
cturing Information (PMI)---4.0---2014-10-13',
'CAx-IF Rec.Pracs.---3D Tessellated Geometry---0.4---2014-09-14','2;1',
'CAx-IF Rec.Pracs.---User Defined Attributes---1.5---2016-08-15'),
/* implementation_level */ '2;1');

FILE_NAME(
/* name */ '692f4564ecb9d726f4647c92',
/* time_stamp */ '2025-12-02T20:00:37Z',
/* author */ (''),
/* organization */ (''),
/* preprocessor_version */ 'ST-DEVELOPER v20',
/* originating_system */ 'ONSHAPE BY PTC INC, 1.207',
/* authorisation */ '  ');

FILE_SCHEMA (('AP242_MANAGED_MODEL_BASED_3D_ENGINEERING_MIM_LF { 1 0 10303 442 3 1 4 }'));
ENDSEC;

DATA;
#10=SHAPE_REPRESENTATION_RELATIONSHIP('','',#228,#11);
#11=ADVANCED_BREP_SHAPE_REPRESENTATION('',(#226),#2310);
#12=PLANE('',#230);
#13=PLANE('',#231);
#14=PLANE('',#232);
#15=LINE('',#391,#24);
#16=LINE('',#458,#25);
#17=LINE('',#489,#26);
#18=LINE('',#760,#27);
#19=LINE('',#1159,#28);
#20=LINE('',#2159,#29);
#21=LINE('',#2160,#30);
#22=LINE('',#2207,#31);
#23=LINE('',#2286,#32);
#24=VECTOR('',#235,1.);
#25=VECTOR('',#236,1.);
#26=VECTOR('',#237,1.);
#27=VECTOR('',#238,1.);
#28=VECTOR('',#239,1.);
#29=VECTOR('',#246,1.);
#30=VECTOR('',#247,1.);
#31=VECTOR('',#248,1.);
#32=VECTOR('',#249,1.);
#33=ORIENTED_EDGE('',*,*,#91,.F.);
#34=ORIENTED_EDGE('',*,*,#92,.F.);
#35=ORIENTED_EDGE('',*,*,#93,.T.);
#36=ORIENTED_EDGE('',*,*,#94,.T.);
#37=ORIENTED_EDGE('',*,*,#95,.F.);
#38=ORIENTED_EDGE('',*,*,#94,.F.);
#39=ORIENTED_EDGE('',*,*,#96,.T.);
#40=ORIENTED_EDGE('',*,*,#97,.T.);
#41=ORIENTED_EDGE('',*,*,#98,.F.);
#42=ORIENTED_EDGE('',*,*,#97,.F.);
#43=ORIENTED_EDGE('',*,*,#99,.T.);
#44=ORIENTED_EDGE('',*,*,#100,.T.);
#45=ORIENTED_EDGE('',*,*,#101,.F.);
#46=ORIENTED_EDGE('',*,*,#100,.F.);
#47=ORIENTED_EDGE('',*,*,#102,.T.);
#48=ORIENTED_EDGE('',*,*,#103,.T.);
#49=ORIENTED_EDGE('',*,*,#104,.F.);
#50=ORIENTED_EDGE('',*,*,#103,.F.);
#51=ORIENTED_EDGE('',*,*,#105,.T.);
#52=ORIENTED_EDGE('',*,*,#92,.T.);
#53=ORIENTED_EDGE('',*,*,#106,.T.);
#54=ORIENTED_EDGE('',*,*,#107,.F.);
#55=ORIENTED_EDGE('',*,*,#91,.T.);
#56=ORIENTED_EDGE('',*,*,#95,.T.);
#57=ORIENTED_EDGE('',*,*,#98,.T.);
#58=ORIENTED_EDGE('',*,*,#101,.T.);
#59=ORIENTED_EDGE('',*,*,#104,.T.);
#60=ORIENTED_EDGE('',*,*,#106,.F.);
#61=ORIENTED_EDGE('',*,*,#107,.T.);
#62=ORIENTED_EDGE('',*,*,#108,.F.);
#63=ORIENTED_EDGE('',*,*,#109,.F.);
#64=ORIENTED_EDGE('',*,*,#110,.F.);
#65=ORIENTED_EDGE('',*,*,#111,.F.);
#66=ORIENTED_EDGE('',*,*,#93,.F.);
#67=ORIENTED_EDGE('',*,*,#105,.F.);
#68=ORIENTED_EDGE('',*,*,#102,.F.);
#69=ORIENTED_EDGE('',*,*,#99,.F.);
#70=ORIENTED_EDGE('',*,*,#96,.F.);
#71=ORIENTED_EDGE('',*,*,#112,.T.);
#72=ORIENTED_EDGE('',*,*,#113,.T.);
#73=ORIENTED_EDGE('',*,*,#114,.T.);
#74=ORIENTED_EDGE('',*,*,#115,.T.);
#75=ORIENTED_EDGE('',*,*,#112,.F.);
#76=ORIENTED_EDGE('',*,*,#116,.F.);
#77=ORIENTED_EDGE('',*,*,#108,.T.);
#78=ORIENTED_EDGE('',*,*,#117,.T.);
#79=ORIENTED_EDGE('',*,*,#113,.F.);
#80=ORIENTED_EDGE('',*,*,#117,.F.);
#81=ORIENTED_EDGE('',*,*,#111,.T.);
#82=ORIENTED_EDGE('',*,*,#118,.T.);
#83=ORIENTED_EDGE('',*,*,#114,.F.);
#84=ORIENTED_EDGE('',*,*,#118,.F.);
#85=ORIENTED_EDGE('',*,*,#110,.T.);
#86=ORIENTED_EDGE('',*,*,#119,.T.);
#87=ORIENTED_EDGE('',*,*,#115,.F.);
#88=ORIENTED_EDGE('',*,*,#119,.F.);
#89=ORIENTED_EDGE('',*,*,#109,.T.);
#90=ORIENTED_EDGE('',*,*,#116,.T.);
#91=EDGE_CURVE('',#120,#121,#140,.T.);
#92=EDGE_CURVE('',#122,#120,#15,.T.);
#93=EDGE_CURVE('',#122,#123,#141,.T.);
#94=EDGE_CURVE('',#123,#121,#16,.T.);
#95=EDGE_CURVE('',#121,#124,#142,.T.);
#96=EDGE_CURVE('',#123,#125,#143,.T.);
#97=EDGE_CURVE('',#125,#124,#17,.T.);
#98=EDGE_CURVE('',#124,#126,#144,.T.);
#99=EDGE_CURVE('',#125,#127,#145,.T.);
#100=EDGE_CURVE('',#127,#126,#18,.T.);
#101=EDGE_CURVE('',#126,#128,#146,.T.);
#102=EDGE_CURVE('',#127,#129,#147,.T.);
#103=EDGE_CURVE('',#129,#128,#19,.T.);
#104=EDGE_CURVE('',#128,#120,#148,.T.);
#105=EDGE_CURVE('',#129,#122,#149,.T.);
#106=EDGE_CURVE('',#130,#130,#150,.T.);
#107=EDGE_CURVE('',#131,#131,#151,.T.);
#108=EDGE_CURVE('',#132,#133,#152,.T.);
#109=EDGE_CURVE('',#134,#132,#153,.T.);
#110=EDGE_CURVE('',#135,#134,#154,.T.);
#111=EDGE_CURVE('',#133,#135,#155,.T.);
#112=EDGE_CURVE('',#136,#137,#156,.T.);
#113=EDGE_CURVE('',#137,#138,#157,.T.);
#114=EDGE_CURVE('',#138,#139,#158,.T.);
#115=EDGE_CURVE('',#139,#136,#159,.T.);
#116=EDGE_CURVE('',#132,#136,#20,.T.);
#117=EDGE_CURVE('',#133,#137,#21,.T.);
#118=EDGE_CURVE('',#135,#138,#22,.T.);
#119=EDGE_CURVE('',#134,#139,#23,.T.);
#120=VERTEX_POINT('',#389);
#121=VERTEX_POINT('',#390);
#122=VERTEX_POINT('',#392);
#123=VERTEX_POINT('',#457);
#124=VERTEX_POINT('',#479);
#125=VERTEX_POINT('',#488);
#126=VERTEX_POINT('',#673);
#127=VERTEX_POINT('',#759);
#128=VERTEX_POINT('',#1033);
#129=VERTEX_POINT('',#1158);
#130=VERTEX_POINT('',#1348);
#131=VERTEX_POINT('',#1387);
#132=VERTEX_POINT('',#1544);
#133=VERTEX_POINT('',#1545);
#134=VERTEX_POINT('',#1563);
#135=VERTEX_POINT('',#1649);
#136=VERTEX_POINT('',#1861);
#137=VERTEX_POINT('',#1862);
#138=VERTEX_POINT('',#1919);
#139=VERTEX_POINT('',#2005);
#140=B_SPLINE_CURVE_WITH_KNOTS('',3,(#325,#326,#327,#328,#329,#330,#331,
#332,#333,#334,#335,#336,#337,#338,#339,#340,#341,#342,#343,#344,#345,#346,
#347,#348,#349,#350,#351,#352,#353,#354,#355,#356,#357,#358,#359,#360,#361,
#362,#363,#364,#365,#366,#367,#368,#369,#370,#371,#372,#373,#374,#375,#376,
#377,#378,#379,#380,#381,#382,#383,#384,#385,#386,#387,#388),
 .UNSPECIFIED.,.F.,.F.,(4,1,1,1,1,1,1,1,1,1,1,1,1,1,1,1,1,1,1,1,1,1,1,1,
1,1,1,1,1,1,1,1,1,1,1,1,1,1,1,1,1,1,1,1,1,1,1,1,1,1,1,1,1,1,1,1,1,1,1,1,
1,4),(0.924307926312654,0.92838891725492,0.932469908197186,0.936550899139453,
0.938591394610586,0.940631890081719,0.942672385552852,0.943692633288418,
0.944712881023985,0.946753376495118,0.948793871966251,0.950834367437384,
0.952874862908517,0.956955853850784,0.96103684479305,0.965117835735316,
0.967158331206449,0.969198826677582,0.971239322148715,0.973279817619848,
0.975320313090982,0.977360808562115,0.981441799504381,0.985522790446647,
0.989603781388913,0.99368477233118,0.997765763273446,0.999806258744579,
1.00184675421571,1.00592774515798,1.01000873610024,1.01204923157138,1.01408972704251,
1.01613022251364,1.01817071798478,1.02021121345591,1.02225170892704,1.02327195666261,
1.02429220439818,1.02531245213374,1.02633269986931,1.02684282373709,1.02735294760488,
1.02837319534044,1.02939344307601,1.03041369081158,1.03245418628271,1.03449468175384,
1.03653517722497,1.03857567269611,1.04061616816724,1.04265666363837,1.04469715910951,
1.04673765458064,1.04877815005177,1.04979839778734,1.05081864552291,1.05183889325847,
1.05234901712626,1.05285914099404,1.05387938872961,1.05489963646517),
 .UNSPECIFIED.);
#141=B_SPLINE_CURVE_WITH_KNOTS('',3,(#393,#394,#395,#396,#397,#398,#399,
#400,#401,#402,#403,#404,#405,#406,#407,#408,#409,#410,#411,#412,#413,#414,
#415,#416,#417,#418,#419,#420,#421,#422,#423,#424,#425,#426,#427,#428,#429,
#430,#431,#432,#433,#434,#435,#436,#437,#438,#439,#440,#441,#442,#443,#444,
#445,#446,#447,#448,#449,#450,#451,#452,#453,#454,#455,#456),
 .UNSPECIFIED.,.F.,.F.,(4,1,1,1,1,1,1,1,1,1,1,1,1,1,1,1,1,1,1,1,1,1,1,1,
1,1,1,1,1,1,1,1,1,1,1,1,1,1,1,1,1,1,1,1,1,1,1,1,1,1,1,1,1,1,1,1,1,1,1,1,
1,4),(0.924307926312654,0.92838891725492,0.932469908197186,0.936550899139453,
0.938591394610586,0.940631890081719,0.942672385552852,0.943692633288418,
0.944712881023985,0.946753376495118,0.948793871966251,0.950834367437384,
0.952874862908517,0.956955853850784,0.96103684479305,0.965117835735316,
0.967158331206449,0.969198826677582,0.971239322148715,0.973279817619848,
0.975320313090982,0.977360808562115,0.981441799504381,0.985522790446647,
0.989603781388913,0.99368477233118,0.997765763273446,0.999806258744579,
1.00184675421571,1.00592774515798,1.01000873610024,1.01204923157138,1.01408972704251,
1.01613022251364,1.01817071798478,1.02021121345591,1.02225170892704,1.02327195666261,
1.02429220439818,1.02531245213374,1.02633269986931,1.02684282373709,1.02735294760488,
1.02837319534044,1.02939344307601,1.03041369081158,1.03245418628271,1.03449468175384,
1.03653517722497,1.03857567269611,1.04061616816724,1.04265666363837,1.04469715910951,
1.04673765458064,1.04877815005177,1.04979839778734,1.05081864552291,1.05183889325847,
1.05234901712626,1.05285914099404,1.05387938872961,1.05489963646517),
 .UNSPECIFIED.);
#142=B_SPLINE_CURVE_WITH_KNOTS('',3,(#471,#472,#473,#474,#475,#476,#477,
#478),.UNSPECIFIED.,.F.,.F.,(4,1,1,1,1,4),(0.0759815810174172,0.081586345288816,
0.0871911095602148,0.0927958738316135,0.0955982559673129,0.0984006381030123),
 .UNSPECIFIED.);
#143=B_SPLINE_CURVE_WITH_KNOTS('',3,(#480,#481,#482,#483,#484,#485,#486,
#487),.UNSPECIFIED.,.F.,.F.,(4,1,1,1,1,4),(0.0759815810174172,0.081586345288816,
0.0871911095602148,0.0927958738316135,0.0955982559673129,0.0984006381030123),
 .UNSPECIFIED.);
#144=B_SPLINE_CURVE_WITH_KNOTS('',3,(#588,#589,#590,#591,#592,#593,#594,
#595,#596,#597,#598,#599,#600,#601,#602,#603,#604,#605,#606,#607,#608,#609,
#610,#611,#612,#613,#614,#615,#616,#617,#618,#619,#620,#621,#622,#623,#624,
#625,#626,#627,#628,#629,#630,#631,#632,#633,#634,#635,#636,#637,#638,#639,
#640,#641,#642,#643,#644,#645,#646,#647,#648,#649,#650,#651,#652,#653,#654,
#655,#656,#657,#658,#659,#660,#661,#662,#663,#664,#665,#666,#667,#668,#669,
#670,#671,#672),.UNSPECIFIED.,.F.,.F.,(4,1,1,1,1,1,1,1,1,1,1,1,1,1,1,1,
1,1,1,1,1,1,1,1,1,1,1,1,1,1,1,1,1,1,1,1,1,1,1,1,1,1,1,1,1,1,1,1,1,1,1,1,
1,1,1,1,1,1,1,1,1,1,1,1,1,1,1,1,1,1,1,1,1,1,1,1,1,1,1,1,1,1,4),(0.113572539601137,
0.115512669802942,0.117452800004748,0.119392930206553,0.121333060408358,
0.12230312550926,0.123273190610163,0.125213320811968,0.127153451013773,
0.129093581215578,0.131033711417383,0.132973841619188,0.134913971820993,
0.136854102022798,0.138794232224603,0.140734362426408,0.142674492628213,
0.143644557729116,0.144614622830018,0.145584687930921,0.146554753031823,
0.148494883233628,0.150435013435434,0.152375143637239,0.154315273839044,
0.156255404040848,0.160135664444459,0.164015924848069,0.167896185251679,
0.169836315453484,0.171776445655289,0.175656706058899,0.179536966462509,
0.183417226866119,0.18729748726973,0.19117774767334,0.19505800807695,0.196998138278755,
0.19893826848056,0.20281852888417,0.20669878928778,0.210579049691391,0.214459310095,
0.21833957049861,0.220279700700415,0.22221983090222,0.226100091305831,0.229980351709441,
0.233860612113051,0.237740872516661,0.241621132920271,0.243561263122076,
0.245501393323882,0.247441523525686,0.249381653727492,0.253261914131101,
0.257142174534711,0.261022434938322,0.262962565140127,0.264902695341932,
0.266842825543737,0.268782955745542,0.272663216149152,0.276543476552762,
0.280423736956372,0.284303997359982,0.288184257763593,0.292064518167202,
0.295944778570813,0.299825038974423,0.307585559781643,0.315346080588863,
0.319226340992473,0.323106601396083,0.325046731597888,0.326986861799693,
0.330867122203303,0.334747382606914,0.338627643010524,0.346388163817744,
0.354148684624965,0.358028945028574,0.361909205432185),.UNSPECIFIED.);
#145=B_SPLINE_CURVE_WITH_KNOTS('',3,(#674,#675,#676,#677,#678,#679,#680,
#681,#682,#683,#684,#685,#686,#687,#688,#689,#690,#691,#692,#693,#694,#695,
#696,#697,#698,#699,#700,#701,#702,#703,#704,#705,#706,#707,#708,#709,#710,
#711,#712,#713,#714,#715,#716,#717,#718,#719,#720,#721,#722,#723,#724,#725,
#726,#727,#728,#729,#730,#731,#732,#733,#734,#735,#736,#737,#738,#739,#740,
#741,#742,#743,#744,#745,#746,#747,#748,#749,#750,#751,#752,#753,#754,#755,
#756,#757,#758),.UNSPECIFIED.,.F.,.F.,(4,1,1,1,1,1,1,1,1,1,1,1,1,1,1,1,
1,1,1,1,1,1,1,1,1,1,1,1,1,1,1,1,1,1,1,1,1,1,1,1,1,1,1,1,1,1,1,1,1,1,1,1,
1,1,1,1,1,1,1,1,1,1,1,1,1,1,1,1,1,1,1,1,1,1,1,1,1,1,1,1,1,1,4),(0.113572539601137,
0.115512669802942,0.117452800004748,0.119392930206553,0.121333060408358,
0.12230312550926,0.123273190610163,0.125213320811968,0.127153451013773,
0.129093581215578,0.131033711417383,0.132973841619188,0.134913971820993,
0.136854102022798,0.138794232224603,0.140734362426408,0.142674492628213,
0.143644557729116,0.144614622830018,0.145584687930921,0.146554753031823,
0.148494883233628,0.150435013435434,0.152375143637239,0.154315273839044,
0.156255404040848,0.160135664444459,0.164015924848069,0.167896185251679,
0.169836315453484,0.171776445655289,0.175656706058899,0.179536966462509,
0.183417226866119,0.18729748726973,0.19117774767334,0.19505800807695,0.196998138278755,
0.19893826848056,0.20281852888417,0.20669878928778,0.210579049691391,0.214459310095,
0.21833957049861,0.220279700700415,0.22221983090222,0.226100091305831,0.229980351709441,
0.233860612113051,0.237740872516661,0.241621132920271,0.243561263122076,
0.245501393323882,0.247441523525686,0.249381653727492,0.253261914131101,
0.257142174534711,0.261022434938322,0.262962565140127,0.264902695341932,
0.266842825543737,0.268782955745542,0.272663216149152,0.276543476552762,
0.280423736956372,0.284303997359982,0.288184257763593,0.292064518167202,
0.295944778570813,0.299825038974423,0.307585559781643,0.315346080588863,
0.319226340992473,0.323106601396083,0.325046731597888,0.326986861799693,
0.330867122203303,0.334747382606914,0.338627643010524,0.346388163817744,
0.354148684624965,0.358028945028574,0.361909205432185),.UNSPECIFIED.);
#146=B_SPLINE_CURVE_WITH_KNOTS('',3,(#909,#910,#911,#912,#913,#914,#915,
#916,#917,#918,#919,#920,#921,#922,#923,#924,#925,#926,#927,#928,#929,#930,
#931,#932,#933,#934,#935,#936,#937,#938,#939,#940,#941,#942,#943,#944,#945,
#946,#947,#948,#949,#950,#951,#952,#953,#954,#955,#956,#957,#958,#959,#960,
#961,#962,#963,#964,#965,#966,#967,#968,#969,#970,#971,#972,#973,#974,#975,
#976,#977,#978,#979,#980,#981,#982,#983,#984,#985,#986,#987,#988,#989,#990,
#991,#992,#993,#994,#995,#996,#997,#998,#999,#1000,#1001,#1002,#1003,#1004,
#1005,#1006,#1007,#1008,#1009,#1010,#1011,#1012,#1013,#1014,#1015,#1016,
#1017,#1018,#1019,#1020,#1021,#1022,#1023,#1024,#1025,#1026,#1027,#1028,
#1029,#1030,#1031,#1032),.UNSPECIFIED.,.F.,.F.,(4,1,1,1,1,1,1,1,1,1,1,1,
1,1,1,1,1,1,1,1,1,1,1,1,1,1,1,1,1,1,1,1,1,1,1,1,1,1,1,1,1,1,1,1,1,1,1,1,
1,1,1,1,1,1,1,1,1,1,1,1,1,1,1,1,1,1,1,1,1,1,1,1,1,1,1,1,1,1,1,1,1,1,1,1,
1,1,1,1,1,1,1,1,1,1,1,1,1,1,1,1,1,1,1,1,1,1,1,1,1,1,1,1,1,1,1,1,1,1,1,1,
1,4),(0.388077702324491,0.38977975948599,0.391481816647489,0.393183873808989,
0.394885930970488,0.395736959551237,0.396587988131987,0.397439016712737,
0.398290045293486,0.399992102454986,0.401694159616485,0.403396216777984,
0.405098273939483,0.408502388262482,0.411906502585481,0.415310616908479,
0.418714731231478,0.422118845554476,0.425522959877475,0.428927074200474,
0.432331188523472,0.43573530284647,0.439139417169469,0.442543531492468,
0.445947645815466,0.449351760138465,0.456159988784462,0.462968217430459,
0.469776446076456,0.476584674722453,0.48339290336845,0.490201132014447,
0.493605246337446,0.497009360660444,0.503817589306441,0.510625817952438,
0.517434046598435,0.524242275244432,0.527646389567431,0.531050503890429,
0.534454618213428,0.537858732536426,0.544666961182423,0.551475189828421,
0.558283418474418,0.561687532797416,0.565091647120415,0.568495761443413,
0.571899875766412,0.57530399008941,0.578708104412409,0.585516333058406,
0.592324561704403,0.5991327903504,0.602536904673399,0.604238961834898,0.605941018996397,
0.609345133319396,0.612749247642394,0.619557476288391,0.626365704934388,
0.629769819257387,0.633173933580385,0.636578047903384,0.639982162226383,
0.643386276549381,0.64679039087238,0.650194505195378,0.653598619518377,
0.657002733841375,0.660406848164374,0.663810962487372,0.665513019648871,
0.667215076810371,0.66891713397187,0.670619191133369,0.672321248294869,
0.674023305456368,0.677427419779366,0.680831534102365,0.684235648425363,
0.687639762748362,0.691043877071361,0.694447991394359,0.696150048555858,
0.697852105717358,0.701256220040356,0.704660334363355,0.708064448686353,
0.711468563009352,0.71487267733235,0.721680905978347,0.725085020301346,
0.728489134624344,0.735297363270341,0.742105591916338,0.748913820562336,
0.755722049208333,0.759126163531331,0.76253027785433,0.765934392177328,
0.769338506500327,0.776146735146324,0.779550849469322,0.782954963792321,
0.78635907811532,0.789763192438318,0.793167306761317,0.796571421084315,
0.798273478245814,0.799975535407314,0.801677592568813,0.803379649730312,
0.804230678311062,0.805081706891812,0.806783764053311,0.80848582121481,
0.810187878376309,0.813591992699308,0.816996107022306,0.820400221345305,
0.823804335668303),.UNSPECIFIED.);
#147=B_SPLINE_CURVE_WITH_KNOTS('',3,(#1034,#1035,#1036,#1037,#1038,#1039,
#1040,#1041,#1042,#1043,#1044,#1045,#1046,#1047,#1048,#1049,#1050,#1051,
#1052,#1053,#1054,#1055,#1056,#1057,#1058,#1059,#1060,#1061,#1062,#1063,
#1064,#1065,#1066,#1067,#1068,#1069,#1070,#1071,#1072,#1073,#1074,#1075,
#1076,#1077,#1078,#1079,#1080,#1081,#1082,#1083,#1084,#1085,#1086,#1087,
#1088,#1089,#1090,#1091,#1092,#1093,#1094,#1095,#1096,#1097,#1098,#1099,
#1100,#1101,#1102,#1103,#1104,#1105,#1106,#1107,#1108,#1109,#1110,#1111,
#1112,#1113,#1114,#1115,#1116,#1117,#1118,#1119,#1120,#1121,#1122,#1123,
#1124,#1125,#1126,#1127,#1128,#1129,#1130,#1131,#1132,#1133,#1134,#1135,
#1136,#1137,#1138,#1139,#1140,#1141,#1142,#1143,#1144,#1145,#1146,#1147,
#1148,#1149,#1150,#1151,#1152,#1153,#1154,#1155,#1156,#1157),
 .UNSPECIFIED.,.F.,.F.,(4,1,1,1,1,1,1,1,1,1,1,1,1,1,1,1,1,1,1,1,1,1,1,1,
1,1,1,1,1,1,1,1,1,1,1,1,1,1,1,1,1,1,1,1,1,1,1,1,1,1,1,1,1,1,1,1,1,1,1,1,
1,1,1,1,1,1,1,1,1,1,1,1,1,1,1,1,1,1,1,1,1,1,1,1,1,1,1,1,1,1,1,1,1,1,1,1,
1,1,1,1,1,1,1,1,1,1,1,1,1,1,1,1,1,1,1,1,1,1,1,1,1,4),(0.388077702324491,
0.38977975948599,0.391481816647489,0.393183873808989,0.394885930970488,
0.395736959551237,0.396587988131987,0.397439016712737,0.398290045293486,
0.399992102454986,0.401694159616485,0.403396216777984,0.405098273939483,
0.408502388262482,0.411906502585481,0.415310616908479,0.418714731231478,
0.422118845554476,0.425522959877475,0.428927074200474,0.432331188523472,
0.43573530284647,0.439139417169469,0.442543531492468,0.445947645815466,
0.449351760138465,0.456159988784462,0.462968217430459,0.469776446076456,
0.476584674722453,0.48339290336845,0.490201132014447,0.493605246337446,
0.497009360660444,0.503817589306441,0.510625817952438,0.517434046598435,
0.524242275244432,0.527646389567431,0.531050503890429,0.534454618213428,
0.537858732536426,0.544666961182423,0.551475189828421,0.558283418474418,
0.561687532797416,0.565091647120415,0.568495761443413,0.571899875766412,
0.57530399008941,0.578708104412409,0.585516333058406,0.592324561704403,
0.5991327903504,0.602536904673399,0.604238961834898,0.605941018996397,0.609345133319396,
0.612749247642394,0.619557476288391,0.626365704934388,0.629769819257387,
0.633173933580385,0.636578047903384,0.639982162226383,0.643386276549381,
0.64679039087238,0.650194505195378,0.653598619518377,0.657002733841375,
0.660406848164374,0.663810962487372,0.665513019648871,0.667215076810371,
0.66891713397187,0.670619191133369,0.672321248294869,0.674023305456368,
0.677427419779366,0.680831534102365,0.684235648425363,0.687639762748362,
0.691043877071361,0.694447991394359,0.696150048555858,0.697852105717358,
0.701256220040356,0.704660334363355,0.708064448686353,0.711468563009352,
0.71487267733235,0.721680905978347,0.725085020301346,0.728489134624344,
0.735297363270341,0.742105591916338,0.748913820562336,0.755722049208333,
0.759126163531331,0.76253027785433,0.765934392177328,0.769338506500327,
0.776146735146324,0.779550849469322,0.782954963792321,0.78635907811532,
0.789763192438318,0.793167306761317,0.796571421084315,0.798273478245814,
0.799975535407314,0.801677592568813,0.803379649730312,0.804230678311062,
0.805081706891812,0.806783764053311,0.80848582121481,0.810187878376309,
0.813591992699308,0.816996107022306,0.820400221345305,0.823804335668303),
 .UNSPECIFIED.);
#148=B_SPLINE_CURVE_WITH_KNOTS('',3,(#1190,#1191,#1192,#1193,#1194,#1195,
#1196,#1197,#1198,#1199,#1200,#1201,#1202,#1203,#1204,#1205,#1206,#1207,
#1208,#1209,#1210,#1211),.UNSPECIFIED.,.F.,.F.,(4,1,1,1,1,1,1,1,1,1,1,1,
1,1,1,1,1,1,1,4),(0.838686324455071,0.842974634576695,0.847262944698319,
0.851551254819943,0.853695409880755,0.855839564941567,0.857983720002379,
0.860127875063191,0.862272030124003,0.864416185184814,0.868704495306439,
0.872992805428062,0.877281115549686,0.88156942567131,0.885857735792934,
0.890146045914558,0.894434356036182,0.898722666157806,0.90301097627943,
0.907299286401054),.UNSPECIFIED.);
#149=B_SPLINE_CURVE_WITH_KNOTS('',3,(#1212,#1213,#1214,#1215,#1216,#1217,
#1218,#1219,#1220,#1221,#1222,#1223,#1224,#1225,#1226,#1227,#1228,#1229,
#1230,#1231,#1232,#1233),.UNSPECIFIED.,.F.,.F.,(4,1,1,1,1,1,1,1,1,1,1,1,
1,1,1,1,1,1,1,4),(0.838686324455071,0.842974634576695,0.847262944698319,
0.851551254819943,0.853695409880755,0.855839564941567,0.857983720002379,
0.860127875063191,0.862272030124003,0.864416185184814,0.868704495306439,
0.872992805428062,0.877281115549686,0.88156942567131,0.885857735792934,
0.890146045914558,0.894434356036182,0.898722666157806,0.90301097627943,
0.907299286401054),.UNSPECIFIED.);
#150=B_SPLINE_CURVE_WITH_KNOTS('',3,(#1310,#1311,#1312,#1313,#1314,#1315,
#1316,#1317,#1318,#1319,#1320,#1321,#1322,#1323,#1324,#1325,#1326,#1327,
#1328,#1329,#1330,#1331,#1332,#1333,#1334,#1335,#1336,#1337,#1338,#1339,
#1340,#1341,#1342,#1343,#1344,#1345,#1346,#1347),.UNSPECIFIED.,.T.,.F.,
(1,3,1,1,1,1,1,1,1,1,1,1,1,1,1,1,1,1,1,1,1,1,1,1,1,1,1,1,1,1,1,1,1,1,1,
1,3,1),(-0.0271572111268766,0.,0.026408119274617,0.0527870674349895,0.0678511688685663,
0.102367375630249,0.12247365316188,0.14531380711513,0.170254563670391,0.197285916452614,
0.22062003630169,0.245225620901973,0.265840259660453,0.287226856251374,
0.325777320773069,0.362423873453494,0.379135725695421,0.396547217660281,
0.418290379048897,0.439301624893896,0.492181468762034,0.5316315635676,0.570213199047711,
0.602848384565444,0.638168734024447,0.66826092791916,0.69679223159603,0.72396727255934,
0.767350101787242,0.803733379554533,0.829931826505208,0.857106870576221,
0.896661392060907,0.918810519332537,0.944189095889779,0.972842788873123,
1.,1.02640811927462),.UNSPECIFIED.);
#151=B_SPLINE_CURVE_WITH_KNOTS('',3,(#1349,#1350,#1351,#1352,#1353,#1354,
#1355,#1356,#1357,#1358,#1359,#1360,#1361,#1362,#1363,#1364,#1365,#1366,
#1367,#1368,#1369,#1370,#1371,#1372,#1373,#1374,#1375,#1376,#1377,#1378,
#1379,#1380,#1381,#1382,#1383,#1384,#1385,#1386),.UNSPECIFIED.,.T.,.F.,
(1,3,1,1,1,1,1,1,1,1,1,1,1,1,1,1,1,1,1,1,1,1,1,1,1,1,1,1,1,1,1,1,1,1,1,
1,3,1),(-0.0271572111268766,0.,0.026408119274617,0.0527870674349895,0.0678511688685663,
0.102367375630249,0.12247365316188,0.14531380711513,0.170254563670391,0.197285916452614,
0.22062003630169,0.245225620901973,0.265840259660453,0.287226856251374,
0.325777320773069,0.362423873453494,0.379135725695421,0.396547217660281,
0.418290379048897,0.439301624893896,0.492181468762034,0.5316315635676,0.570213199047711,
0.602848384565444,0.638168734024447,0.66826092791916,0.69679223159603,0.72396727255934,
0.767350101787242,0.803733379554533,0.829931826505208,0.857106870576221,
0.896661392060907,0.918810519332537,0.944189095889779,0.972842788873123,
1.,1.02640811927462),.UNSPECIFIED.);
#152=B_SPLINE_CURVE_WITH_KNOTS('',3,(#1390,#1391,#1392,#1393,#1394,#1395,
#1396,#1397,#1398,#1399,#1400,#1401,#1402,#1403,#1404,#1405,#1406,#1407,
#1408,#1409,#1410,#1411,#1412,#1413,#1414,#1415,#1416,#1417,#1418,#1419,
#1420,#1421,#1422,#1423,#1424,#1425,#1426,#1427,#1428,#1429,#1430,#1431,
#1432,#1433,#1434,#1435,#1436,#1437,#1438,#1439,#1440,#1441,#1442,#1443,
#1444,#1445,#1446,#1447,#1448,#1449,#1450,#1451,#1452,#1453,#1454,#1455,
#1456,#1457,#1458,#1459,#1460,#1461,#1462,#1463,#1464,#1465,#1466,#1467,
#1468,#1469,#1470,#1471,#1472,#1473,#1474,#1475,#1476,#1477,#1478,#1479,
#1480,#1481,#1482,#1483,#1484,#1485,#1486,#1487,#1488,#1489,#1490,#1491,
#1492,#1493,#1494,#1495,#1496,#1497,#1498,#1499,#1500,#1501,#1502,#1503,
#1504,#1505,#1506,#1507,#1508,#1509,#1510,#1511,#1512,#1513,#1514,#1515,
#1516,#1517,#1518,#1519,#1520,#1521,#1522,#1523,#1524,#1525,#1526,#1527,
#1528,#1529,#1530,#1531,#1532,#1533,#1534,#1535,#1536,#1537,#1538,#1539,
#1540,#1541,#1542,#1543),.UNSPECIFIED.,.F.,.F.,(4,1,1,1,1,1,1,1,1,1,1,1,
1,1,1,1,1,1,1,1,1,1,1,1,1,1,1,1,1,1,1,1,1,1,1,1,1,1,1,1,1,1,1,1,1,1,1,1,
1,1,1,1,1,1,1,1,1,1,1,1,1,1,1,1,1,1,1,1,1,1,1,1,1,1,1,1,1,1,1,1,1,1,1,1,
1,1,1,1,1,1,1,1,1,1,1,1,1,1,1,1,1,1,1,1,1,1,1,1,1,1,1,1,1,1,1,1,1,1,1,1,
1,1,1,1,1,1,1,1,1,1,1,1,1,1,1,1,1,1,1,1,1,1,1,1,1,1,1,1,1,1,1,4),(0.39839924467823,
0.399614329431579,0.400221871808254,0.400829414184929,0.401436956561603,
0.402044498938277,0.403259583691627,0.403867126068301,0.404474668444976,
0.405689753198326,0.408119922705024,0.409335007458373,0.410550092211722,
0.412980261718421,0.41419534647177,0.414802888848445,0.41541043122512,0.416625515978468,
0.417840600731818,0.418448143108492,0.419055685485167,0.420270770238517,
0.421485854991865,0.422700939745215,0.423916024498564,0.425131109251913,
0.425738651628588,0.426346194005263,0.427561278758612,0.428776363511961,
0.42999144826531,0.43120653301866,0.432421617772009,0.433636702525358,0.434851787278707,
0.436066872032057,0.437281956785406,0.438497041538755,0.439712126292104,
0.442142295798803,0.444572465305501,0.4470026348122,0.451862973825597,0.456723312838994,
0.461583651852391,0.466443990865788,0.471304329879185,0.476164668892582,
0.481025007905979,0.485885346919376,0.490745685932773,0.49560602494617,
0.500466363959568,0.505326702972964,0.510187041986361,0.515047380999758,
0.519907720013155,0.524768059026552,0.529628398039949,0.532058567546648,
0.534488737053347,0.539349076066744,0.544209415080141,0.549069754093538,
0.553930093106935,0.558790432120332,0.563650771133729,0.566080940640427,
0.567296025393776,0.568511110147126,0.569726194900475,0.570941279653824,
0.573371449160523,0.575801618667221,0.57823178817392,0.583092127187317,
0.587952466200714,0.590382635707412,0.592812805214111,0.595242974720809,
0.597673144227508,0.600103313734206,0.602533483240905,0.603748567994254,
0.604963652747603,0.607393822254302,0.609823991761,0.612254161267699,0.617114500281096,
0.621974839294493,0.62683517830789,0.631695517321287,0.634125686827986,
0.635340771581335,0.636555856334684,0.637770941088033,0.638986025841383,
0.640201110594732,0.641416195348081,0.64384636485478,0.646276534361478,
0.648706703868177,0.651136873374875,0.652351958128224,0.653567042881574,
0.654782127634923,0.655997212388272,0.657212297141621,0.658427381894971,
0.65964246664832,0.660857551401669,0.662072636155018,0.663287720908368,
0.664502805661717,0.665717890415066,0.666325432791741,0.666932975168415,
0.66754051754509,0.668148059921765,0.668755602298439,0.669363144675114,
0.669970687051789,0.670578229428463,0.671185771805138,0.671793314181812,
0.673008398935162,0.673615941311836,0.674223483688511,0.67543856844186,
0.67665365319521,0.677868737948559,0.680298907455257,0.681513992208607,
0.682729076961956,0.685159246468654,0.687589415975353,0.690019585482051,
0.691234670235401,0.69244975498875,0.693664839742099,0.694879924495448,
0.696095009248798,0.697310094002147,0.698525178755496,0.699740263508845,
0.700955348262195,0.702170433015544,0.703385517768893,0.704600602522242,
0.705815687275592,0.707030772028941,0.70946094153564),.UNSPECIFIED.);
#153=B_SPLINE_CURVE_WITH_KNOTS('',3,(#1546,#1547,#1548,#1549,#1550,#1551,
#1552,#1553,#1554,#1555,#1556,#1557,#1558,#1559,#1560,#1561,#1562),
 .UNSPECIFIED.,.F.,.F.,(4,1,1,1,1,1,1,1,1,1,1,1,1,1,4),(0.291255792992825,
0.297420397826914,0.303585002661004,0.309749607495095,0.312831909912139,
0.315914212329185,0.31899651474623,0.322078817163275,0.323619968371797,
0.32516111958032,0.326702270788843,0.328243421997365,0.33132572441441,0.334408026831455,
0.340572631665545),.UNSPECIFIED.);
#154=B_SPLINE_CURVE_WITH_KNOTS('',3,(#1564,#1565,#1566,#1567,#1568,#1569,
#1570,#1571,#1572,#1573,#1574,#1575,#1576,#1577,#1578,#1579,#1580,#1581,
#1582,#1583,#1584,#1585,#1586,#1587,#1588,#1589,#1590,#1591,#1592,#1593,
#1594,#1595,#1596,#1597,#1598,#1599,#1600,#1601,#1602,#1603,#1604,#1605,
#1606,#1607,#1608,#1609,#1610,#1611,#1612,#1613,#1614,#1615,#1616,#1617,
#1618,#1619,#1620,#1621,#1622,#1623,#1624,#1625,#1626,#1627,#1628,#1629,
#1630,#1631,#1632,#1633,#1634,#1635,#1636,#1637,#1638,#1639,#1640,#1641,
#1642,#1643,#1644,#1645,#1646,#1647,#1648),.UNSPECIFIED.,.F.,.F.,(4,1,1,
1,1,1,1,1,1,1,1,1,1,1,1,1,1,1,1,1,1,1,1,1,1,1,1,1,1,1,1,1,1,1,1,1,1,1,1,
1,1,1,1,1,1,1,1,1,1,1,1,1,1,1,1,1,1,1,1,1,1,1,1,1,1,1,1,1,1,1,1,1,1,1,1,
1,1,1,1,1,1,1,4),(0.13026235599168,0.132094968691723,0.133927581391765,
0.135760194091808,0.136676500441829,0.13759280679185,0.138509113141872,
0.138967266316882,0.139425419491893,0.140341725841914,0.140799879016925,
0.141258032191935,0.142174338541957,0.143090644891978,0.143548798066989,
0.144006951241999,0.14446510441701,0.14492325759202,0.145381410767031,0.145839563942042,
0.146297717117052,0.146755870292063,0.147214023467074,0.147672176642084,
0.148588482992105,0.149504789342127,0.149962942517137,0.150421095692148,
0.150879248867159,0.151337402042169,0.15179555521718,0.152253708392191,
0.152711861567201,0.153170014742212,0.154086321092233,0.155002627442255,
0.155918933792276,0.156835240142297,0.157751546492318,0.159584159192361,
0.160500465542382,0.161416771892403,0.163249384592446,0.165081997292488,
0.166914609992531,0.168747222692574,0.170579835392616,0.172412448092658,
0.174245060792701,0.177910286192786,0.181575511592871,0.185240736992956,
0.188905962393041,0.192571187793127,0.194403800493169,0.196236413193212,
0.198069025893254,0.199901638593297,0.201734251293339,0.203566863993382,
0.205399476693424,0.207232089393467,0.209064702093509,0.210897314793552,
0.214562540193636,0.216395152893679,0.218227765593721,0.219144071943743,
0.220060378293764,0.220976684643786,0.221892990993807,0.22372560369385,
0.225558216393892,0.227390829093934,0.229223441793977,0.232888667194062,
0.236553892594147,0.240219117994232,0.242051730694274,0.243884343394317,
0.244800649744339,0.245716956094359,0.247549568794402),.UNSPECIFIED.);
#155=B_SPLINE_CURVE_WITH_KNOTS('',3,(#1650,#1651,#1652,#1653,#1654,#1655,
#1656,#1657,#1658,#1659,#1660,#1661,#1662,#1663,#1664,#1665,#1666,#1667,
#1668,#1669,#1670,#1671,#1672,#1673,#1674,#1675,#1676,#1677,#1678,#1679,
#1680,#1681,#1682,#1683,#1684,#1685,#1686,#1687,#1688,#1689,#1690,#1691,
#1692,#1693,#1694,#1695,#1696,#1697,#1698,#1699,#1700,#1701,#1702,#1703,
#1704,#1705),.UNSPECIFIED.,.F.,.F.,(4,1,1,1,1,1,1,1,1,1,1,1,1,1,1,1,1,1,
1,1,1,1,1,1,1,1,1,1,1,1,1,1,1,1,1,1,1,1,1,1,1,1,1,1,1,1,1,1,1,1,1,1,1,4),
(0.988365819148842,0.991628394397659,0.994890969646477,0.998153544895294,
1.00141612014411,1.00467869539293,1.00794127064174,1.00957255826615,1.01120384589056,
1.01283513351497,1.01365077732717,1.01446642113938,1.01528206495158,1.01609770876379,
1.01691335257599,1.0177289963882,1.0185446402004,1.0193602840126,1.01976810591871,
1.02017592782481,1.02058374973091,1.02099157163701,1.02180721544922,1.02221503735532,
1.02262285926142,1.02343850307363,1.02384632497973,1.02425414688583,1.02466196879193,
1.02506979069803,1.02547761260414,1.02588543451024,1.02608934546329,1.02629325641634,
1.02649716736939,1.02670107832244,1.02710890022855,1.02751672213465,1.02833236594685,
1.02874018785295,1.02914800975906,1.02955583166516,1.02996365357126,1.03037147547736,
1.03077929738346,1.03159494119567,1.03241058500787,1.03281840691398,1.03322622882008,
1.03404187263228,1.03485751644449,1.03567316025669,1.0373044478811,1.04056702312992),
 .UNSPECIFIED.);
#156=B_SPLINE_CURVE_WITH_KNOTS('',3,(#1707,#1708,#1709,#1710,#1711,#1712,
#1713,#1714,#1715,#1716,#1717,#1718,#1719,#1720,#1721,#1722,#1723,#1724,
#1725,#1726,#1727,#1728,#1729,#1730,#1731,#1732,#1733,#1734,#1735,#1736,
#1737,#1738,#1739,#1740,#1741,#1742,#1743,#1744,#1745,#1746,#1747,#1748,
#1749,#1750,#1751,#1752,#1753,#1754,#1755,#1756,#1757,#1758,#1759,#1760,
#1761,#1762,#1763,#1764,#1765,#1766,#1767,#1768,#1769,#1770,#1771,#1772,
#1773,#1774,#1775,#1776,#1777,#1778,#1779,#1780,#1781,#1782,#1783,#1784,
#1785,#1786,#1787,#1788,#1789,#1790,#1791,#1792,#1793,#1794,#1795,#1796,
#1797,#1798,#1799,#1800,#1801,#1802,#1803,#1804,#1805,#1806,#1807,#1808,
#1809,#1810,#1811,#1812,#1813,#1814,#1815,#1816,#1817,#1818,#1819,#1820,
#1821,#1822,#1823,#1824,#1825,#1826,#1827,#1828,#1829,#1830,#1831,#1832,
#1833,#1834,#1835,#1836,#1837,#1838,#1839,#1840,#1841,#1842,#1843,#1844,
#1845,#1846,#1847,#1848,#1849,#1850,#1851,#1852,#1853,#1854,#1855,#1856,
#1857,#1858,#1859,#1860),.UNSPECIFIED.,.F.,.F.,(4,1,1,1,1,1,1,1,1,1,1,1,
1,1,1,1,1,1,1,1,1,1,1,1,1,1,1,1,1,1,1,1,1,1,1,1,1,1,1,1,1,1,1,1,1,1,1,1,
1,1,1,1,1,1,1,1,1,1,1,1,1,1,1,1,1,1,1,1,1,1,1,1,1,1,1,1,1,1,1,1,1,1,1,1,
1,1,1,1,1,1,1,1,1,1,1,1,1,1,1,1,1,1,1,1,1,1,1,1,1,1,1,1,1,1,1,1,1,1,1,1,
1,1,1,1,1,1,1,1,1,1,1,1,1,1,1,1,1,1,1,1,1,1,1,1,1,1,1,1,1,1,1,4),(0.39839924467823,
0.399614329431579,0.400221871808254,0.400829414184929,0.401436956561603,
0.402044498938277,0.403259583691627,0.403867126068301,0.404474668444976,
0.405689753198326,0.408119922705024,0.409335007458373,0.410550092211722,
0.412980261718421,0.41419534647177,0.414802888848445,0.41541043122512,0.416625515978468,
0.417840600731818,0.418448143108492,0.419055685485167,0.420270770238517,
0.421485854991865,0.422700939745215,0.423916024498564,0.425131109251913,
0.425738651628588,0.426346194005263,0.427561278758612,0.428776363511961,
0.42999144826531,0.43120653301866,0.432421617772009,0.433636702525358,0.434851787278707,
0.436066872032057,0.437281956785406,0.438497041538755,0.439712126292104,
0.442142295798803,0.444572465305501,0.4470026348122,0.451862973825597,0.456723312838994,
0.461583651852391,0.466443990865788,0.471304329879185,0.476164668892582,
0.481025007905979,0.485885346919376,0.490745685932773,0.49560602494617,
0.500466363959568,0.505326702972964,0.510187041986361,0.515047380999758,
0.519907720013155,0.524768059026552,0.529628398039949,0.532058567546648,
0.534488737053347,0.539349076066744,0.544209415080141,0.549069754093538,
0.553930093106935,0.558790432120332,0.563650771133729,0.566080940640427,
0.567296025393776,0.568511110147126,0.569726194900475,0.570941279653824,
0.573371449160523,0.575801618667221,0.57823178817392,0.583092127187317,
0.587952466200714,0.590382635707412,0.592812805214111,0.595242974720809,
0.597673144227508,0.600103313734206,0.602533483240905,0.603748567994254,
0.604963652747603,0.607393822254302,0.609823991761,0.612254161267699,0.617114500281096,
0.621974839294493,0.62683517830789,0.631695517321287,0.634125686827986,
0.635340771581335,0.636555856334684,0.637770941088033,0.638986025841383,
0.640201110594732,0.641416195348081,0.64384636485478,0.646276534361478,
0.648706703868177,0.651136873374875,0.652351958128224,0.653567042881574,
0.654782127634923,0.655997212388272,0.657212297141621,0.658427381894971,
0.65964246664832,0.660857551401669,0.662072636155018,0.663287720908368,
0.664502805661717,0.665717890415066,0.666325432791741,0.666932975168415,
0.66754051754509,0.668148059921765,0.668755602298439,0.669363144675114,
0.669970687051789,0.670578229428463,0.671185771805138,0.671793314181812,
0.673008398935162,0.673615941311836,0.674223483688511,0.67543856844186,
0.67665365319521,0.677868737948559,0.680298907455257,0.681513992208607,
0.682729076961956,0.685159246468654,0.687589415975353,0.690019585482051,
0.691234670235401,0.69244975498875,0.693664839742099,0.694879924495448,
0.696095009248798,0.697310094002147,0.698525178755496,0.699740263508845,
0.700955348262195,0.702170433015544,0.703385517768893,0.704600602522242,
0.705815687275592,0.707030772028941,0.70946094153564),.UNSPECIFIED.);
#157=B_SPLINE_CURVE_WITH_KNOTS('',3,(#1863,#1864,#1865,#1866,#1867,#1868,
#1869,#1870,#1871,#1872,#1873,#1874,#1875,#1876,#1877,#1878,#1879,#1880,
#1881,#1882,#1883,#1884,#1885,#1886,#1887,#1888,#1889,#1890,#1891,#1892,
#1893,#1894,#1895,#1896,#1897,#1898,#1899,#1900,#1901,#1902,#1903,#1904,
#1905,#1906,#1907,#1908,#1909,#1910,#1911,#1912,#1913,#1914,#1915,#1916,
#1917,#1918),.UNSPECIFIED.,.F.,.F.,(4,1,1,1,1,1,1,1,1,1,1,1,1,1,1,1,1,1,
1,1,1,1,1,1,1,1,1,1,1,1,1,1,1,1,1,1,1,1,1,1,1,1,1,1,1,1,1,1,1,1,1,1,1,4),
(0.988365819148842,0.991628394397659,0.994890969646477,0.998153544895294,
1.00141612014411,1.00467869539293,1.00794127064174,1.00957255826615,1.01120384589056,
1.01283513351497,1.01365077732717,1.01446642113938,1.01528206495158,1.01609770876379,
1.01691335257599,1.0177289963882,1.0185446402004,1.0193602840126,1.01976810591871,
1.02017592782481,1.02058374973091,1.02099157163701,1.02180721544922,1.02221503735532,
1.02262285926142,1.02343850307363,1.02384632497973,1.02425414688583,1.02466196879193,
1.02506979069803,1.02547761260414,1.02588543451024,1.02608934546329,1.02629325641634,
1.02649716736939,1.02670107832244,1.02710890022855,1.02751672213465,1.02833236594685,
1.02874018785295,1.02914800975906,1.02955583166516,1.02996365357126,1.03037147547736,
1.03077929738346,1.03159494119567,1.03241058500787,1.03281840691398,1.03322622882008,
1.03404187263228,1.03485751644449,1.03567316025669,1.0373044478811,1.04056702312992),
 .UNSPECIFIED.);
#158=B_SPLINE_CURVE_WITH_KNOTS('',3,(#1920,#1921,#1922,#1923,#1924,#1925,
#1926,#1927,#1928,#1929,#1930,#1931,#1932,#1933,#1934,#1935,#1936,#1937,
#1938,#1939,#1940,#1941,#1942,#1943,#1944,#1945,#1946,#1947,#1948,#1949,
#1950,#1951,#1952,#1953,#1954,#1955,#1956,#1957,#1958,#1959,#1960,#1961,
#1962,#1963,#1964,#1965,#1966,#1967,#1968,#1969,#1970,#1971,#1972,#1973,
#1974,#1975,#1976,#1977,#1978,#1979,#1980,#1981,#1982,#1983,#1984,#1985,
#1986,#1987,#1988,#1989,#1990,#1991,#1992,#1993,#1994,#1995,#1996,#1997,
#1998,#1999,#2000,#2001,#2002,#2003,#2004),.UNSPECIFIED.,.F.,.F.,(4,1,1,
1,1,1,1,1,1,1,1,1,1,1,1,1,1,1,1,1,1,1,1,1,1,1,1,1,1,1,1,1,1,1,1,1,1,1,1,
1,1,1,1,1,1,1,1,1,1,1,1,1,1,1,1,1,1,1,1,1,1,1,1,1,1,1,1,1,1,1,1,1,1,1,1,
1,1,1,1,1,1,1,4),(0.13026235599168,0.132094968691723,0.133927581391765,
0.135760194091808,0.136676500441829,0.13759280679185,0.138509113141872,
0.138967266316882,0.139425419491893,0.140341725841914,0.140799879016925,
0.141258032191935,0.142174338541957,0.143090644891978,0.143548798066989,
0.144006951241999,0.14446510441701,0.14492325759202,0.145381410767031,0.145839563942042,
0.146297717117052,0.146755870292063,0.147214023467074,0.147672176642084,
0.148588482992105,0.149504789342127,0.149962942517137,0.150421095692148,
0.150879248867159,0.151337402042169,0.15179555521718,0.152253708392191,
0.152711861567201,0.153170014742212,0.154086321092233,0.155002627442255,
0.155918933792276,0.156835240142297,0.157751546492318,0.159584159192361,
0.160500465542382,0.161416771892403,0.163249384592446,0.165081997292488,
0.166914609992531,0.168747222692574,0.170579835392616,0.172412448092658,
0.174245060792701,0.177910286192786,0.181575511592871,0.185240736992956,
0.188905962393041,0.192571187793127,0.194403800493169,0.196236413193212,
0.198069025893254,0.199901638593297,0.201734251293339,0.203566863993382,
0.205399476693424,0.207232089393467,0.209064702093509,0.210897314793552,
0.214562540193636,0.216395152893679,0.218227765593721,0.219144071943743,
0.220060378293764,0.220976684643786,0.221892990993807,0.22372560369385,
0.225558216393892,0.227390829093934,0.229223441793977,0.232888667194062,
0.236553892594147,0.240219117994232,0.242051730694274,0.243884343394317,
0.244800649744339,0.245716956094359,0.247549568794402),.UNSPECIFIED.);
#159=B_SPLINE_CURVE_WITH_KNOTS('',3,(#2006,#2007,#2008,#2009,#2010,#2011,
#2012,#2013,#2014,#2015,#2016,#2017,#2018,#2019,#2020,#2021,#2022),
 .UNSPECIFIED.,.F.,.F.,(4,1,1,1,1,1,1,1,1,1,1,1,1,1,4),(0.291255792992825,
0.297420397826914,0.303585002661004,0.309749607495095,0.312831909912139,
0.315914212329185,0.31899651474623,0.322078817163275,0.323619968371797,
0.32516111958032,0.326702270788843,0.328243421997365,0.33132572441441,0.334408026831455,
0.340572631665545),.UNSPECIFIED.);
#160=EDGE_LOOP('',(#33,#34,#35,#36));
#161=EDGE_LOOP('',(#37,#38,#39,#40));
#162=EDGE_LOOP('',(#41,#42,#43,#44));
#163=EDGE_LOOP('',(#45,#46,#47,#48));
#164=EDGE_LOOP('',(#49,#50,#51,#52));
#165=EDGE_LOOP('',(#53));
#166=EDGE_LOOP('',(#54));
#167=EDGE_LOOP('',(#55,#56,#57,#58,#59));
#168=EDGE_LOOP('',(#60));
#169=EDGE_LOOP('',(#61));
#170=EDGE_LOOP('',(#62,#63,#64,#65));
#171=EDGE_LOOP('',(#66,#67,#68,#69,#70));
#172=EDGE_LOOP('',(#71,#72,#73,#74));
#173=EDGE_LOOP('',(#75,#76,#77,#78));
#174=EDGE_LOOP('',(#79,#80,#81,#82));
#175=EDGE_LOOP('',(#83,#84,#85,#86));
#176=EDGE_LOOP('',(#87,#88,#89,#90));
#177=FACE_BOUND('',#160,.T.);
#178=FACE_BOUND('',#161,.T.);
#179=FACE_BOUND('',#162,.T.);
#180=FACE_BOUND('',#163,.T.);
#181=FACE_BOUND('',#164,.T.);
#182=FACE_BOUND('',#165,.T.);
#183=FACE_BOUND('',#166,.T.);
#184=FACE_BOUND('',#167,.T.);
#185=FACE_BOUND('',#168,.T.);
#186=FACE_BOUND('',#169,.T.);
#187=FACE_BOUND('',#170,.T.);
#188=FACE_BOUND('',#171,.T.);
#189=FACE_BOUND('',#172,.T.);
#190=FACE_BOUND('',#173,.T.);
#191=FACE_BOUND('',#174,.T.);
#192=FACE_BOUND('',#175,.T.);
#193=FACE_BOUND('',#176,.T.);
#194=B_SPLINE_SURFACE_WITH_KNOTS('',3,1,((#251,#252),(#253,#254),(#255,
#256),(#257,#258),(#259,#260),(#261,#262),(#263,#264),(#265,#266),(#267,
#268),(#269,#270),(#271,#272),(#273,#274),(#275,#276),(#277,#278),(#279,
#280),(#281,#282),(#283,#284),(#285,#286),(#287,#288),(#289,#290),(#291,
#292),(#293,#294),(#295,#296),(#297,#298),(#299,#300),(#301,#302),(#303,
#304),(#305,#306),(#307,#308),(#309,#310),(#311,#312),(#313,#314),(#315,
#316),(#317,#318),(#319,#320),(#321,#322),(#323,#324)),
 .SURF_OF_LINEAR_EXTRUSION.,.F.,.F.,.F.,(4,1,1,1,1,1,1,1,1,1,1,1,1,1,1,
1,1,1,1,1,1,1,1,1,1,1,1,1,1,1,1,1,1,1,4),(2,2),(0.924307926312654,0.932469908197186,
0.936550899139453,0.940631890081719,0.942672385552852,0.944712881023985,
0.948793871966251,0.952874862908517,0.956955853850783,0.965117835735316,
0.969198826677582,0.973279817619848,0.977360808562114,0.98144179950438,
0.989603781388913,0.997765763273445,1.00184675421571,1.00592774515798,1.01000873610024,
1.01408972704251,1.01817071798478,1.02021121345591,1.02225170892704,1.02429220439818,
1.02633269986931,1.02837319534044,1.03041369081157,1.03245418628271,1.03449468175384,
1.03857567269611,1.04265666363837,1.04673765458064,1.05081864552291,1.05285914099404,
1.05489963646517),(0.,1.),.UNSPECIFIED.);
#195=B_SPLINE_SURFACE_WITH_KNOTS('',3,1,((#459,#460),(#461,#462),(#463,
#464),(#465,#466),(#467,#468),(#469,#470)),.SURF_OF_LINEAR_EXTRUSION.,.F.,
 .F.,.F.,(4,1,1,4),(2,2),(0.0759815810174172,0.0871911095602148,0.0927958738316135,
0.0984006381030123),(0.,1.),.UNSPECIFIED.);
#196=B_SPLINE_SURFACE_WITH_KNOTS('',3,1,((#490,#491),(#492,#493),(#494,
#495),(#496,#497),(#498,#499),(#500,#501),(#502,#503),(#504,#505),(#506,
#507),(#508,#509),(#510,#511),(#512,#513),(#514,#515),(#516,#517),(#518,
#519),(#520,#521),(#522,#523),(#524,#525),(#526,#527),(#528,#529),(#530,
#531),(#532,#533),(#534,#535),(#536,#537),(#538,#539),(#540,#541),(#542,
#543),(#544,#545),(#546,#547),(#548,#549),(#550,#551),(#552,#553),(#554,
#555),(#556,#557),(#558,#559),(#560,#561),(#562,#563),(#564,#565),(#566,
#567),(#568,#569),(#570,#571),(#572,#573),(#574,#575),(#576,#577),(#578,
#579),(#580,#581),(#582,#583),(#584,#585),(#586,#587)),
 .SURF_OF_LINEAR_EXTRUSION.,.F.,.F.,.F.,(4,1,1,1,1,1,1,1,1,1,1,1,1,1,1,
1,1,1,1,1,1,1,1,1,1,1,1,1,1,1,1,1,1,1,1,1,1,1,1,1,1,1,1,1,1,1,4),(2,2),
(0.113572539601137,0.117452800004748,0.121333060408358,0.123273190610163,
0.125213320811968,0.129093581215578,0.132973841619188,0.136854102022798,
0.140734362426408,0.142674492628213,0.144614622830018,0.146554753031823,
0.148494883233628,0.150435013435433,0.152375143637238,0.156255404040849,
0.160135664444459,0.164015924848069,0.167896185251679,0.175656706058899,
0.183417226866119,0.19117774767334,0.19505800807695,0.19893826848056,0.20669878928778,
0.214459310095,0.21833957049861,0.222219830902221,0.229980351709441,0.237740872516661,
0.245501393323881,0.253261914131101,0.261022434938322,0.264902695341932,
0.268782955745542,0.276543476552762,0.284303997359982,0.292064518167203,
0.299825038974423,0.307585559781643,0.315346080588863,0.323106601396083,
0.330867122203304,0.338627643010524,0.346388163817744,0.354148684624964,
0.361909205432185),(0.,1.),.UNSPECIFIED.);
#197=B_SPLINE_SURFACE_WITH_KNOTS('',3,1,((#761,#762),(#763,#764),(#765,
#766),(#767,#768),(#769,#770),(#771,#772),(#773,#774),(#775,#776),(#777,
#778),(#779,#780),(#781,#782),(#783,#784),(#785,#786),(#787,#788),(#789,
#790),(#791,#792),(#793,#794),(#795,#796),(#797,#798),(#799,#800),(#801,
#802),(#803,#804),(#805,#806),(#807,#808),(#809,#810),(#811,#812),(#813,
#814),(#815,#816),(#817,#818),(#819,#820),(#821,#822),(#823,#824),(#825,
#826),(#827,#828),(#829,#830),(#831,#832),(#833,#834),(#835,#836),(#837,
#838),(#839,#840),(#841,#842),(#843,#844),(#845,#846),(#847,#848),(#849,
#850),(#851,#852),(#853,#854),(#855,#856),(#857,#858),(#859,#860),(#861,
#862),(#863,#864),(#865,#866),(#867,#868),(#869,#870),(#871,#872),(#873,
#874),(#875,#876),(#877,#878),(#879,#880),(#881,#882),(#883,#884),(#885,
#886),(#887,#888),(#889,#890),(#891,#892),(#893,#894),(#895,#896),(#897,
#898),(#899,#900),(#901,#902),(#903,#904),(#905,#906),(#907,#908)),
 .SURF_OF_LINEAR_EXTRUSION.,.F.,.F.,.F.,(4,1,1,1,1,1,1,1,1,1,1,1,1,1,1,
1,1,1,1,1,1,1,1,1,1,1,1,1,1,1,1,1,1,1,1,1,1,1,1,1,1,1,1,1,1,1,1,1,1,1,1,
1,1,1,1,1,1,1,1,1,1,1,1,1,1,1,1,1,1,1,1,4),(2,2),(0.388077702324491,0.39148181664749,
0.394885930970488,0.396587988131987,0.398290045293487,0.401694159616485,
0.405098273939484,0.408502388262482,0.411906502585481,0.415310616908479,
0.418714731231478,0.422118845554476,0.425522959877475,0.428927074200473,
0.432331188523472,0.43573530284647,0.442543531492468,0.449351760138465,
0.456159988784462,0.469776446076456,0.48339290336845,0.490201132014447,
0.497009360660444,0.510625817952438,0.524242275244432,0.531050503890429,
0.537858732536426,0.55147518982842,0.558283418474418,0.565091647120415,
0.571899875766412,0.578708104412409,0.585516333058406,0.592324561704403,
0.5991327903504,0.605941018996397,0.619557476288391,0.633173933580385,0.639982162226382,
0.646790390872379,0.653598619518376,0.657002733841375,0.660406848164373,
0.663810962487372,0.667215076810371,0.670619191133369,0.674023305456368,
0.677427419779366,0.680831534102365,0.687639762748362,0.694447991394359,
0.701256220040356,0.708064448686353,0.71487267733235,0.721680905978347,
0.728489134624344,0.742105591916338,0.755722049208332,0.762530277854329,
0.769338506500326,0.776146735146323,0.782954963792321,0.789763192438318,
0.793167306761316,0.796571421084315,0.799975535407313,0.803379649730312,
0.80678376405331,0.810187878376309,0.813591992699307,0.816996107022306,
0.823804335668303),(0.,1.),.UNSPECIFIED.);
#198=B_SPLINE_SURFACE_WITH_KNOTS('',3,1,((#1160,#1161),(#1162,#1163),(#1164,
#1165),(#1166,#1167),(#1168,#1169),(#1170,#1171),(#1172,#1173),(#1174,#1175),
(#1176,#1177),(#1178,#1179),(#1180,#1181),(#1182,#1183),(#1184,#1185),(#1186,
#1187),(#1188,#1189)),.SURF_OF_LINEAR_EXTRUSION.,.F.,.F.,.F.,(4,1,1,1,1,
1,1,1,1,1,1,1,4),(2,2),(0.838686324455071,0.842974634576695,0.847262944698319,
0.851551254819943,0.855839564941567,0.860127875063191,0.864416185184815,
0.868704495306438,0.872992805428062,0.88156942567131,0.890146045914558,
0.898722666157806,0.907299286401054),(0.,1.),.UNSPECIFIED.);
#199=B_SPLINE_SURFACE_WITH_KNOTS('',3,1,((#1234,#1235),(#1236,#1237),(#1238,
#1239),(#1240,#1241),(#1242,#1243),(#1244,#1245),(#1246,#1247),(#1248,#1249),
(#1250,#1251),(#1252,#1253),(#1254,#1255),(#1256,#1257),(#1258,#1259),(#1260,
#1261),(#1262,#1263),(#1264,#1265),(#1266,#1267),(#1268,#1269),(#1270,#1271),
(#1272,#1273),(#1274,#1275),(#1276,#1277),(#1278,#1279),(#1280,#1281),(#1282,
#1283),(#1284,#1285),(#1286,#1287),(#1288,#1289),(#1290,#1291),(#1292,#1293),
(#1294,#1295),(#1296,#1297),(#1298,#1299),(#1300,#1301),(#1302,#1303),(#1304,
#1305),(#1306,#1307),(#1308,#1309)),.SURF_OF_LINEAR_EXTRUSION.,.T.,.F.,
 .F.,(1,3,1,1,1,1,1,1,1,1,1,1,1,1,1,1,1,1,1,1,1,1,1,1,1,1,1,1,1,1,1,1,1,
1,1,1,3,1),(2,2),(-0.0271572111268766,0.,0.026408119274617,0.0527870674349895,
0.0678511688685663,0.102367375630249,0.12247365316188,0.14531380711513,
0.170254563670391,0.197285916452614,0.22062003630169,0.245225620901973,
0.265840259660453,0.287226856251374,0.325777320773069,0.362423873453494,
0.379135725695421,0.396547217660281,0.418290379048897,0.439301624893896,
0.492181468762034,0.5316315635676,0.570213199047711,0.602848384565444,0.638168734024447,
0.66826092791916,0.69679223159603,0.72396727255934,0.767350101787242,0.803733379554533,
0.829931826505208,0.857106870576221,0.896661392060907,0.918810519332537,
0.944189095889779,0.972842788873123,1.,1.02640811927462),(0.,1.),
 .UNSPECIFIED.);
#200=B_SPLINE_SURFACE_WITH_KNOTS('',3,1,((#2023,#2024),(#2025,#2026),(#2027,
#2028),(#2029,#2030),(#2031,#2032),(#2033,#2034),(#2035,#2036),(#2037,#2038),
(#2039,#2040),(#2041,#2042),(#2043,#2044),(#2045,#2046),(#2047,#2048),(#2049,
#2050),(#2051,#2052),(#2053,#2054),(#2055,#2056),(#2057,#2058),(#2059,#2060),
(#2061,#2062),(#2063,#2064),(#2065,#2066),(#2067,#2068),(#2069,#2070),(#2071,
#2072),(#2073,#2074),(#2075,#2076),(#2077,#2078),(#2079,#2080),(#2081,#2082),
(#2083,#2084),(#2085,#2086),(#2087,#2088),(#2089,#2090),(#2091,#2092),(#2093,
#2094),(#2095,#2096),(#2097,#2098),(#2099,#2100),(#2101,#2102),(#2103,#2104),
(#2105,#2106),(#2107,#2108),(#2109,#2110),(#2111,#2112),(#2113,#2114),(#2115,
#2116),(#2117,#2118),(#2119,#2120),(#2121,#2122),(#2123,#2124),(#2125,#2126),
(#2127,#2128),(#2129,#2130),(#2131,#2132),(#2133,#2134),(#2135,#2136),(#2137,
#2138),(#2139,#2140),(#2141,#2142),(#2143,#2144),(#2145,#2146),(#2147,#2148),
(#2149,#2150),(#2151,#2152),(#2153,#2154),(#2155,#2156),(#2157,#2158)),
 .SURF_OF_LINEAR_EXTRUSION.,.F.,.F.,.F.,(4,1,1,1,1,1,1,1,1,1,1,1,1,1,1,
1,1,1,1,1,1,1,1,1,1,1,1,1,1,1,1,1,1,1,1,1,1,1,1,1,1,1,1,1,1,1,1,1,1,1,1,
1,1,1,1,1,1,1,1,1,1,1,1,1,1,4),(2,2),(0.39839924467823,0.400829414184929,
0.403259583691627,0.405689753198326,0.408119922705024,0.412980261718421,
0.417840600731818,0.420270770238517,0.422700939745215,0.425131109251914,
0.426346194005263,0.427561278758612,0.429991448265311,0.432421617772009,
0.437281956785406,0.442142295798803,0.4470026348122,0.451862973825597,0.456723312838994,
0.466443990865788,0.476164668892582,0.485885346919377,0.495606024946171,
0.505326702972965,0.515047380999759,0.524768059026553,0.52962839803995,
0.534488737053347,0.544209415080141,0.553930093106935,0.558790432120332,
0.563650771133729,0.568511110147126,0.573371449160523,0.57823178817392,
0.583092127187317,0.587952466200714,0.592812805214111,0.597673144227508,
0.602533483240905,0.607393822254302,0.612254161267699,0.617114500281096,
0.621974839294493,0.62683517830789,0.631695517321287,0.636555856334684,
0.641416195348081,0.646276534361478,0.651136873374876,0.655997212388273,
0.658427381894971,0.66085755140167,0.663287720908368,0.665717890415067,
0.668148059921765,0.670578229428464,0.673008398935162,0.675438568441861,
0.680298907455258,0.685159246468655,0.690019585482052,0.694879924495449,
0.699740263508846,0.704600602522243,0.70946094153564),(0.,1.),
 .UNSPECIFIED.);
#201=B_SPLINE_SURFACE_WITH_KNOTS('',3,1,((#2161,#2162),(#2163,#2164),(#2165,
#2166),(#2167,#2168),(#2169,#2170),(#2171,#2172),(#2173,#2174),(#2175,#2176),
(#2177,#2178),(#2179,#2180),(#2181,#2182),(#2183,#2184),(#2185,#2186),(#2187,
#2188),(#2189,#2190),(#2191,#2192),(#2193,#2194),(#2195,#2196),(#2197,#2198),
(#2199,#2200),(#2201,#2202),(#2203,#2204),(#2205,#2206)),
 .SURF_OF_LINEAR_EXTRUSION.,.F.,.F.,.F.,(4,1,1,1,1,1,1,1,1,1,1,1,1,1,1,
1,1,1,1,1,4),(2,2),(0.988365819148842,0.994890969646476,1.00141612014411,
1.00467869539293,1.00794127064174,1.01120384589056,1.01446642113938,1.0177289963882,
1.0193602840126,1.02099157163701,1.02262285926142,1.02425414688583,1.02588543451024,
1.02670107832244,1.02751672213465,1.02914800975906,1.03077929738346,1.03241058500787,
1.03404187263228,1.0373044478811,1.04056702312992),(0.,1.),
 .UNSPECIFIED.);
#202=B_SPLINE_SURFACE_WITH_KNOTS('',3,1,((#2208,#2209),(#2210,#2211),(#2212,
#2213),(#2214,#2215),(#2216,#2217),(#2218,#2219),(#2220,#2221),(#2222,#2223),
(#2224,#2225),(#2226,#2227),(#2228,#2229),(#2230,#2231),(#2232,#2233),(#2234,
#2235),(#2236,#2237),(#2238,#2239),(#2240,#2241),(#2242,#2243),(#2244,#2245),
(#2246,#2247),(#2248,#2249),(#2250,#2251),(#2252,#2253),(#2254,#2255),(#2256,
#2257),(#2258,#2259),(#2260,#2261),(#2262,#2263),(#2264,#2265),(#2266,#2267),
(#2268,#2269),(#2270,#2271),(#2272,#2273),(#2274,#2275),(#2276,#2277),(#2278,
#2279),(#2280,#2281),(#2282,#2283),(#2284,#2285)),
 .SURF_OF_LINEAR_EXTRUSION.,.F.,.F.,.F.,(4,1,1,1,1,1,1,1,1,1,1,1,1,1,1,
1,1,1,1,1,1,1,1,1,1,1,1,1,1,1,1,1,1,1,1,1,4),(2,2),(0.13026235599168,0.133927581391765,
0.13759280679185,0.139425419491893,0.141258032191935,0.143090644891978,
0.144006951241999,0.14492325759202,0.146755870292063,0.148588482992105,
0.150421095692148,0.152253708392191,0.154086321092233,0.155918933792276,
0.159584159192361,0.163249384592446,0.166914609992531,0.170579835392616,
0.174245060792701,0.181575511592871,0.188905962393041,0.192571187793126,
0.196236413193211,0.199901638593296,0.203566863993381,0.207232089393466,
0.210897314793551,0.214562540193636,0.218227765593722,0.221892990993807,
0.225558216393892,0.229223441793977,0.232888667194062,0.236553892594147,
0.240219117994232,0.243884343394317,0.247549568794402),(0.,1.),
 .UNSPECIFIED.);
#203=B_SPLINE_SURFACE_WITH_KNOTS('',3,1,((#2287,#2288),(#2289,#2290),(#2291,
#2292),(#2293,#2294),(#2295,#2296),(#2297,#2298),(#2299,#2300),(#2301,#2302),
(#2303,#2304),(#2305,#2306),(#2307,#2308)),.SURF_OF_LINEAR_EXTRUSION.,.F.,
 .F.,.F.,(4,1,1,1,1,1,1,1,4),(2,2),(0.291255792992825,0.303585002661005,
0.309749607495095,0.315914212329185,0.322078817163275,0.32516111958032,
0.328243421997365,0.334408026831455,0.340572631665545),(0.,1.),
 .UNSPECIFIED.);
#204=ADVANCED_FACE('',(#177),#194,.T.);
#205=ADVANCED_FACE('',(#178),#195,.T.);
#206=ADVANCED_FACE('',(#179),#196,.T.);
#207=ADVANCED_FACE('',(#180),#197,.T.);
#208=ADVANCED_FACE('',(#181),#198,.T.);
#209=ADVANCED_FACE('',(#182,#183),#199,.F.);
#210=ADVANCED_FACE('',(#184,#185),#12,.T.);
#211=ADVANCED_FACE('',(#186,#187),#13,.T.);
#212=ADVANCED_FACE('',(#188,#189),#14,.F.);
#213=ADVANCED_FACE('',(#190),#200,.T.);
#214=ADVANCED_FACE('',(#191),#201,.T.);
#215=ADVANCED_FACE('',(#192),#202,.T.);
#216=ADVANCED_FACE('',(#193),#203,.T.);
#217=CLOSED_SHELL('',(#204,#205,#206,#207,#208,#209,#210,#211,#212,#213,
#214,#215,#216));
#218=STYLED_ITEM('',(#219),#226);
#219=PRESENTATION_STYLE_ASSIGNMENT((#220));
#220=SURFACE_STYLE_USAGE(.BOTH.,#221);
#221=SURFACE_SIDE_STYLE('',(#222));
#222=SURFACE_STYLE_FILL_AREA(#223);
#223=FILL_AREA_STYLE('',(#224));
#224=FILL_AREA_STYLE_COLOUR('',#225);
#225=COLOUR_RGB('',0.615686274509804,0.811764705882353,0.929411764705882);
#226=MANIFOLD_SOLID_BREP('Part 1',#217);
#227=SHAPE_DEFINITION_REPRESENTATION(#2315,#228);
#228=SHAPE_REPRESENTATION('Part 1',(#229),#2310);
#229=AXIS2_PLACEMENT_3D('',#250,#233,#234);
#230=AXIS2_PLACEMENT_3D('',#1388,#240,#241);
#231=AXIS2_PLACEMENT_3D('',#1389,#242,#243);
#232=AXIS2_PLACEMENT_3D('',#1706,#244,#245);
#233=DIRECTION('',(0.,0.,1.));
#234=DIRECTION('',(1.,0.,0.));
#235=DIRECTION('',(0.,0.,-1.));
#236=DIRECTION('',(0.,0.,-1.));
#237=DIRECTION('',(0.,0.,-1.));
#238=DIRECTION('',(0.,0.,-1.));
#239=DIRECTION('',(0.,0.,-1.));
#240=DIRECTION('',(0.,0.,-1.));
#241=DIRECTION('',(-1.,0.,0.));
#242=DIRECTION('',(-7.02159934520768E-14,1.86915362683713E-14,1.));
#243=DIRECTION('',(1.,0.,7.02159934520768E-14));
#244=DIRECTION('',(-7.02159934520768E-14,1.86915362683713E-14,1.));
#245=DIRECTION('',(1.,0.,7.02159934520768E-14));
#246=DIRECTION('',(0.,0.,-1.));
#247=DIRECTION('',(0.,0.,-1.));
#248=DIRECTION('',(0.,0.,-1.));
#249=DIRECTION('',(0.,0.,-1.));
#250=CARTESIAN_POINT('',(0.,0.,0.));
#251=CARTESIAN_POINT('',(0.0102027607551098,0.027029559341253,0.0127));
#252=CARTESIAN_POINT('',(0.0102027607551098,0.027029559341253,1.73472347597681E-17));
#253=CARTESIAN_POINT('',(0.00996187974770615,0.0272907384323263,0.0127));
#254=CARTESIAN_POINT('',(0.00996187974770615,0.0272907384323263,1.73472347597681E-17));
#255=CARTESIAN_POINT('',(0.00927772028360464,0.0278897293482811,0.0127));
#256=CARTESIAN_POINT('',(0.00927772028360464,0.0278897293482811,1.73472347597681E-17));
#257=CARTESIAN_POINT('',(0.00818635381190952,0.0289406266705811,0.0127));
#258=CARTESIAN_POINT('',(0.00818635381190952,0.0289406266705811,1.56125112837913E-17));
#259=CARTESIAN_POINT('',(0.00750240851145891,0.029762775600718,0.0127));
#260=CARTESIAN_POINT('',(0.00750240851145891,0.029762775600718,1.90819582357449E-17));
#261=CARTESIAN_POINT('',(0.00702041877330581,0.0305579038958952,0.0127));
#262=CARTESIAN_POINT('',(0.00702041877330581,0.0305579038958952,1.73472347597681E-17));
#263=CARTESIAN_POINT('',(0.00661264960473713,0.0314855450825945,0.0127));
#264=CARTESIAN_POINT('',(0.00661264960473713,0.0314855450825945,1.73472347597681E-17));
#265=CARTESIAN_POINT('',(0.00638228265440694,0.0326770956979578,0.0127));
#266=CARTESIAN_POINT('',(0.00638228265440694,0.0326770956979578,1.90819582357449E-17));
#267=CARTESIAN_POINT('',(0.00641079055646405,0.0340057962616084,0.0127));
#268=CARTESIAN_POINT('',(0.00641079055646405,0.0340057962616084,1.56125112837913E-17));
#269=CARTESIAN_POINT('',(0.00667923676880359,0.0356539678961742,0.0127));
#270=CARTESIAN_POINT('',(0.00667923676880359,0.0356539678961742,1.73472347597681E-17));
#271=CARTESIAN_POINT('',(0.0071204325627924,0.0371424081909178,0.0127));
#272=CARTESIAN_POINT('',(0.0071204325627924,0.0371424081909178,2.25514051876985E-17));
#273=CARTESIAN_POINT('',(0.00750096612348838,0.0384516152918417,0.0127));
#274=CARTESIAN_POINT('',(0.00750096612348838,0.0384516152918417,1.21430643318376E-17));
#275=CARTESIAN_POINT('',(0.00770176083916826,0.0392787754262188,0.0127));
#276=CARTESIAN_POINT('',(0.00770176083916826,0.0392787754262188,2.08166817117217E-17));
#277=CARTESIAN_POINT('',(0.00780740335985269,0.0400051517119107,0.0127));
#278=CARTESIAN_POINT('',(0.00780740335985269,0.0400051517119107,1.21430643318376E-17));
#279=CARTESIAN_POINT('',(0.00786822746523596,0.0409774636582995,0.0127));
#280=CARTESIAN_POINT('',(0.00786822746523596,0.0409774636582995,1.90819582357449E-17));
#281=CARTESIAN_POINT('',(0.00781552234317786,0.0422887098923557,0.0127));
#282=CARTESIAN_POINT('',(0.00781552234317786,0.0422887098923557,1.21430643318376E-17));
#283=CARTESIAN_POINT('',(0.00767874853801921,0.0439302813336817,0.0127));
#284=CARTESIAN_POINT('',(0.00767874853801921,0.0439302813336817,1.73472347597681E-17));
#285=CARTESIAN_POINT('',(0.00760216964565379,0.0455121156171676,0.0127));
#286=CARTESIAN_POINT('',(0.00760216964565379,0.0455121156171676,1.90819582357449E-17));
#287=CARTESIAN_POINT('',(0.00758539222838123,0.0468047589576473,0.0127));
#288=CARTESIAN_POINT('',(0.00758539222838123,0.0468047589576473,1.90819582357449E-17));
#289=CARTESIAN_POINT('',(0.00763498068918442,0.0481239757357853,0.0127));
#290=CARTESIAN_POINT('',(0.00763498068918442,0.0481239757357853,1.56125112837913E-17));
#291=CARTESIAN_POINT('',(0.00778620134510428,0.0494193128264619,0.0127));
#292=CARTESIAN_POINT('',(0.00778620134510428,0.0494193128264619,2.42861286636753E-17));
#293=CARTESIAN_POINT('',(0.00804235932248767,0.0504658711930818,0.0127));
#294=CARTESIAN_POINT('',(0.00804235932248767,0.0504658711930818,6.93889390390723E-18));
#295=CARTESIAN_POINT('',(0.00842762658308907,0.051319221197055,0.0127));
#296=CARTESIAN_POINT('',(0.00842762658308907,0.051319221197055,2.08166817117217E-17));
#297=CARTESIAN_POINT('',(0.00888021660326259,0.0519758842063193,0.0127));
#298=CARTESIAN_POINT('',(0.00888021660326259,0.0519758842063193,1.21430643318376E-17));
#299=CARTESIAN_POINT('',(0.009606208462508,0.0526004140515285,0.0127));
#300=CARTESIAN_POINT('',(0.009606208462508,0.0526004140515285,1.90819582357449E-17));
#301=CARTESIAN_POINT('',(0.0106622775653554,0.0529658662496575,0.0127));
#302=CARTESIAN_POINT('',(0.0106622775653554,0.0529658662496575,1.73472347597681E-17));
#303=CARTESIAN_POINT('',(0.0116563427995408,0.0529060396694985,0.0127));
#304=CARTESIAN_POINT('',(0.0116563427995408,0.0529060396694985,1.21430643318376E-17));
#305=CARTESIAN_POINT('',(0.0124094241336048,0.0526611944706128,0.0127));
#306=CARTESIAN_POINT('',(0.0124094241336048,0.0526611944706128,1.73472347597681E-17));
#307=CARTESIAN_POINT('',(0.0130506951285241,0.0523299567373495,0.0127));
#308=CARTESIAN_POINT('',(0.0130506951285241,0.0523299567373495,1.90819582357449E-17));
#309=CARTESIAN_POINT('',(0.0138128556746412,0.0518091328910552,0.0127));
#310=CARTESIAN_POINT('',(0.0138128556746412,0.0518091328910552,1.38777878078145E-17));
#311=CARTESIAN_POINT('',(0.0146670493381041,0.0510360205709224,0.0127));
#312=CARTESIAN_POINT('',(0.0146670493381041,0.0510360205709224,1.90819582357449E-17));
#313=CARTESIAN_POINT('',(0.0155777161731301,0.0499666233973392,0.0127));
#314=CARTESIAN_POINT('',(0.0155777161731301,0.0499666233973392,1.73472347597681E-17));
#315=CARTESIAN_POINT('',(0.0163407186368615,0.0487911193579912,0.0127));
#316=CARTESIAN_POINT('',(0.0163407186368615,0.0487911193579912,1.73472347597681E-17));
#317=CARTESIAN_POINT('',(0.0168122850527867,0.0477514179399036,0.0127));
#318=CARTESIAN_POINT('',(0.0168122850527867,0.0477514179399036,1.56125112837913E-17));
#319=CARTESIAN_POINT('',(0.0170353499996166,0.0467552918266867,0.0127));
#320=CARTESIAN_POINT('',(0.0170353499996166,0.0467552918266867,1.90819582357449E-17));
#321=CARTESIAN_POINT('',(0.0170440924617953,0.0462426844434176,0.0127));
#322=CARTESIAN_POINT('',(0.0170440924617953,0.0462426844434176,1.73472347597681E-17));
#323=CARTESIAN_POINT('',(0.0170299858023338,0.0460182789232535,0.0127));
#324=CARTESIAN_POINT('',(0.0170299858023338,0.0460182789232535,1.73472347597681E-17));
#325=CARTESIAN_POINT('',(0.0102027607551098,0.027029559341253,0.));
#326=CARTESIAN_POINT('',(0.010082320251408,0.0271601488867896,0.));
#327=CARTESIAN_POINT('',(0.00973175375318279,0.0274996294743423,0.));
#328=CARTESIAN_POINT('',(0.00900556200404207,0.02814988572831,0.));
#329=CARTESIAN_POINT('',(0.00832233808257987,0.028809706845886,0.));
#330=CARTESIAN_POINT('',(0.00777663573289148,0.0294336334057063,0.));
#331=CARTESIAN_POINT('',(0.00738188872361485,0.0299609186977137,0.));
#332=CARTESIAN_POINT('',(0.00708019735833249,0.0304607718046587,0.));
#333=CARTESIAN_POINT('',(0.00686835604379038,0.0309018310340776,0.));
#334=CARTESIAN_POINT('',(0.00668182229560486,0.0313735947566275,0.));
#335=CARTESIAN_POINT('',(0.00652004208417473,0.0319650129407491,0.));
#336=CARTESIAN_POINT('',(0.00642038847858484,0.0326638397907869,0.));
#337=CARTESIAN_POINT('',(0.00639704817038089,0.0333410419090646,0.));
#338=CARTESIAN_POINT('',(0.00644408979118616,0.0342120141241927,0.));
#339=CARTESIAN_POINT('',(0.00661187626737472,0.035242177666754,0.));
#340=CARTESIAN_POINT('',(0.00690108851968947,0.0363969921725887,0.));
#341=CARTESIAN_POINT('',(0.00716304956559741,0.0372919884839845,0.));
#342=CARTESIAN_POINT('',(0.00735782537856284,0.0379593438943019,0.));
#343=CARTESIAN_POINT('',(0.00749008432530134,0.0384310962298271,0.));
#344=CARTESIAN_POINT('',(0.00760302860632,0.038871217746124,0.));
#345=CARTESIAN_POINT('',(0.00768966074186041,0.0392654223967484,0.));
#346=CARTESIAN_POINT('',(0.00775374126625259,0.0396389613755105,0.));
#347=CARTESIAN_POINT('',(0.00781549740257779,0.0401283561263308,0.));
#348=CARTESIAN_POINT('',(0.00785280633921008,0.0407344078493812,0.));
#349=CARTESIAN_POINT('',(0.00784737355973436,0.0414998793713969,0.));
#350=CARTESIAN_POINT('',(0.0078027861311945,0.0423384760438204,0.));
#351=CARTESIAN_POINT('',(0.00773373355483409,0.0432748660561802,0.));
#352=CARTESIAN_POINT('',(0.00767188027294749,0.0441512616247831,0.));
#353=CARTESIAN_POINT('',(0.0076308902804516,0.0449171198604208,0.));
#354=CARTESIAN_POINT('',(0.00759937379283632,0.0457285942270783,0.));
#355=CARTESIAN_POINT('',(0.00758537102702569,0.0468044559813692,0.));
#356=CARTESIAN_POINT('',(0.0076267791663892,0.0479039771484334,0.));
#357=CARTESIAN_POINT('',(0.00771048146020582,0.0487719373001702,0.));
#358=CARTESIAN_POINT('',(0.00780524598011739,0.0494141492659455,0.));
#359=CARTESIAN_POINT('',(0.00794191160689047,0.0500478755440867,0.));
#360=CARTESIAN_POINT('',(0.00813814848346144,0.0506791203040104,0.));
#361=CARTESIAN_POINT('',(0.00842772172443891,0.0513189470596604,0.));
#362=CARTESIAN_POINT('',(0.0088049233641062,0.0518673821315786,0.));
#363=CARTESIAN_POINT('',(0.00924294432904549,0.0522865087881576,0.));
#364=CARTESIAN_POINT('',(0.00964925604306041,0.0525678047662423,0.));
#365=CARTESIAN_POINT('',(0.0101273595173633,0.0527856788089644,0.));
#366=CARTESIAN_POINT('',(0.010564883853638,0.0528909566233543,0.));
#367=CARTESIAN_POINT('',(0.0109135679217137,0.0529241016759979,0.));
#368=CARTESIAN_POINT('',(0.0112439225189061,0.0529265981875616,0.));
#369=CARTESIAN_POINT('',(0.0116246726852697,0.0528832561037308,0.));
#370=CARTESIAN_POINT('',(0.0120306096704121,0.0527829283790132,0.));
#371=CARTESIAN_POINT('',(0.0125176222523016,0.0526063854225904,0.));
#372=CARTESIAN_POINT('',(0.0130501875334438,0.0523298250248652,0.));
#373=CARTESIAN_POINT('',(0.0136226608559667,0.0519393626710423,0.));
#374=CARTESIAN_POINT('',(0.014153659463688,0.0514999244018319,0.));
#375=CARTESIAN_POINT('',(0.0146529858994244,0.0510184092563427,0.));
#376=CARTESIAN_POINT('',(0.0151223274061103,0.050500899608907,0.));
#377=CARTESIAN_POINT('',(0.0155592711356912,0.0499531887058087,0.));
#378=CARTESIAN_POINT('',(0.0159592207186103,0.0493799790861298,0.));
#379=CARTESIAN_POINT('',(0.0163162248321441,0.0487834186754158,0.));
#380=CARTESIAN_POINT('',(0.0165719283131591,0.0482646736940658,0.));
#381=CARTESIAN_POINT('',(0.0167458834046048,0.0478302554661932,0.));
#382=CARTESIAN_POINT('',(0.0168586973328696,0.0474916395405199,0.));
#383=CARTESIAN_POINT('',(0.016935233645417,0.0471947085500457,0.));
#384=CARTESIAN_POINT('',(0.016983004648348,0.0469464614514393,0.));
#385=CARTESIAN_POINT('',(0.0170207800203107,0.0466862419288814,0.));
#386=CARTESIAN_POINT('',(0.0170427440275773,0.0463663515581935,0.));
#387=CARTESIAN_POINT('',(0.0170370391320646,0.0461304816833355,0.));
#388=CARTESIAN_POINT('',(0.0170299858023338,0.0460182789232535,0.));
#389=CARTESIAN_POINT('',(0.0102027607551098,0.027029559341253,0.));
#390=CARTESIAN_POINT('',(0.0170299858023338,0.0460182789232535,0.));
#391=CARTESIAN_POINT('',(0.0102027607551098,0.027029559341253,0.0127));
#392=CARTESIAN_POINT('',(0.0102027607551098,0.027029559341253,0.0127));
#393=CARTESIAN_POINT('',(0.0102027607551098,0.027029559341253,0.0127));
#394=CARTESIAN_POINT('',(0.010082320251408,0.0271601488867896,0.0127));
#395=CARTESIAN_POINT('',(0.00973175375318279,0.0274996294743423,0.0127));
#396=CARTESIAN_POINT('',(0.00900556200404207,0.02814988572831,0.0127));
#397=CARTESIAN_POINT('',(0.00832233808257987,0.028809706845886,0.0127));
#398=CARTESIAN_POINT('',(0.00777663573289148,0.0294336334057063,0.0127));
#399=CARTESIAN_POINT('',(0.00738188872361485,0.0299609186977137,0.0127));
#400=CARTESIAN_POINT('',(0.00708019735833249,0.0304607718046587,0.0127));
#401=CARTESIAN_POINT('',(0.00686835604379038,0.0309018310340776,0.0127));
#402=CARTESIAN_POINT('',(0.00668182229560486,0.0313735947566275,0.0127));
#403=CARTESIAN_POINT('',(0.00652004208417473,0.0319650129407491,0.0127));
#404=CARTESIAN_POINT('',(0.00642038847858484,0.0326638397907869,0.0127));
#405=CARTESIAN_POINT('',(0.00639704817038089,0.0333410419090646,0.0127));
#406=CARTESIAN_POINT('',(0.00644408979118616,0.0342120141241927,0.0127));
#407=CARTESIAN_POINT('',(0.00661187626737472,0.035242177666754,0.0127));
#408=CARTESIAN_POINT('',(0.00690108851968947,0.0363969921725887,0.0127));
#409=CARTESIAN_POINT('',(0.00716304956559741,0.0372919884839845,0.0127));
#410=CARTESIAN_POINT('',(0.00735782537856284,0.0379593438943019,0.0127));
#411=CARTESIAN_POINT('',(0.00749008432530134,0.0384310962298271,0.0127));
#412=CARTESIAN_POINT('',(0.00760302860632,0.038871217746124,0.0127));
#413=CARTESIAN_POINT('',(0.00768966074186041,0.0392654223967484,0.0127));
#414=CARTESIAN_POINT('',(0.00775374126625259,0.0396389613755105,0.0127));
#415=CARTESIAN_POINT('',(0.00781549740257779,0.0401283561263308,0.0127));
#416=CARTESIAN_POINT('',(0.00785280633921008,0.0407344078493812,0.0127));
#417=CARTESIAN_POINT('',(0.00784737355973436,0.0414998793713969,0.0127));
#418=CARTESIAN_POINT('',(0.0078027861311945,0.0423384760438204,0.0127));
#419=CARTESIAN_POINT('',(0.00773373355483409,0.0432748660561802,0.0127));
#420=CARTESIAN_POINT('',(0.00767188027294749,0.0441512616247831,0.0127));
#421=CARTESIAN_POINT('',(0.0076308902804516,0.0449171198604208,0.0127));
#422=CARTESIAN_POINT('',(0.00759937379283632,0.0457285942270783,0.0127));
#423=CARTESIAN_POINT('',(0.00758537102702569,0.0468044559813692,0.0127));
#424=CARTESIAN_POINT('',(0.0076267791663892,0.0479039771484334,0.0127));
#425=CARTESIAN_POINT('',(0.00771048146020582,0.0487719373001702,0.0127));
#426=CARTESIAN_POINT('',(0.00780524598011739,0.0494141492659455,0.0127));
#427=CARTESIAN_POINT('',(0.00794191160689047,0.0500478755440867,0.0127));
#428=CARTESIAN_POINT('',(0.00813814848346144,0.0506791203040104,0.0127));
#429=CARTESIAN_POINT('',(0.00842772172443891,0.0513189470596604,0.0127));
#430=CARTESIAN_POINT('',(0.0088049233641062,0.0518673821315786,0.0127));
#431=CARTESIAN_POINT('',(0.00924294432904549,0.0522865087881576,0.0127));
#432=CARTESIAN_POINT('',(0.00964925604306041,0.0525678047662423,0.0127));
#433=CARTESIAN_POINT('',(0.0101273595173633,0.0527856788089644,0.0127));
#434=CARTESIAN_POINT('',(0.010564883853638,0.0528909566233543,0.0127));
#435=CARTESIAN_POINT('',(0.0109135679217137,0.0529241016759979,0.0127));
#436=CARTESIAN_POINT('',(0.0112439225189061,0.0529265981875616,0.0127));
#437=CARTESIAN_POINT('',(0.0116246726852697,0.0528832561037308,0.0127));
#438=CARTESIAN_POINT('',(0.0120306096704121,0.0527829283790132,0.0127));
#439=CARTESIAN_POINT('',(0.0125176222523016,0.0526063854225904,0.0127));
#440=CARTESIAN_POINT('',(0.0130501875334438,0.0523298250248652,0.0127));
#441=CARTESIAN_POINT('',(0.0136226608559667,0.0519393626710423,0.0127));
#442=CARTESIAN_POINT('',(0.014153659463688,0.0514999244018319,0.0127));
#443=CARTESIAN_POINT('',(0.0146529858994244,0.0510184092563427,0.0127));
#444=CARTESIAN_POINT('',(0.0151223274061103,0.050500899608907,0.0127));
#445=CARTESIAN_POINT('',(0.0155592711356912,0.0499531887058087,0.0127));
#446=CARTESIAN_POINT('',(0.0159592207186103,0.0493799790861298,0.0127));
#447=CARTESIAN_POINT('',(0.0163162248321441,0.0487834186754158,0.0127));
#448=CARTESIAN_POINT('',(0.0165719283131591,0.0482646736940658,0.0127));
#449=CARTESIAN_POINT('',(0.0167458834046048,0.0478302554661932,0.0127));
#450=CARTESIAN_POINT('',(0.0168586973328696,0.0474916395405199,0.0127));
#451=CARTESIAN_POINT('',(0.016935233645417,0.0471947085500457,0.0127));
#452=CARTESIAN_POINT('',(0.016983004648348,0.0469464614514393,0.0127));
#453=CARTESIAN_POINT('',(0.0170207800203107,0.0466862419288814,0.0127));
#454=CARTESIAN_POINT('',(0.0170427440275773,0.0463663515581935,0.0127));
#455=CARTESIAN_POINT('',(0.0170370391320646,0.0461304816833355,0.0127));
#456=CARTESIAN_POINT('',(0.0170299858023338,0.0460182789232535,0.0127));
#457=CARTESIAN_POINT('',(0.0170299858023338,0.0460182789232535,0.0127));
#458=CARTESIAN_POINT('',(0.0170299858023338,0.0460182789232535,0.0127));
#459=CARTESIAN_POINT('',(0.0170299858023355,0.0460182789232532,0.0127));
#460=CARTESIAN_POINT('',(0.0170299858023355,0.0460182789232532,1.73472347597681E-18));
#461=CARTESIAN_POINT('',(0.0179388823995655,0.045854675667367,0.0127));
#462=CARTESIAN_POINT('',(0.0179388823995655,0.045854675667367,1.73472347597681E-18));
#463=CARTESIAN_POINT('',(0.0199770256416162,0.0457040696446435,0.0127));
#464=CARTESIAN_POINT('',(0.0199770256416162,0.0457040696446435,1.73472347597681E-18));
#465=CARTESIAN_POINT('',(0.0224903969302099,0.045857879200763,0.0127));
#466=CARTESIAN_POINT('',(0.0224903969302099,0.045857879200763,0.));
#467=CARTESIAN_POINT('',(0.0234355835436654,0.0460514265278793,0.0127));
#468=CARTESIAN_POINT('',(0.0234355835436654,0.0460514265278793,0.));
#469=CARTESIAN_POINT('',(0.0237278248211407,0.0461442295293047,0.0127));
#470=CARTESIAN_POINT('',(0.0237278248211407,0.0461442295293047,0.));
#471=CARTESIAN_POINT('',(0.0170299858023355,0.0460182789232532,0.));
#472=CARTESIAN_POINT('',(0.0174844341009505,0.0459364772953101,0.));
#473=CARTESIAN_POINT('',(0.018626226008298,0.0457994069128482,0.));
#474=CARTESIAN_POINT('',(0.0206027345655198,0.0457432847136212,0.));
#475=CARTESIAN_POINT('',(0.0221779307568702,0.0458404601422002,0.));
#476=CARTESIAN_POINT('',(0.0231967442420284,0.0459996343153968,0.));
#477=CARTESIAN_POINT('',(0.023581704182403,0.046097828028592,0.));
#478=CARTESIAN_POINT('',(0.0237278248211407,0.0461442295293047,0.));
#479=CARTESIAN_POINT('',(0.0237278248211408,0.0461442295293047,0.));
#480=CARTESIAN_POINT('',(0.0170299858023355,0.0460182789232532,0.0127));
#481=CARTESIAN_POINT('',(0.0174844341009505,0.0459364772953101,0.0127));
#482=CARTESIAN_POINT('',(0.018626226008298,0.0457994069128482,0.0127));
#483=CARTESIAN_POINT('',(0.0206027345655198,0.0457432847136212,0.0127));
#484=CARTESIAN_POINT('',(0.0221779307568702,0.0458404601422002,0.0127));
#485=CARTESIAN_POINT('',(0.0231967442420284,0.0459996343153968,0.0127));
#486=CARTESIAN_POINT('',(0.023581704182403,0.046097828028592,0.0127));
#487=CARTESIAN_POINT('',(0.0237278248211407,0.0461442295293047,0.0127));
#488=CARTESIAN_POINT('',(0.0237278248211408,0.0461442295293047,0.0127));
#489=CARTESIAN_POINT('',(0.0237278248211408,0.0461442295293047,0.0127));
#490=CARTESIAN_POINT('',(0.023727824821141,0.0461442295293047,0.0127));
#491=CARTESIAN_POINT('',(0.023727824821141,0.0461442295293047,-6.93889390390723E-18));
#492=CARTESIAN_POINT('',(0.023718468981079,0.0463358429542571,0.0127));
#493=CARTESIAN_POINT('',(0.023718468981079,0.0463358429542571,-6.93889390390723E-18));
#494=CARTESIAN_POINT('',(0.0236767589988672,0.0468669872995751,0.0127));
#495=CARTESIAN_POINT('',(0.0236767589988672,0.0468669872995751,-8.67361737988404E-18));
#496=CARTESIAN_POINT('',(0.0236931154286259,0.0478242132709614,0.0127));
#497=CARTESIAN_POINT('',(0.0236931154286259,0.0478242132709614,-8.67361737988404E-18));
#498=CARTESIAN_POINT('',(0.0238988346193635,0.0487364223393628,0.0127));
#499=CARTESIAN_POINT('',(0.0238988346193635,0.0487364223393628,-1.04083408558608E-17));
#500=CARTESIAN_POINT('',(0.0242110692068251,0.0495693499656358,0.0127));
#501=CARTESIAN_POINT('',(0.0242110692068251,0.0495693499656358,-1.04083408558608E-17));
#502=CARTESIAN_POINT('',(0.0247401567018797,0.0505013270617218,0.0127));
#503=CARTESIAN_POINT('',(0.0247401567018797,0.0505013270617218,-5.20417042793042E-18));
#504=CARTESIAN_POINT('',(0.0255328263351991,0.0514717200581215,0.0127));
#505=CARTESIAN_POINT('',(0.0255328263351991,0.0514717200581215,-1.38777878078145E-17));
#506=CARTESIAN_POINT('',(0.0264611891151371,0.052285327811997,0.0127));
#507=CARTESIAN_POINT('',(0.0264611891151371,0.052285327811997,0.));
#508=CARTESIAN_POINT('',(0.0273774641413889,0.0528146889697068,0.0127));
#509=CARTESIAN_POINT('',(0.0273774641413889,0.0528146889697068,-1.21430643318376E-17));
#510=CARTESIAN_POINT('',(0.0282936076710758,0.0530771932252379,0.0127));
#511=CARTESIAN_POINT('',(0.0282936076710758,0.0530771932252379,-8.67361737988404E-18));
#512=CARTESIAN_POINT('',(0.0291141434735397,0.0531321133482009,0.0127));
#513=CARTESIAN_POINT('',(0.0291141434735397,0.0531321133482009,-6.93889390390723E-18));
#514=CARTESIAN_POINT('',(0.0300417689856531,0.052903236255613,0.0127));
#515=CARTESIAN_POINT('',(0.0300417689856531,0.052903236255613,-3.46944695195361E-18));
#516=CARTESIAN_POINT('',(0.0307683296569719,0.052439736630111,0.0127));
#517=CARTESIAN_POINT('',(0.0307683296569719,0.052439736630111,-5.20417042793042E-18));
#518=CARTESIAN_POINT('',(0.0312812089382739,0.0518999140341958,0.0127));
#519=CARTESIAN_POINT('',(0.0312812089382739,0.0518999140341958,-1.21430643318376E-17));
#520=CARTESIAN_POINT('',(0.0317587390584891,0.0511685634691083,0.0127));
#521=CARTESIAN_POINT('',(0.0317587390584891,0.0511685634691083,-5.20417042793042E-18));
#522=CARTESIAN_POINT('',(0.0321245976758086,0.0502651771568775,0.0127));
#523=CARTESIAN_POINT('',(0.0321245976758086,0.0502651771568775,-5.20417042793042E-18));
#524=CARTESIAN_POINT('',(0.0324116496205968,0.0491626239040525,0.0127));
#525=CARTESIAN_POINT('',(0.0324116496205968,0.0491626239040525,-6.93889390390723E-18));
#526=CARTESIAN_POINT('',(0.0326131665484373,0.0480373683341782,0.0127));
#527=CARTESIAN_POINT('',(0.0326131665484373,0.0480373683341782,-1.21430643318376E-17));
#528=CARTESIAN_POINT('',(0.0328143742340862,0.0465439938435552,0.0127));
#529=CARTESIAN_POINT('',(0.0328143742340862,0.0465439938435552,-1.04083408558608E-17));
#530=CARTESIAN_POINT('',(0.0330033305631274,0.0448476894067363,0.0127));
#531=CARTESIAN_POINT('',(0.0330033305631274,0.0448476894067363,-1.73472347597681E-18));
#532=CARTESIAN_POINT('',(0.0332359561896142,0.0430787826621287,0.0127));
#533=CARTESIAN_POINT('',(0.0332359561896142,0.0430787826621287,-1.21430643318376E-17));
#534=CARTESIAN_POINT('',(0.0334802596668691,0.0418276627333813,0.0127));
#535=CARTESIAN_POINT('',(0.0334802596668691,0.0418276627333813,-5.20417042793042E-18));
#536=CARTESIAN_POINT('',(0.0337310093437969,0.0409477838737171,0.0127));
#537=CARTESIAN_POINT('',(0.0337310093437969,0.0409477838737171,-8.67361737988404E-18));
#538=CARTESIAN_POINT('',(0.0340187685638504,0.0401590464336882,0.0127));
#539=CARTESIAN_POINT('',(0.0340187685638504,0.0401590464336882,-8.67361737988404E-18));
#540=CARTESIAN_POINT('',(0.0345487940748659,0.0390510575315284,0.0127));
#541=CARTESIAN_POINT('',(0.0345487940748659,0.0390510575315284,-6.93889390390723E-18));
#542=CARTESIAN_POINT('',(0.0351528798230256,0.0377016915765543,0.0127));
#543=CARTESIAN_POINT('',(0.0351528798230256,0.0377016915765543,-1.21430643318376E-17));
#544=CARTESIAN_POINT('',(0.0355131164230881,0.036406856943485,0.0127));
#545=CARTESIAN_POINT('',(0.0355131164230881,0.036406856943485,-6.93889390390723E-18));
#546=CARTESIAN_POINT('',(0.0356955413412941,0.0349403300029634,0.0127));
#547=CARTESIAN_POINT('',(0.0356955413412941,0.0349403300029634,-1.21430643318376E-17));
#548=CARTESIAN_POINT('',(0.0355160794069876,0.0331647457614996,0.0127));
#549=CARTESIAN_POINT('',(0.0355160794069876,0.0331647457614996,-3.46944695195361E-18));
#550=CARTESIAN_POINT('',(0.0349155057287922,0.0311836765425678,0.0127));
#551=CARTESIAN_POINT('',(0.0349155057287922,0.0311836765425678,-1.04083408558608E-17));
#552=CARTESIAN_POINT('',(0.034005908753848,0.0293619340581083,0.0127));
#553=CARTESIAN_POINT('',(0.034005908753848,0.0293619340581083,-6.93889390390723E-18));
#554=CARTESIAN_POINT('',(0.0329826702403576,0.0279709201546515,0.0127));
#555=CARTESIAN_POINT('',(0.0329826702403576,0.0279709201546515,-1.04083408558608E-17));
#556=CARTESIAN_POINT('',(0.0324335215869067,0.0271994105607515,0.0127));
#557=CARTESIAN_POINT('',(0.0324335215869067,0.0271994105607515,-5.20417042793042E-18));
#558=CARTESIAN_POINT('',(0.0322648869981368,0.0268381286159761,0.0127));
#559=CARTESIAN_POINT('',(0.0322648869981368,0.0268381286159761,-1.04083408558608E-17));
#560=CARTESIAN_POINT('',(0.032211898528305,0.0266421012272961,0.0127));
#561=CARTESIAN_POINT('',(0.032211898528305,0.0266421012272961,-8.67361737988404E-18));
#562=CARTESIAN_POINT('',(0.0321864592175569,0.0261564054839325,0.0127));
#563=CARTESIAN_POINT('',(0.0321864592175569,0.0261564054839325,-8.67361737988404E-18));
#564=CARTESIAN_POINT('',(0.0324776204024609,0.0249537060957279,0.0127));
#565=CARTESIAN_POINT('',(0.0324776204024609,0.0249537060957279,-1.04083408558608E-17));
#566=CARTESIAN_POINT('',(0.0331301557418322,0.0231714120230121,0.0127));
#567=CARTESIAN_POINT('',(0.0331301557418322,0.0231714120230121,-8.67361737988404E-18));
#568=CARTESIAN_POINT('',(0.0340015486257846,0.0209179665169729,0.0127));
#569=CARTESIAN_POINT('',(0.0340015486257846,0.0209179665169729,-5.20417042793042E-18));
#570=CARTESIAN_POINT('',(0.0349090508621731,0.0183262203854176,0.0127));
#571=CARTESIAN_POINT('',(0.0349090508621731,0.0183262203854176,-5.20417042793042E-18));
#572=CARTESIAN_POINT('',(0.0356781062387365,0.0154712282589209,0.0127));
#573=CARTESIAN_POINT('',(0.0356781062387365,0.0154712282589209,-8.67361737988404E-18));
#574=CARTESIAN_POINT('',(0.036143173047335,0.0124139772270109,0.0127));
#575=CARTESIAN_POINT('',(0.036143173047335,0.0124139772270109,-1.38777878078145E-17));
#576=CARTESIAN_POINT('',(0.0360445078224844,0.00922809968309749,0.0127));
#577=CARTESIAN_POINT('',(0.0360445078224844,0.00922809968309749,-6.93889390390723E-18));
#578=CARTESIAN_POINT('',(0.0355142815517258,0.00631425523167581,0.0127));
#579=CARTESIAN_POINT('',(0.0355142815517258,0.00631425523167581,-1.21430643318376E-17));
#580=CARTESIAN_POINT('',(0.034856034291487,0.00369148545760573,0.0127));
#581=CARTESIAN_POINT('',(0.034856034291487,0.00369148545760573,-5.20417042793042E-18));
#582=CARTESIAN_POINT('',(0.0342978823712424,0.00148754750437674,0.0127));
#583=CARTESIAN_POINT('',(0.0342978823712424,0.00148754750437674,-1.38777878078145E-17));
#584=CARTESIAN_POINT('',(0.0341531593038274,0.00042623807676746,0.0127));
#585=CARTESIAN_POINT('',(0.0341531593038274,0.00042623807676746,-6.93889390390723E-18));
#586=CARTESIAN_POINT('',(0.0341464949932447,7.17233018789638E-5,0.0127));
#587=CARTESIAN_POINT('',(0.0341464949932447,7.17233018789638E-5,-6.93889390390723E-18));
#588=CARTESIAN_POINT('',(0.023727824821141,0.0461442295293047,0.));
#589=CARTESIAN_POINT('',(0.02372314690111,0.0462400362417809,0.));
#590=CARTESIAN_POINT('',(0.0237087395475389,0.0464691319311868,0.));
#591=CARTESIAN_POINT('',(0.0236864874591138,0.0469106757725764,0.));
#592=CARTESIAN_POINT('',(0.0236880572982371,0.0474420434236448,0.));
#593=CARTESIAN_POINT('',(0.0237356794675494,0.0479512792918311,0.));
#594=CARTESIAN_POINT('',(0.0238199596894271,0.0483926922769834,0.));
#595=CARTESIAN_POINT('',(0.0239388668817169,0.0488414913194525,0.));
#596=CARTESIAN_POINT('',(0.0241326352767225,0.0493607991264617,0.));
#597=CARTESIAN_POINT('',(0.0244229267544434,0.0499422091158058,0.));
#598=CARTESIAN_POINT('',(0.0247597698699507,0.0504828743770144,0.));
#599=CARTESIAN_POINT('',(0.0251366986162862,0.0509862762275641,0.));
#600=CARTESIAN_POINT('',(0.0255496542485061,0.0514521046704536,0.));
#601=CARTESIAN_POINT('',(0.0259973355475027,0.0518788401968263,0.));
#602=CARTESIAN_POINT('',(0.0264821355709897,0.0522634595518433,0.));
#603=CARTESIAN_POINT('',(0.0270124241109254,0.052600914103159,0.));
#604=CARTESIAN_POINT('',(0.0276059809009616,0.0528806022277938,0.));
#605=CARTESIAN_POINT('',(0.0281795086355224,0.0530451627478699,0.));
#606=CARTESIAN_POINT('',(0.0287032253666939,0.0531031872496464,0.));
#607=CARTESIAN_POINT('',(0.0291268428780754,0.0530962723329433,0.));
#608=CARTESIAN_POINT('',(0.0295813536718923,0.0530206062922348,0.));
#609=CARTESIAN_POINT('',(0.0301608970985704,0.0528242933923696,0.));
#610=CARTESIAN_POINT('',(0.0307690304362156,0.0524403155094087,0.));
#611=CARTESIAN_POINT('',(0.031280904375911,0.051899745803656,0.));
#612=CARTESIAN_POINT('',(0.0316398739986435,0.0513514951532417,0.));
#613=CARTESIAN_POINT('',(0.031903317186947,0.0508070010033097,0.));
#614=CARTESIAN_POINT('',(0.0321734554883281,0.0500815247220643,0.));
#615=CARTESIAN_POINT('',(0.0324113338174532,0.0491627056426649,0.));
#616=CARTESIAN_POINT('',(0.0326131476143172,0.0480369299986618,0.));
#617=CARTESIAN_POINT('',(0.0327392444793011,0.0471053292244969,0.));
#618=CARTESIAN_POINT('',(0.0328264366968124,0.0463891165300981,0.));
#619=CARTESIAN_POINT('',(0.0329078863509105,0.0457012784071239,0.));
#620=CARTESIAN_POINT('',(0.0330043555258453,0.0448809719162045,0.));
#621=CARTESIAN_POINT('',(0.0331198467910968,0.043963567649867,0.));
#622=CARTESIAN_POINT('',(0.0332434751879645,0.0431123534034531,0.));
#623=CARTESIAN_POINT('',(0.0333825281409496,0.0423272775392032,0.));
#624=CARTESIAN_POINT('',(0.033543024999007,0.0416076096028849,0.));
#625=CARTESIAN_POINT('',(0.0336994273558268,0.0410587271852438,0.));
#626=CARTESIAN_POINT('',(0.0338393323697732,0.0406502987994987,0.));
#627=CARTESIAN_POINT('',(0.0339939485286708,0.0402506328801025,0.));
#628=CARTESIAN_POINT('',(0.0342305592616001,0.0397142048848922,0.));
#629=CARTESIAN_POINT('',(0.0345602474959259,0.0390150184218133,0.));
#630=CARTESIAN_POINT('',(0.0349100874884646,0.0382424141536474,0.));
#631=CARTESIAN_POINT('',(0.0352435764384947,0.0373781529394139,0.));
#632=CARTESIAN_POINT('',(0.0354670332368917,0.0365673593764636,0.));
#633=CARTESIAN_POINT('',(0.0355832947744641,0.035859308749643,0.));
#634=CARTESIAN_POINT('',(0.035644851204643,0.0351259922019525,0.));
#635=CARTESIAN_POINT('',(0.0356213988799681,0.0342315269398077,0.));
#636=CARTESIAN_POINT('',(0.0354688595436023,0.0331836810156542,0.));
#637=CARTESIAN_POINT('',(0.0352144200305206,0.0321718554373978,0.));
#638=CARTESIAN_POINT('',(0.0348758739299889,0.0312019212380087,0.));
#639=CARTESIAN_POINT('',(0.0345343917596051,0.0304351915400402,0.));
#640=CARTESIAN_POINT('',(0.0342314678353239,0.029852662844603,0.));
#641=CARTESIAN_POINT('',(0.0339879091779937,0.0294287676943973,0.));
#642=CARTESIAN_POINT('',(0.0337387064372433,0.02903459930746,0.));
#643=CARTESIAN_POINT('',(0.033412747436361,0.0285542178640356,0.));
#644=CARTESIAN_POINT('',(0.0330296346651962,0.0280297972053077,0.));
#645=CARTESIAN_POINT('',(0.0326523729201163,0.0275124325016739,0.));
#646=CARTESIAN_POINT('',(0.0324356313911121,0.027175939061807,0.));
#647=CARTESIAN_POINT('',(0.0323271488146154,0.0269720748446718,0.));
#648=CARTESIAN_POINT('',(0.0322752729665889,0.0268527676328436,0.));
#649=CARTESIAN_POINT('',(0.0322478158970534,0.0267695672368824,0.));
#650=CARTESIAN_POINT('',(0.0322197626651168,0.0266474550059182,0.));
#651=CARTESIAN_POINT('',(0.0322010374916675,0.0264510283718023,0.));
#652=CARTESIAN_POINT('',(0.0322270955941133,0.0260784955286773,0.));
#653=CARTESIAN_POINT('',(0.0323310237950222,0.0255535579209154,0.));
#654=CARTESIAN_POINT('',(0.0325234496075269,0.0248807850657875,0.));
#655=CARTESIAN_POINT('',(0.0328022743441029,0.0240659437057906,0.));
#656=CARTESIAN_POINT('',(0.0331577934147823,0.0231119728278919,0.));
#657=CARTESIAN_POINT('',(0.0335663439923426,0.0220434856873913,0.));
#658=CARTESIAN_POINT('',(0.0341525794845662,0.0204866884085063,0.));
#659=CARTESIAN_POINT('',(0.0349085674450512,0.0183261220772903,0.));
#660=CARTESIAN_POINT('',(0.0355516001079582,0.0159466756242596,0.));
#661=CARTESIAN_POINT('',(0.035907730748892,0.0139433147849306,0.));
#662=CARTESIAN_POINT('',(0.0360436355549251,0.0126557959055991,0.));
#663=CARTESIAN_POINT('',(0.0360875629766369,0.0116085228379665,0.));
#664=CARTESIAN_POINT('',(0.0360824309574965,0.0105518090907277,0.));
#665=CARTESIAN_POINT('',(0.0359892709498373,0.00926433671271497,0.));
#666=CARTESIAN_POINT('',(0.0357773391306209,0.00777398077388666,0.));
#667=CARTESIAN_POINT('',(0.0354058264205728,0.00587546650295002,0.));
#668=CARTESIAN_POINT('',(0.0348550373639269,0.00369241277253202,0.));
#669=CARTESIAN_POINT('',(0.0343926457284097,0.00185374898484997,0.));
#670=CARTESIAN_POINT('',(0.0341864109893653,0.00069339869180135,0.));
#671=CARTESIAN_POINT('',(0.0341498271485361,0.000248980689323212,0.));
#672=CARTESIAN_POINT('',(0.0341464949932447,7.17233018789638E-5,0.));
#673=CARTESIAN_POINT('',(0.0341464949932447,7.17233018789706E-5,0.));
#674=CARTESIAN_POINT('',(0.023727824821141,0.0461442295293047,0.0127));
#675=CARTESIAN_POINT('',(0.02372314690111,0.0462400362417809,0.0127));
#676=CARTESIAN_POINT('',(0.0237087395475389,0.0464691319311868,0.0127));
#677=CARTESIAN_POINT('',(0.0236864874591138,0.0469106757725764,0.0127));
#678=CARTESIAN_POINT('',(0.0236880572982371,0.0474420434236448,0.0127));
#679=CARTESIAN_POINT('',(0.0237356794675494,0.0479512792918311,0.0127));
#680=CARTESIAN_POINT('',(0.0238199596894271,0.0483926922769834,0.0127));
#681=CARTESIAN_POINT('',(0.0239388668817169,0.0488414913194525,0.0127));
#682=CARTESIAN_POINT('',(0.0241326352767225,0.0493607991264617,0.0127));
#683=CARTESIAN_POINT('',(0.0244229267544434,0.0499422091158058,0.0127));
#684=CARTESIAN_POINT('',(0.0247597698699507,0.0504828743770144,0.0127));
#685=CARTESIAN_POINT('',(0.0251366986162862,0.0509862762275641,0.0127));
#686=CARTESIAN_POINT('',(0.0255496542485061,0.0514521046704536,0.0127));
#687=CARTESIAN_POINT('',(0.0259973355475027,0.0518788401968263,0.0127));
#688=CARTESIAN_POINT('',(0.0264821355709897,0.0522634595518433,0.0127));
#689=CARTESIAN_POINT('',(0.0270124241109254,0.052600914103159,0.0127));
#690=CARTESIAN_POINT('',(0.0276059809009616,0.0528806022277938,0.0127));
#691=CARTESIAN_POINT('',(0.0281795086355224,0.0530451627478699,0.0127));
#692=CARTESIAN_POINT('',(0.0287032253666939,0.0531031872496464,0.0127));
#693=CARTESIAN_POINT('',(0.0291268428780754,0.0530962723329433,0.0127));
#694=CARTESIAN_POINT('',(0.0295813536718923,0.0530206062922348,0.0127));
#695=CARTESIAN_POINT('',(0.0301608970985704,0.0528242933923696,0.0127));
#696=CARTESIAN_POINT('',(0.0307690304362156,0.0524403155094087,0.0127));
#697=CARTESIAN_POINT('',(0.031280904375911,0.051899745803656,0.0127));
#698=CARTESIAN_POINT('',(0.0316398739986435,0.0513514951532417,0.0127));
#699=CARTESIAN_POINT('',(0.031903317186947,0.0508070010033097,0.0127));
#700=CARTESIAN_POINT('',(0.0321734554883281,0.0500815247220643,0.0127));
#701=CARTESIAN_POINT('',(0.0324113338174532,0.0491627056426649,0.0127));
#702=CARTESIAN_POINT('',(0.0326131476143172,0.0480369299986618,0.0127));
#703=CARTESIAN_POINT('',(0.0327392444793011,0.0471053292244969,0.0127));
#704=CARTESIAN_POINT('',(0.0328264366968124,0.0463891165300981,0.0127));
#705=CARTESIAN_POINT('',(0.0329078863509105,0.0457012784071239,0.0127));
#706=CARTESIAN_POINT('',(0.0330043555258453,0.0448809719162045,0.0127));
#707=CARTESIAN_POINT('',(0.0331198467910968,0.043963567649867,0.0127));
#708=CARTESIAN_POINT('',(0.0332434751879645,0.0431123534034531,0.0127));
#709=CARTESIAN_POINT('',(0.0333825281409496,0.0423272775392032,0.0127));
#710=CARTESIAN_POINT('',(0.033543024999007,0.0416076096028849,0.0127));
#711=CARTESIAN_POINT('',(0.0336994273558268,0.0410587271852438,0.0127));
#712=CARTESIAN_POINT('',(0.0338393323697732,0.0406502987994987,0.0127));
#713=CARTESIAN_POINT('',(0.0339939485286708,0.0402506328801025,0.0127));
#714=CARTESIAN_POINT('',(0.0342305592616001,0.0397142048848922,0.0127));
#715=CARTESIAN_POINT('',(0.0345602474959259,0.0390150184218133,0.0127));
#716=CARTESIAN_POINT('',(0.0349100874884646,0.0382424141536474,0.0127));
#717=CARTESIAN_POINT('',(0.0352435764384947,0.0373781529394139,0.0127));
#718=CARTESIAN_POINT('',(0.0354670332368917,0.0365673593764636,0.0127));
#719=CARTESIAN_POINT('',(0.0355832947744641,0.035859308749643,0.0127));
#720=CARTESIAN_POINT('',(0.035644851204643,0.0351259922019525,0.0127));
#721=CARTESIAN_POINT('',(0.0356213988799681,0.0342315269398077,0.0127));
#722=CARTESIAN_POINT('',(0.0354688595436023,0.0331836810156542,0.0127));
#723=CARTESIAN_POINT('',(0.0352144200305206,0.0321718554373978,0.0127));
#724=CARTESIAN_POINT('',(0.0348758739299889,0.0312019212380087,0.0127));
#725=CARTESIAN_POINT('',(0.0345343917596051,0.0304351915400402,0.0127));
#726=CARTESIAN_POINT('',(0.0342314678353239,0.029852662844603,0.0127));
#727=CARTESIAN_POINT('',(0.0339879091779937,0.0294287676943973,0.0127));
#728=CARTESIAN_POINT('',(0.0337387064372433,0.02903459930746,0.0127));
#729=CARTESIAN_POINT('',(0.033412747436361,0.0285542178640356,0.0127));
#730=CARTESIAN_POINT('',(0.0330296346651962,0.0280297972053077,0.0127));
#731=CARTESIAN_POINT('',(0.0326523729201163,0.0275124325016739,0.0127));
#732=CARTESIAN_POINT('',(0.0324356313911121,0.027175939061807,0.0127));
#733=CARTESIAN_POINT('',(0.0323271488146154,0.0269720748446718,0.0127));
#734=CARTESIAN_POINT('',(0.0322752729665889,0.0268527676328436,0.0127));
#735=CARTESIAN_POINT('',(0.0322478158970534,0.0267695672368824,0.0127));
#736=CARTESIAN_POINT('',(0.0322197626651168,0.0266474550059182,0.0127));
#737=CARTESIAN_POINT('',(0.0322010374916675,0.0264510283718023,0.0127));
#738=CARTESIAN_POINT('',(0.0322270955941133,0.0260784955286773,0.0127));
#739=CARTESIAN_POINT('',(0.0323310237950222,0.0255535579209154,0.0127));
#740=CARTESIAN_POINT('',(0.0325234496075269,0.0248807850657875,0.0127));
#741=CARTESIAN_POINT('',(0.0328022743441029,0.0240659437057906,0.0127));
#742=CARTESIAN_POINT('',(0.0331577934147823,0.0231119728278919,0.0127));
#743=CARTESIAN_POINT('',(0.0335663439923426,0.0220434856873913,0.0127));
#744=CARTESIAN_POINT('',(0.0341525794845662,0.0204866884085063,0.0127));
#745=CARTESIAN_POINT('',(0.0349085674450512,0.0183261220772903,0.0127));
#746=CARTESIAN_POINT('',(0.0355516001079582,0.0159466756242596,0.0127));
#747=CARTESIAN_POINT('',(0.035907730748892,0.0139433147849306,0.0127));
#748=CARTESIAN_POINT('',(0.0360436355549251,0.0126557959055991,0.0127));
#749=CARTESIAN_POINT('',(0.0360875629766369,0.0116085228379665,0.0127));
#750=CARTESIAN_POINT('',(0.0360824309574965,0.0105518090907277,0.0127));
#751=CARTESIAN_POINT('',(0.0359892709498373,0.00926433671271497,0.0127));
#752=CARTESIAN_POINT('',(0.0357773391306209,0.00777398077388666,0.0127));
#753=CARTESIAN_POINT('',(0.0354058264205728,0.00587546650295002,0.0127));
#754=CARTESIAN_POINT('',(0.0348550373639269,0.00369241277253202,0.0127));
#755=CARTESIAN_POINT('',(0.0343926457284097,0.00185374898484997,0.0127));
#756=CARTESIAN_POINT('',(0.0341864109893653,0.00069339869180135,0.0127));
#757=CARTESIAN_POINT('',(0.0341498271485361,0.000248980689323212,0.0127));
#758=CARTESIAN_POINT('',(0.0341464949932447,7.17233018789638E-5,0.0127));
#759=CARTESIAN_POINT('',(0.0341464949932447,7.17233018789706E-5,0.0127));
#760=CARTESIAN_POINT('',(0.0341464949932447,7.17233018789706E-5,0.0127));
#761=CARTESIAN_POINT('',(0.0341464949932447,7.17233018789781E-5,0.0127));
#762=CARTESIAN_POINT('',(0.0341464949932447,7.17233018789781E-5,4.33680868994202E-17));
#763=CARTESIAN_POINT('',(0.0343668907715041,0.000119471850591263,0.0127));
#764=CARTESIAN_POINT('',(0.0343668907715041,0.000119471850591263,4.33680868994202E-17));
#765=CARTESIAN_POINT('',(0.0348897180773886,0.000221557820334725,0.0127));
#766=CARTESIAN_POINT('',(0.0348897180773886,0.000221557820334725,4.16333634234434E-17));
#767=CARTESIAN_POINT('',(0.0358371024254481,0.000226813992360119,0.0127));
#768=CARTESIAN_POINT('',(0.0358371024254481,0.000226813992360119,4.16333634234434E-17));
#769=CARTESIAN_POINT('',(0.0367752141019241,-0.000104056504837115,0.0127));
#770=CARTESIAN_POINT('',(0.0367752141019241,-0.000104056504837115,4.5102810375397E-17));
#771=CARTESIAN_POINT('',(0.0375770600811691,-0.000657646962016399,0.0127));
#772=CARTESIAN_POINT('',(0.0375770600811691,-0.000657646962016399,3.81639164714898E-17));
#773=CARTESIAN_POINT('',(0.0381775046580019,-0.00144415696373185,0.0127));
#774=CARTESIAN_POINT('',(0.0381775046580019,-0.00144415696373185,4.68375338513738E-17));
#775=CARTESIAN_POINT('',(0.0386100210603305,-0.00239042521627434,0.0127));
#776=CARTESIAN_POINT('',(0.0386100210603305,-0.00239042521627434,4.16333634234434E-17));
#777=CARTESIAN_POINT('',(0.0388748692424152,-0.00334878650368947,0.0127));
#778=CARTESIAN_POINT('',(0.0388748692424152,-0.00334878650368947,4.85722573273506E-17));
#779=CARTESIAN_POINT('',(0.0390195692092705,-0.00431443127240901,0.0127));
#780=CARTESIAN_POINT('',(0.0390195692092705,-0.00431443127240901,4.16333634234434E-17));
#781=CARTESIAN_POINT('',(0.0390558844877554,-0.00527465630310679,0.0127));
#782=CARTESIAN_POINT('',(0.0390558844877554,-0.00527465630310679,4.68375338513738E-17));
#783=CARTESIAN_POINT('',(0.0389806194638412,-0.00621587839369388,0.0127));
#784=CARTESIAN_POINT('',(0.0389806194638412,-0.00621587839369388,4.16333634234434E-17));
#785=CARTESIAN_POINT('',(0.0387472014531375,-0.00717479257989442,0.0127));
#786=CARTESIAN_POINT('',(0.0387472014531375,-0.00717479257989442,4.85722573273506E-17));
#787=CARTESIAN_POINT('',(0.0382725741272907,-0.00811537614878975,0.0127));
#788=CARTESIAN_POINT('',(0.0382725741272907,-0.00811537614878975,4.5102810375397E-17));
#789=CARTESIAN_POINT('',(0.0375756672860952,-0.00890197895799021,0.0127));
#790=CARTESIAN_POINT('',(0.0375756672860952,-0.00890197895799021,4.33680868994202E-17));
#791=CARTESIAN_POINT('',(0.036769180700644,-0.00948625502253376,0.0127));
#792=CARTESIAN_POINT('',(0.036769180700644,-0.00948625502253376,4.16333634234434E-17));
#793=CARTESIAN_POINT('',(0.0356178900713631,-0.0100757409758027,0.0127));
#794=CARTESIAN_POINT('',(0.0356178900713631,-0.0100757409758027,4.85722573273506E-17));
#795=CARTESIAN_POINT('',(0.0339768432548974,-0.0106514116560713,0.0127));
#796=CARTESIAN_POINT('',(0.0339768432548974,-0.0106514116560713,4.5102810375397E-17));
#797=CARTESIAN_POINT('',(0.0314346739439672,-0.0113284858136631,0.0127));
#798=CARTESIAN_POINT('',(0.0314346739439672,-0.0113284858136631,3.98986399474666E-17));
#799=CARTESIAN_POINT('',(0.0274450389781881,-0.0121565043552368,0.0127));
#800=CARTESIAN_POINT('',(0.0274450389781881,-0.0121565043552368,5.03069808033274E-17));
#801=CARTESIAN_POINT('',(0.0216174719902679,-0.012995677763814,0.0127));
#802=CARTESIAN_POINT('',(0.0216174719902679,-0.012995677763814,3.64291929955129E-17));
#803=CARTESIAN_POINT('',(0.0155654368417316,-0.0133334342896823,0.0127));
#804=CARTESIAN_POINT('',(0.0155654368417316,-0.0133334342896823,5.03069808033274E-17));
#805=CARTESIAN_POINT('',(0.0110945734216758,-0.0131459614438861,0.0127));
#806=CARTESIAN_POINT('',(0.0110945734216758,-0.0131459614438861,3.98986399474666E-17));
#807=CARTESIAN_POINT('',(0.00704156765345239,-0.0125754330293808,0.0127));
#808=CARTESIAN_POINT('',(0.00704156765345239,-0.0125754330293808,4.85722573273506E-17));
#809=CARTESIAN_POINT('',(0.00283059847890628,-0.0110992795390978,0.0127));
#810=CARTESIAN_POINT('',(0.00283059847890628,-0.0110992795390978,3.81639164714898E-17));
#811=CARTESIAN_POINT('',(-0.000476036479779938,-0.0086912467019432,0.0127));
#812=CARTESIAN_POINT('',(-0.000476036479779938,-0.0086912467019432,5.3776427755281E-17));
#813=CARTESIAN_POINT('',(-0.00272615411814573,-0.00637908867544163,0.0127));
#814=CARTESIAN_POINT('',(-0.00272615411814573,-0.00637908867544163,3.81639164714898E-17));
#815=CARTESIAN_POINT('',(-0.00483984566518414,-0.00382346616578174,0.0127));
#816=CARTESIAN_POINT('',(-0.00483984566518414,-0.00382346616578174,4.33680868994202E-17));
#817=CARTESIAN_POINT('',(-0.00671780783367894,-0.000933473586726056,0.0127));
#818=CARTESIAN_POINT('',(-0.00671780783367894,-0.000933473586726056,4.85722573273506E-17));
#819=CARTESIAN_POINT('',(-0.00812939308972909,0.00211671214208804,0.0127));
#820=CARTESIAN_POINT('',(-0.00812939308972909,0.00211671214208804,3.81639164714898E-17));
#821=CARTESIAN_POINT('',(-0.00889670575245149,0.00444467701420945,0.0127));
#822=CARTESIAN_POINT('',(-0.00889670575245149,0.00444467701420945,4.5102810375397E-17));
#823=CARTESIAN_POINT('',(-0.0092876384525719,0.00683216336642682,0.0127));
#824=CARTESIAN_POINT('',(-0.0092876384525719,0.00683216336642682,4.5102810375397E-17));
#825=CARTESIAN_POINT('',(-0.00923257868937588,0.00906342916008743,0.0127));
#826=CARTESIAN_POINT('',(-0.00923257868937588,0.00906342916008743,4.16333634234434E-17));
#827=CARTESIAN_POINT('',(-0.00893741737283801,0.0110914401528644,0.0127));
#828=CARTESIAN_POINT('',(-0.00893741737283801,0.0110914401528644,4.5102810375397E-17));
#829=CARTESIAN_POINT('',(-0.00856891797263269,0.0129616715228903,0.0127));
#830=CARTESIAN_POINT('',(-0.00856891797263269,0.0129616715228903,4.5102810375397E-17));
#831=CARTESIAN_POINT('',(-0.00826278001137951,0.0147202187047123,0.0127));
#832=CARTESIAN_POINT('',(-0.00826278001137951,0.0147202187047123,4.16333634234434E-17));
#833=CARTESIAN_POINT('',(-0.00808823552929888,0.0169794634663474,0.0127));
#834=CARTESIAN_POINT('',(-0.00808823552929888,0.0169794634663474,4.68375338513738E-17));
#835=CARTESIAN_POINT('',(-0.0084042043489019,0.0200564759524441,0.0127));
#836=CARTESIAN_POINT('',(-0.0084042043489019,0.0200564759524441,4.16333634234434E-17));
#837=CARTESIAN_POINT('',(-0.00945608192390317,0.0230672695564252,0.0127));
#838=CARTESIAN_POINT('',(-0.00945608192390317,0.0230672695564252,4.5102810375397E-17));
#839=CARTESIAN_POINT('',(-0.0107013485615109,0.0251762460193369,0.0127));
#840=CARTESIAN_POINT('',(-0.0107013485615109,0.0251762460193369,4.33680868994202E-17));
#841=CARTESIAN_POINT('',(-0.0119205838910699,0.026769795749792,0.0127));
#842=CARTESIAN_POINT('',(-0.0119205838910699,0.026769795749792,4.33680868994202E-17));
#843=CARTESIAN_POINT('',(-0.012980698114232,0.0281319264466233,0.0127));
#844=CARTESIAN_POINT('',(-0.012980698114232,0.0281319264466233,4.33680868994202E-17));
#845=CARTESIAN_POINT('',(-0.0137378353978702,0.0293071626139816,0.0127));
#846=CARTESIAN_POINT('',(-0.0137378353978702,0.0293071626139816,4.16333634234434E-17));
#847=CARTESIAN_POINT('',(-0.0142234019365056,0.0302779438300471,0.0127));
#848=CARTESIAN_POINT('',(-0.0142234019365056,0.0302779438300471,4.5102810375397E-17));
#849=CARTESIAN_POINT('',(-0.0145596523245011,0.0313973529926693,0.0127));
#850=CARTESIAN_POINT('',(-0.0145596523245011,0.0313973529926693,4.68375338513738E-17));
#851=CARTESIAN_POINT('',(-0.0146010184359326,0.0327117715025959,0.0127));
#852=CARTESIAN_POINT('',(-0.0146010184359326,0.0327117715025959,4.33680868994202E-17));
#853=CARTESIAN_POINT('',(-0.0141772760023448,0.0340222289626722,0.0127));
#854=CARTESIAN_POINT('',(-0.0141772760023448,0.0340222289626722,3.98986399474666E-17));
#855=CARTESIAN_POINT('',(-0.0134946168975463,0.0350370569599224,0.0127));
#856=CARTESIAN_POINT('',(-0.0134946168975463,0.0350370569599224,4.5102810375397E-17));
#857=CARTESIAN_POINT('',(-0.0126628835751412,0.0358819041669309,0.0127));
#858=CARTESIAN_POINT('',(-0.0126628835751412,0.0358819041669309,4.85722573273506E-17));
#859=CARTESIAN_POINT('',(-0.0114077362409286,0.0368222869994617,0.0127));
#860=CARTESIAN_POINT('',(-0.0114077362409286,0.0368222869994617,3.98986399474666E-17));
#861=CARTESIAN_POINT('',(-0.00962668409238797,0.0377058575862389,0.0127));
#862=CARTESIAN_POINT('',(-0.00962668409238797,0.0377058575862389,4.33680868994202E-17));
#863=CARTESIAN_POINT('',(-0.00731993648308595,0.0382945985285474,0.0127));
#864=CARTESIAN_POINT('',(-0.00731993648308595,0.0382945985285474,4.5102810375397E-17));
#865=CARTESIAN_POINT('',(-0.00489235744227375,0.0381712173505084,0.0127));
#866=CARTESIAN_POINT('',(-0.00489235744227375,0.0381712173505084,4.68375338513738E-17));
#867=CARTESIAN_POINT('',(-0.00279938584851594,0.0371651579366183,0.0127));
#868=CARTESIAN_POINT('',(-0.00279938584851594,0.0371651579366183,4.33680868994202E-17));
#869=CARTESIAN_POINT('',(-0.00122811836613691,0.0355967531895543,0.0127));
#870=CARTESIAN_POINT('',(-0.00122811836613691,0.0355967531895543,4.5102810375397E-17));
#871=CARTESIAN_POINT('',(-7.25197569328027E-5,0.0337030783988836,0.0127));
#872=CARTESIAN_POINT('',(-7.25197569328027E-5,0.0337030783988836,4.16333634234434E-17));
#873=CARTESIAN_POINT('',(0.00110690436185781,0.0308426594904057,0.0127));
#874=CARTESIAN_POINT('',(0.00110690436185781,0.0308426594904057,4.5102810375397E-17));
#875=CARTESIAN_POINT('',(0.00206858330834248,0.0266477772927271,0.0127));
#876=CARTESIAN_POINT('',(0.00206858330834248,0.0266477772927271,4.5102810375397E-17));
#877=CARTESIAN_POINT('',(0.00238802159662697,0.0219127115853832,0.0127));
#878=CARTESIAN_POINT('',(0.00238802159662697,0.0219127115853832,4.68375338513738E-17));
#879=CARTESIAN_POINT('',(0.00225206668705748,0.0180028403368014,0.0127));
#880=CARTESIAN_POINT('',(0.00225206668705748,0.0180028403368014,4.33680868994202E-17));
#881=CARTESIAN_POINT('',(0.00193223665409378,0.0150312287636479,0.0127));
#882=CARTESIAN_POINT('',(0.00193223665409378,0.0150312287636479,4.68375338513738E-17));
#883=CARTESIAN_POINT('',(0.00145885667984855,0.0122216761348328,0.0127));
#884=CARTESIAN_POINT('',(0.00145885667984855,0.0122216761348328,4.68375338513738E-17));
#885=CARTESIAN_POINT('',(0.00104715250552206,0.00972451398618061,0.0127));
#886=CARTESIAN_POINT('',(0.00104715250552206,0.00972451398618061,4.5102810375397E-17));
#887=CARTESIAN_POINT('',(0.000902726440707666,0.0080503906987815,0.0127));
#888=CARTESIAN_POINT('',(0.000902726440707666,0.0080503906987815,4.16333634234434E-17));
#889=CARTESIAN_POINT('',(0.00095719935123839,0.00711118042440955,0.0127));
#890=CARTESIAN_POINT('',(0.00095719935123839,0.00711118042440955,3.98986399474666E-17));
#891=CARTESIAN_POINT('',(0.00105945806988628,0.0066642856869127,0.0127));
#892=CARTESIAN_POINT('',(0.00105945806988628,0.0066642856869127,4.5102810375397E-17));
#893=CARTESIAN_POINT('',(0.00115632928629745,0.00650699418122187,0.0127));
#894=CARTESIAN_POINT('',(0.00115632928629745,0.00650699418122187,4.68375338513738E-17));
#895=CARTESIAN_POINT('',(0.00112843760826207,0.00653831908471014,0.0127));
#896=CARTESIAN_POINT('',(0.00112843760826207,0.00653831908471014,4.16333634234434E-17));
#897=CARTESIAN_POINT('',(0.00122127943228674,0.00647074163371223,0.0127));
#898=CARTESIAN_POINT('',(0.00122127943228674,0.00647074163371223,3.98986399474666E-17));
#899=CARTESIAN_POINT('',(0.00163655560789559,0.00636783751030213,0.0127));
#900=CARTESIAN_POINT('',(0.00163655560789559,0.00636783751030213,4.5102810375397E-17));
#901=CARTESIAN_POINT('',(0.00221401355884276,0.0063483662438579,0.0127));
#902=CARTESIAN_POINT('',(0.00221401355884276,0.0063483662438579,3.98986399474666E-17));
#903=CARTESIAN_POINT('',(0.00307059677276962,0.00644452009812453,0.0127));
#904=CARTESIAN_POINT('',(0.00307059677276962,0.00644452009812453,5.03069808033274E-17));
#905=CARTESIAN_POINT('',(0.00365500386679009,0.0066549438701018,0.0127));
#906=CARTESIAN_POINT('',(0.00365500386679009,0.0066549438701018,4.33680868994202E-17));
#907=CARTESIAN_POINT('',(0.00387943690981835,0.00677788431082526,0.0127));
#908=CARTESIAN_POINT('',(0.00387943690981835,0.00677788431082526,4.33680868994202E-17));
#909=CARTESIAN_POINT('',(0.0341464949932447,7.17233018789781E-5,0.));
#910=CARTESIAN_POINT('',(0.0342566928823744,9.55975762351172E-5,0.));
#911=CARTESIAN_POINT('',(0.0344986740244165,0.000144706654700923,0.));
#912=CARTESIAN_POINT('',(0.0349341009890634,0.000204264198302564,0.));
#913=CARTESIAN_POINT('',(0.0354558507425062,0.000220761925912451,0.));
#914=CARTESIAN_POINT('',(0.0359726005346766,0.000155900941362985,0.));
#915=CARTESIAN_POINT('',(0.0364180909722891,2.37461658422507E-5,0.));
#916=CARTESIAN_POINT('',(0.0367625134698496,-0.000125222320927351,0.));
#917=CARTESIAN_POINT('',(0.0370809404869334,-0.000314235881141896,0.));
#918=CARTESIAN_POINT('',(0.0374475899895905,-0.000593095700370918,0.));
#919=CARTESIAN_POINT('',(0.0378141035571634,-0.000974221437017874,0.));
#920=CARTESIAN_POINT('',(0.0381423189611959,-0.00144402658055602,0.));
#921=CARTESIAN_POINT('',(0.0383936314561935,-0.00191707027363271,0.));
#922=CARTESIAN_POINT('',(0.0386542382929655,-0.0025502795818014,0.));
#923=CARTESIAN_POINT('',(0.0388748434366914,-0.00334874322692081,0.));
#924=CARTESIAN_POINT('',(0.0390195762282757,-0.00431444274297996,0.));
#925=CARTESIAN_POINT('',(0.0390558822174583,-0.00527465369759154,0.));
#926=CARTESIAN_POINT('',(0.0389806215260246,-0.0062158773451835,0.));
#927=CARTESIAN_POINT('',(0.0387471954747013,-0.00717479937945105,0.));
#928=CARTESIAN_POINT('',(0.0382725959788523,-0.00811534999907319,0.));
#929=CARTESIAN_POINT('',(0.0375755858582848,-0.00890207675730006,0.));
#930=CARTESIAN_POINT('',(0.0367694845603245,-0.00948588997501074,0.));
#931=CARTESIAN_POINT('',(0.0359045787177717,-0.00992973187826791,0.));
#932=CARTESIAN_POINT('',(0.0349657035287433,-0.0103009247323032,0.));
#933=CARTESIAN_POINT('',(0.033904525495869,-0.0106506270326392,0.));
#934=CARTESIAN_POINT('',(0.0327043408859936,-0.0109913064148374,0.));
#935=CARTESIAN_POINT('',(0.0309367963141899,-0.0114312085138975,0.));
#936=CARTESIAN_POINT('',(0.0284420956183206,-0.0119497278771527,0.));
#937=CARTESIAN_POINT('',(0.0251143580788727,-0.0124922422618469,0.));
#938=CARTESIAN_POINT('',(0.0215841000809257,-0.0129204922761339,0.));
#939=CARTESIAN_POINT('',(0.0179847117462918,-0.0131981549572506,0.));
#940=CARTESIAN_POINT('',(0.0144473481354458,-0.0132867098253629,0.));
#941=CARTESIAN_POINT('',(0.0116558946739223,-0.0131690876187701,0.));
#942=CARTESIAN_POINT('',(0.00957033684431491,-0.0129325388145336,0.));
#943=CARTESIAN_POINT('',(0.00760714470444853,-0.012595402963948,0.));
#944=CARTESIAN_POINT('',(0.00536158790674432,-0.0119866632747554,0.));
#945=CARTESIAN_POINT('',(0.00296586740631653,-0.0109589461987601,0.));
#946=CARTESIAN_POINT('',(0.00084373440045985,-0.00965497394854524,0.));
#947=CARTESIAN_POINT('',(-0.000723505440795236,-0.00837072947360221,0.));
#948=CARTESIAN_POINT('',(-0.0018833371726285,-0.00724488080456631,0.));
#949=CARTESIAN_POINT('',(-0.00271363374493766,-0.00635604761152425,0.));
#950=CARTESIAN_POINT('',(-0.00351673298800018,-0.0054228624396172,0.));
#951=CARTESIAN_POINT('',(-0.00455707736019354,-0.00411407674477854,0.));
#952=CARTESIAN_POINT('',(-0.00577931877144454,-0.00237661141011473,0.));
#953=CARTESIAN_POINT('',(-0.00707047838331049,-0.000171045104435702,0.));
#954=CARTESIAN_POINT('',(-0.00795324983491859,0.00173426371226229,0.));
#955=CARTESIAN_POINT('',(-0.00851254575001435,0.0032828335528352,0.));
#956=CARTESIAN_POINT('',(-0.00884932004381144,0.00445372075924652,0.));
#957=CARTESIAN_POINT('',(-0.00909402862684678,0.00562986697553118,0.));
#958=CARTESIAN_POINT('',(-0.00923167941699413,0.00681428825475872,0.));
#959=CARTESIAN_POINT('',(-0.00925909195729173,0.00794973964543889,0.));
#960=CARTESIAN_POINT('',(-0.00918396268386103,0.0094003096055539,0.));
#961=CARTESIAN_POINT('',(-0.00893730251607586,0.0110918157219213,0.));
#962=CARTESIAN_POINT('',(-0.00856866137163897,0.0129615900244706,0.));
#963=CARTESIAN_POINT('',(-0.00831471128870362,0.0144270726118568,0.));
#964=CARTESIAN_POINT('',(-0.00821061337107965,0.0154249908537598,0.));
#965=CARTESIAN_POINT('',(-0.0081773514002455,0.0159948381085861,0.));
#966=CARTESIAN_POINT('',(-0.00816127397530849,0.0165758829266474,0.));
#967=CARTESIAN_POINT('',(-0.00817400139048542,0.0173156037903754,0.));
#968=CARTESIAN_POINT('',(-0.00826553019927248,0.0185203212602695,0.));
#969=CARTESIAN_POINT('',(-0.00851506017490914,0.02004696913936,0.));
#970=CARTESIAN_POINT('',(-0.00894621977590776,0.0215549322017552,0.));
#971=CARTESIAN_POINT('',(-0.00939912813276964,0.0227235674105863,0.));
#972=CARTESIAN_POINT('',(-0.0097922336602038,0.0235745922821086,0.));
#973=CARTESIAN_POINT('',(-0.0102382110150489,0.0243953162837609,0.));
#974=CARTESIAN_POINT('',(-0.0107360257374472,0.0251754786496994,0.));
#975=CARTESIAN_POINT('',(-0.0113110627555815,0.0259720626167353,0.));
#976=CARTESIAN_POINT('',(-0.0119271708108327,0.0267747143434915,0.));
#977=CARTESIAN_POINT('',(-0.0125566590857428,0.0275888616137933,0.));
#978=CARTESIAN_POINT('',(-0.0131699830839035,0.0284252108000012,0.));
#979=CARTESIAN_POINT('',(-0.0137378261420475,0.0293074739219267,0.));
#980=CARTESIAN_POINT('',(-0.0142234383110345,0.0302772232867286,0.));
#981=CARTESIAN_POINT('',(-0.0145035031203462,0.0312128070961205,0.));
#982=CARTESIAN_POINT('',(-0.0145805215563913,0.0320510662212973,0.));
#983=CARTESIAN_POINT('',(-0.0145426283539763,0.0327092907262787,0.));
#984=CARTESIAN_POINT('',(-0.0143899670982798,0.0333784388393141,0.));
#985=CARTESIAN_POINT('',(-0.0141449081302904,0.0339831167132652,0.));
#986=CARTESIAN_POINT('',(-0.0138351397234169,0.0345268386208323,0.));
#987=CARTESIAN_POINT('',(-0.0133564582300219,0.0351794850140139,0.));
#988=CARTESIAN_POINT('',(-0.0126627452318961,0.0358813441929451,0.));
#989=CARTESIAN_POINT('',(-0.0117214925153612,0.0365873749689665,0.));
#990=CARTESIAN_POINT('',(-0.0106955759612387,0.0371755404976087,0.));
#991=CARTESIAN_POINT('',(-0.00960600812090954,0.0376479109187136,0.));
#992=CARTESIAN_POINT('',(-0.00847101107839793,0.0379964175831458,0.));
#993=CARTESIAN_POINT('',(-0.00749865356395179,0.0381697395322117,0.));
#994=CARTESIAN_POINT('',(-0.00670761510270924,0.0382229198508583,0.));
#995=CARTESIAN_POINT('',(-0.00590765645056447,0.0382096071484554,0.));
#996=CARTESIAN_POINT('',(-0.00493563174781691,0.0380591054600382,0.));
#997=CARTESIAN_POINT('',(-0.00384416371831481,0.0376684965409076,0.));
#998=CARTESIAN_POINT('',(-0.00286526273763265,0.0370951517572498,0.));
#999=CARTESIAN_POINT('',(-0.0020128045336278,0.0363794987166282,0.));
#1000=CARTESIAN_POINT('',(-0.00103617749055987,0.0352820895746004,0.));
#1001=CARTESIAN_POINT('',(-0.000264297571561917,0.0340178762987213,0.));
#1002=CARTESIAN_POINT('',(0.000368490592019564,0.032631609584894,0.));
#1003=CARTESIAN_POINT('',(0.000926077991220436,0.0311583247860311,0.));
#1004=CARTESIAN_POINT('',(0.00149096889931676,0.0291641337020474,0.));
#1005=CARTESIAN_POINT('',(0.00197231393053153,0.0265665449788683,0.));
#1006=CARTESIAN_POINT('',(0.00226058643877168,0.0238081299272443,0.));
#1007=CARTESIAN_POINT('',(0.00233883340349475,0.0214145999991222,0.));
#1008=CARTESIAN_POINT('',(0.00230220480860962,0.0194673706651675,0.));
#1009=CARTESIAN_POINT('',(0.00222417768048951,0.0179968803237973,0.));
#1010=CARTESIAN_POINT('',(0.0020956207409905,0.0165229419237326,0.));
#1011=CARTESIAN_POINT('',(0.00185135594773941,0.0145595580333392,0.));
#1012=CARTESIAN_POINT('',(0.00153776536842413,0.0126901891241444,0.));
#1013=CARTESIAN_POINT('',(0.00125347955782779,0.0109735031689916,0.));
#1014=CARTESIAN_POINT('',(0.00107716581160093,0.00978514047290865,0.));
#1015=CARTESIAN_POINT('',(0.000959165125450002,0.0087212330602302,0.));
#1016=CARTESIAN_POINT('',(0.000916752144818495,0.00781531640949456,0.));
#1017=CARTESIAN_POINT('',(0.000956901186509218,0.00711107426069486,0.));
#1018=CARTESIAN_POINT('',(0.00104301957468891,0.00673933076217011,0.));
#1019=CARTESIAN_POINT('',(0.00110686498679859,0.00658464845259595,0.));
#1020=CARTESIAN_POINT('',(0.00113922510794815,0.00653128082450699,0.));
#1021=CARTESIAN_POINT('',(0.00114944740474694,0.00652080974588638,0.));
#1022=CARTESIAN_POINT('',(0.00114675594825993,0.00652325949630662,0.));
#1023=CARTESIAN_POINT('',(0.00115162938799898,0.00651947703435813,0.));
#1024=CARTESIAN_POINT('',(0.0011813977021869,0.0065021244306752,0.));
#1025=CARTESIAN_POINT('',(0.00126344532594908,0.00646560046298498,0.));
#1026=CARTESIAN_POINT('',(0.00143134146407399,0.00641729205370797,0.));
#1027=CARTESIAN_POINT('',(0.00173140503727578,0.0063657861312501,0.));
#1028=CARTESIAN_POINT('',(0.00221443590092814,0.00634760934715576,0.));
#1029=CARTESIAN_POINT('',(0.00285651834429681,0.00642192524359958,0.));
#1030=CARTESIAN_POINT('',(0.00345950965999553,0.00657978507331132,0.));
#1031=CARTESIAN_POINT('',(0.00376722038830424,0.00671641409046354,0.));
#1032=CARTESIAN_POINT('',(0.00387943690981835,0.00677788431082526,0.));
#1033=CARTESIAN_POINT('',(0.00387943690981831,0.00677788431082524,0.));
#1034=CARTESIAN_POINT('',(0.0341464949932447,7.17233018789781E-5,0.0127));
#1035=CARTESIAN_POINT('',(0.0342566928823744,9.55975762351172E-5,0.0127));
#1036=CARTESIAN_POINT('',(0.0344986740244165,0.000144706654700923,0.0127));
#1037=CARTESIAN_POINT('',(0.0349341009890634,0.000204264198302564,0.0127));
#1038=CARTESIAN_POINT('',(0.0354558507425062,0.000220761925912451,0.0127));
#1039=CARTESIAN_POINT('',(0.0359726005346766,0.000155900941362985,0.0127));
#1040=CARTESIAN_POINT('',(0.0364180909722891,2.37461658422507E-5,0.0127));
#1041=CARTESIAN_POINT('',(0.0367625134698496,-0.000125222320927351,0.0127));
#1042=CARTESIAN_POINT('',(0.0370809404869334,-0.000314235881141896,0.0127));
#1043=CARTESIAN_POINT('',(0.0374475899895905,-0.000593095700370918,0.0127));
#1044=CARTESIAN_POINT('',(0.0378141035571634,-0.000974221437017874,0.0127));
#1045=CARTESIAN_POINT('',(0.0381423189611959,-0.00144402658055602,0.0127));
#1046=CARTESIAN_POINT('',(0.0383936314561935,-0.00191707027363271,0.0127));
#1047=CARTESIAN_POINT('',(0.0386542382929655,-0.0025502795818014,0.0127));
#1048=CARTESIAN_POINT('',(0.0388748434366914,-0.00334874322692081,0.0127));
#1049=CARTESIAN_POINT('',(0.0390195762282757,-0.00431444274297996,0.0127));
#1050=CARTESIAN_POINT('',(0.0390558822174583,-0.00527465369759154,0.0127));
#1051=CARTESIAN_POINT('',(0.0389806215260246,-0.0062158773451835,0.0127));
#1052=CARTESIAN_POINT('',(0.0387471954747013,-0.00717479937945105,0.0127));
#1053=CARTESIAN_POINT('',(0.0382725959788523,-0.00811534999907319,0.0127));
#1054=CARTESIAN_POINT('',(0.0375755858582848,-0.00890207675730006,0.0127));
#1055=CARTESIAN_POINT('',(0.0367694845603245,-0.00948588997501074,0.0127));
#1056=CARTESIAN_POINT('',(0.0359045787177717,-0.00992973187826791,0.0127));
#1057=CARTESIAN_POINT('',(0.0349657035287433,-0.0103009247323032,0.0127));
#1058=CARTESIAN_POINT('',(0.033904525495869,-0.0106506270326392,0.0127));
#1059=CARTESIAN_POINT('',(0.0327043408859936,-0.0109913064148374,0.0127));
#1060=CARTESIAN_POINT('',(0.0309367963141899,-0.0114312085138975,0.0127));
#1061=CARTESIAN_POINT('',(0.0284420956183206,-0.0119497278771527,0.0127));
#1062=CARTESIAN_POINT('',(0.0251143580788727,-0.0124922422618469,0.0127));
#1063=CARTESIAN_POINT('',(0.0215841000809257,-0.0129204922761339,0.0127));
#1064=CARTESIAN_POINT('',(0.0179847117462918,-0.0131981549572506,0.0127));
#1065=CARTESIAN_POINT('',(0.0144473481354458,-0.0132867098253629,0.0127));
#1066=CARTESIAN_POINT('',(0.0116558946739223,-0.0131690876187701,0.0127));
#1067=CARTESIAN_POINT('',(0.00957033684431491,-0.0129325388145336,0.0127));
#1068=CARTESIAN_POINT('',(0.00760714470444853,-0.012595402963948,0.0127));
#1069=CARTESIAN_POINT('',(0.00536158790674432,-0.0119866632747554,0.0127));
#1070=CARTESIAN_POINT('',(0.00296586740631653,-0.0109589461987601,0.0127));
#1071=CARTESIAN_POINT('',(0.00084373440045985,-0.00965497394854524,0.0127));
#1072=CARTESIAN_POINT('',(-0.000723505440795236,-0.00837072947360221,0.0127));
#1073=CARTESIAN_POINT('',(-0.0018833371726285,-0.00724488080456631,0.0127));
#1074=CARTESIAN_POINT('',(-0.00271363374493766,-0.00635604761152425,0.0127));
#1075=CARTESIAN_POINT('',(-0.00351673298800018,-0.0054228624396172,0.0127));
#1076=CARTESIAN_POINT('',(-0.00455707736019354,-0.00411407674477854,0.0127));
#1077=CARTESIAN_POINT('',(-0.00577931877144454,-0.00237661141011473,0.0127));
#1078=CARTESIAN_POINT('',(-0.00707047838331049,-0.000171045104435702,0.0127));
#1079=CARTESIAN_POINT('',(-0.00795324983491859,0.00173426371226229,0.0127));
#1080=CARTESIAN_POINT('',(-0.00851254575001435,0.0032828335528352,0.0127));
#1081=CARTESIAN_POINT('',(-0.00884932004381144,0.00445372075924652,0.0127));
#1082=CARTESIAN_POINT('',(-0.00909402862684678,0.00562986697553118,0.0127));
#1083=CARTESIAN_POINT('',(-0.00923167941699413,0.00681428825475872,0.0127));
#1084=CARTESIAN_POINT('',(-0.00925909195729173,0.00794973964543889,0.0127));
#1085=CARTESIAN_POINT('',(-0.00918396268386103,0.0094003096055539,0.0127));
#1086=CARTESIAN_POINT('',(-0.00893730251607586,0.0110918157219213,0.0127));
#1087=CARTESIAN_POINT('',(-0.00856866137163897,0.0129615900244706,0.0127));
#1088=CARTESIAN_POINT('',(-0.00831471128870362,0.0144270726118568,0.0127));
#1089=CARTESIAN_POINT('',(-0.00821061337107965,0.0154249908537598,0.0127));
#1090=CARTESIAN_POINT('',(-0.0081773514002455,0.0159948381085861,0.0127));
#1091=CARTESIAN_POINT('',(-0.00816127397530849,0.0165758829266474,0.0127));
#1092=CARTESIAN_POINT('',(-0.00817400139048542,0.0173156037903754,0.0127));
#1093=CARTESIAN_POINT('',(-0.00826553019927248,0.0185203212602695,0.0127));
#1094=CARTESIAN_POINT('',(-0.00851506017490914,0.02004696913936,0.0127));
#1095=CARTESIAN_POINT('',(-0.00894621977590776,0.0215549322017552,0.0127));
#1096=CARTESIAN_POINT('',(-0.00939912813276964,0.0227235674105863,0.0127));
#1097=CARTESIAN_POINT('',(-0.0097922336602038,0.0235745922821086,0.0127));
#1098=CARTESIAN_POINT('',(-0.0102382110150489,0.0243953162837609,0.0127));
#1099=CARTESIAN_POINT('',(-0.0107360257374472,0.0251754786496994,0.0127));
#1100=CARTESIAN_POINT('',(-0.0113110627555815,0.0259720626167353,0.0127));
#1101=CARTESIAN_POINT('',(-0.0119271708108327,0.0267747143434915,0.0127));
#1102=CARTESIAN_POINT('',(-0.0125566590857428,0.0275888616137933,0.0127));
#1103=CARTESIAN_POINT('',(-0.0131699830839035,0.0284252108000012,0.0127));
#1104=CARTESIAN_POINT('',(-0.0137378261420475,0.0293074739219267,0.0127));
#1105=CARTESIAN_POINT('',(-0.0142234383110345,0.0302772232867286,0.0127));
#1106=CARTESIAN_POINT('',(-0.0145035031203462,0.0312128070961205,0.0127));
#1107=CARTESIAN_POINT('',(-0.0145805215563913,0.0320510662212973,0.0127));
#1108=CARTESIAN_POINT('',(-0.0145426283539763,0.0327092907262787,0.0127));
#1109=CARTESIAN_POINT('',(-0.0143899670982798,0.0333784388393141,0.0127));
#1110=CARTESIAN_POINT('',(-0.0141449081302904,0.0339831167132652,0.0127));
#1111=CARTESIAN_POINT('',(-0.0138351397234169,0.0345268386208323,0.0127));
#1112=CARTESIAN_POINT('',(-0.0133564582300219,0.0351794850140139,0.0127));
#1113=CARTESIAN_POINT('',(-0.0126627452318961,0.0358813441929451,0.0127));
#1114=CARTESIAN_POINT('',(-0.0117214925153612,0.0365873749689665,0.0127));
#1115=CARTESIAN_POINT('',(-0.0106955759612387,0.0371755404976087,0.0127));
#1116=CARTESIAN_POINT('',(-0.00960600812090954,0.0376479109187136,0.0127));
#1117=CARTESIAN_POINT('',(-0.00847101107839793,0.0379964175831458,0.0127));
#1118=CARTESIAN_POINT('',(-0.00749865356395179,0.0381697395322117,0.0127));
#1119=CARTESIAN_POINT('',(-0.00670761510270924,0.0382229198508583,0.0127));
#1120=CARTESIAN_POINT('',(-0.00590765645056447,0.0382096071484554,0.0127));
#1121=CARTESIAN_POINT('',(-0.00493563174781691,0.0380591054600382,0.0127));
#1122=CARTESIAN_POINT('',(-0.00384416371831481,0.0376684965409076,0.0127));
#1123=CARTESIAN_POINT('',(-0.00286526273763265,0.0370951517572498,0.0127));
#1124=CARTESIAN_POINT('',(-0.0020128045336278,0.0363794987166282,0.0127));
#1125=CARTESIAN_POINT('',(-0.00103617749055987,0.0352820895746004,0.0127));
#1126=CARTESIAN_POINT('',(-0.000264297571561917,0.0340178762987213,0.0127));
#1127=CARTESIAN_POINT('',(0.000368490592019564,0.032631609584894,0.0127));
#1128=CARTESIAN_POINT('',(0.000926077991220436,0.0311583247860311,0.0127));
#1129=CARTESIAN_POINT('',(0.00149096889931676,0.0291641337020474,0.0127));
#1130=CARTESIAN_POINT('',(0.00197231393053153,0.0265665449788683,0.0127));
#1131=CARTESIAN_POINT('',(0.00226058643877168,0.0238081299272443,0.0127));
#1132=CARTESIAN_POINT('',(0.00233883340349475,0.0214145999991222,0.0127));
#1133=CARTESIAN_POINT('',(0.00230220480860962,0.0194673706651675,0.0127));
#1134=CARTESIAN_POINT('',(0.00222417768048951,0.0179968803237973,0.0127));
#1135=CARTESIAN_POINT('',(0.0020956207409905,0.0165229419237326,0.0127));
#1136=CARTESIAN_POINT('',(0.00185135594773941,0.0145595580333392,0.0127));
#1137=CARTESIAN_POINT('',(0.00153776536842413,0.0126901891241444,0.0127));
#1138=CARTESIAN_POINT('',(0.00125347955782779,0.0109735031689916,0.0127));
#1139=CARTESIAN_POINT('',(0.00107716581160093,0.00978514047290865,0.0127));
#1140=CARTESIAN_POINT('',(0.000959165125450002,0.0087212330602302,0.0127));
#1141=CARTESIAN_POINT('',(0.000916752144818495,0.00781531640949456,0.0127));
#1142=CARTESIAN_POINT('',(0.000956901186509218,0.00711107426069486,0.0127));
#1143=CARTESIAN_POINT('',(0.00104301957468891,0.00673933076217011,0.0127));
#1144=CARTESIAN_POINT('',(0.00110686498679859,0.00658464845259595,0.0127));
#1145=CARTESIAN_POINT('',(0.00113922510794815,0.00653128082450699,0.0127));
#1146=CARTESIAN_POINT('',(0.00114944740474694,0.00652080974588638,0.0127));
#1147=CARTESIAN_POINT('',(0.00114675594825993,0.00652325949630662,0.0127));
#1148=CARTESIAN_POINT('',(0.00115162938799898,0.00651947703435813,0.0127));
#1149=CARTESIAN_POINT('',(0.0011813977021869,0.0065021244306752,0.0127));
#1150=CARTESIAN_POINT('',(0.00126344532594908,0.00646560046298498,0.0127));
#1151=CARTESIAN_POINT('',(0.00143134146407399,0.00641729205370797,0.0127));
#1152=CARTESIAN_POINT('',(0.00173140503727578,0.0063657861312501,0.0127));
#1153=CARTESIAN_POINT('',(0.00221443590092814,0.00634760934715576,0.0127));
#1154=CARTESIAN_POINT('',(0.00285651834429681,0.00642192524359958,0.0127));
#1155=CARTESIAN_POINT('',(0.00345950965999553,0.00657978507331132,0.0127));
#1156=CARTESIAN_POINT('',(0.00376722038830424,0.00671641409046354,0.0127));
#1157=CARTESIAN_POINT('',(0.00387943690981835,0.00677788431082526,0.0127));
#1158=CARTESIAN_POINT('',(0.00387943690981831,0.00677788431082524,0.0127));
#1159=CARTESIAN_POINT('',(0.00387943690981831,0.00677788431082524,0.0127));
#1160=CARTESIAN_POINT('',(0.00387943690981831,0.00677788431082523,0.0127));
#1161=CARTESIAN_POINT('',(0.00387943690981831,0.00677788431082523,0.));
#1162=CARTESIAN_POINT('',(0.00382732119392474,0.00694884209930663,0.0127));
#1163=CARTESIAN_POINT('',(0.00382732119392474,0.00694884209930663,0.));
#1164=CARTESIAN_POINT('',(0.0036368358856276,0.00744149820181828,0.0127));
#1165=CARTESIAN_POINT('',(0.0036368358856276,0.00744149820181828,-1.73472347597681E-18));
#1166=CARTESIAN_POINT('',(0.00317470276055509,0.0084701851076612,0.0127));
#1167=CARTESIAN_POINT('',(0.00317470276055509,0.0084701851076612,0.));
#1168=CARTESIAN_POINT('',(0.00267825608850556,0.00974374129796494,0.0127));
#1169=CARTESIAN_POINT('',(0.00267825608850556,0.00974374129796494,-3.46944695195361E-18));
#1170=CARTESIAN_POINT('',(0.00229389968991871,0.011279550622915,0.0127));
#1171=CARTESIAN_POINT('',(0.00229389968991871,0.011279550622915,3.46944695195361E-18));
#1172=CARTESIAN_POINT('',(0.00225496690650698,0.0130385199868707,0.0127));
#1173=CARTESIAN_POINT('',(0.00225496690650698,0.0130385199868707,0.));
#1174=CARTESIAN_POINT('',(0.00255211203386276,0.0147010463420935,0.0127));
#1175=CARTESIAN_POINT('',(0.00255211203386276,0.0147010463420935,-1.73472347597681E-18));
#1176=CARTESIAN_POINT('',(0.00307455990707989,0.0163257592291204,0.0127));
#1177=CARTESIAN_POINT('',(0.00307455990707989,0.0163257592291204,1.73472347597681E-18));
#1178=CARTESIAN_POINT('',(0.00400210963101578,0.0184242554284764,0.0127));
#1179=CARTESIAN_POINT('',(0.00400210963101578,0.0184242554284764,1.73472347597681E-18));
#1180=CARTESIAN_POINT('',(0.00547575161398032,0.0209212516346788,0.0127));
#1181=CARTESIAN_POINT('',(0.00547575161398032,0.0209212516346788,0.));
#1182=CARTESIAN_POINT('',(0.00740706490658267,0.0235937177832782,0.0127));
#1183=CARTESIAN_POINT('',(0.00740706490658267,0.0235937177832782,-1.73472347597681E-18));
#1184=CARTESIAN_POINT('',(0.00923243920195707,0.0257912293797294,0.0127));
#1185=CARTESIAN_POINT('',(0.00923243920195707,0.0257912293797294,1.73472347597681E-18));
#1186=CARTESIAN_POINT('',(0.0100201618219148,0.0267450912740997,0.0127));
#1187=CARTESIAN_POINT('',(0.0100201618219148,0.0267450912740997,1.73472347597681E-18));
#1188=CARTESIAN_POINT('',(0.0102027607551098,0.0270295593412531,0.0127));
#1189=CARTESIAN_POINT('',(0.0102027607551098,0.0270295593412531,0.));
#1190=CARTESIAN_POINT('',(0.00387943690981831,0.00677788431082523,0.));
#1191=CARTESIAN_POINT('',(0.00382732119392474,0.00694884209930663,0.));
#1192=CARTESIAN_POINT('',(0.00363671934088648,0.00744159013174011,0.));
#1193=CARTESIAN_POINT('',(0.00317511066714913,0.00846986335293446,0.));
#1194=CARTESIAN_POINT('',(0.00275980261691671,0.00953242421461478,0.));
#1195=CARTESIAN_POINT('',(0.00248814655836816,0.0105100142043244,0.));
#1196=CARTESIAN_POINT('',(0.00233782523068053,0.0113051214654955,0.));
#1197=CARTESIAN_POINT('',(0.00226937427359707,0.0121699637101894,0.));
#1198=CARTESIAN_POINT('',(0.00229789552527117,0.0130244062081495,0.));
#1199=CARTESIAN_POINT('',(0.00240492297512764,0.0138670883697042,0.));
#1200=CARTESIAN_POINT('',(0.00263839148319705,0.014973392538805,0.));
#1201=CARTESIAN_POINT('',(0.00307479914818376,0.0163251867631491,0.));
#1202=CARTESIAN_POINT('',(0.00377026731927901,0.0178999338906787,0.));
#1203=CARTESIAN_POINT('',(0.0045911467061091,0.0194224163287635,0.));
#1204=CARTESIAN_POINT('',(0.00549567557277713,0.0208807446207855,0.));
#1205=CARTESIAN_POINT('',(0.00644360359970917,0.0222581856973235,0.));
#1206=CARTESIAN_POINT('',(0.00739570766478122,0.0235351005698313,0.));
#1207=CARTESIAN_POINT('',(0.00831001618343345,0.0246887641708715,0.));
#1208=CARTESIAN_POINT('',(0.0091536050169043,0.0256983209495818,0.));
#1209=CARTESIAN_POINT('',(0.00982640859525406,0.0264986095542821,0.));
#1210=CARTESIAN_POINT('',(0.0101114612885123,0.0268873253076764,0.));
#1211=CARTESIAN_POINT('',(0.0102027607551098,0.0270295593412531,0.));
#1212=CARTESIAN_POINT('',(0.00387943690981831,0.00677788431082523,0.0127));
#1213=CARTESIAN_POINT('',(0.00382732119392474,0.00694884209930663,0.0127));
#1214=CARTESIAN_POINT('',(0.00363671934088648,0.00744159013174011,0.0127));
#1215=CARTESIAN_POINT('',(0.00317511066714913,0.00846986335293446,0.0127));
#1216=CARTESIAN_POINT('',(0.00275980261691671,0.00953242421461478,0.0127));
#1217=CARTESIAN_POINT('',(0.00248814655836816,0.0105100142043244,0.0127));
#1218=CARTESIAN_POINT('',(0.00233782523068053,0.0113051214654955,0.0127));
#1219=CARTESIAN_POINT('',(0.00226937427359707,0.0121699637101894,0.0127));
#1220=CARTESIAN_POINT('',(0.00229789552527117,0.0130244062081495,0.0127));
#1221=CARTESIAN_POINT('',(0.00240492297512764,0.0138670883697042,0.0127));
#1222=CARTESIAN_POINT('',(0.00263839148319705,0.014973392538805,0.0127));
#1223=CARTESIAN_POINT('',(0.00307479914818376,0.0163251867631491,0.0127));
#1224=CARTESIAN_POINT('',(0.00377026731927901,0.0178999338906787,0.0127));
#1225=CARTESIAN_POINT('',(0.0045911467061091,0.0194224163287635,0.0127));
#1226=CARTESIAN_POINT('',(0.00549567557277713,0.0208807446207855,0.0127));
#1227=CARTESIAN_POINT('',(0.00644360359970917,0.0222581856973235,0.0127));
#1228=CARTESIAN_POINT('',(0.00739570766478122,0.0235351005698313,0.0127));
#1229=CARTESIAN_POINT('',(0.00831001618343345,0.0246887641708715,0.0127));
#1230=CARTESIAN_POINT('',(0.0091536050169043,0.0256983209495818,0.0127));
#1231=CARTESIAN_POINT('',(0.00982640859525406,0.0264986095542821,0.0127));
#1232=CARTESIAN_POINT('',(0.0101114612885123,0.0268873253076764,0.0127));
#1233=CARTESIAN_POINT('',(0.0102027607551098,0.0270295593412531,0.0127));
#1234=CARTESIAN_POINT('',(0.00965951010584831,0.0450696051120758,0.014732));
#1235=CARTESIAN_POINT('',(0.00965951010584831,0.0450696051120758,3.46944695195361E-18));
#1236=CARTESIAN_POINT('',(0.00955099214718687,0.0475045357588032,0.014732));
#1237=CARTESIAN_POINT('',(0.00955099214718687,0.0475045357588032,3.46944695195361E-18));
#1238=CARTESIAN_POINT('',(0.00973577397378365,0.0539232189301365,0.014732));
#1239=CARTESIAN_POINT('',(0.00973577397378365,0.0539232189301365,3.46944695195361E-18));
#1240=CARTESIAN_POINT('',(0.0162183062113725,0.0465523316843841,0.014732));
#1241=CARTESIAN_POINT('',(0.0162183062113725,0.0465523316843841,3.46944695195361E-18));
#1242=CARTESIAN_POINT('',(0.0130300446379766,0.0437308264181698,0.014732));
#1243=CARTESIAN_POINT('',(0.0130300446379766,0.0437308264181698,3.46944695195361E-18));
#1244=CARTESIAN_POINT('',(0.0275214561776176,0.0431460553806553,0.014732));
#1245=CARTESIAN_POINT('',(0.0275214561776176,0.0431460553806553,3.46944695195361E-18));
#1246=CARTESIAN_POINT('',(0.0246275667258676,0.0480358886512644,0.014732));
#1247=CARTESIAN_POINT('',(0.0246275667258676,0.0480358886512644,3.46944695195361E-18));
#1248=CARTESIAN_POINT('',(0.0299094866686891,0.0531438134644401,0.014732));
#1249=CARTESIAN_POINT('',(0.0299094866686891,0.0531438134644401,3.46944695195361E-18));
#1250=CARTESIAN_POINT('',(0.0309237133873815,0.0454857979001206,0.014732));
#1251=CARTESIAN_POINT('',(0.0309237133873815,0.0454857979001206,3.46944695195361E-18));
#1252=CARTESIAN_POINT('',(0.031480234911545,0.0399105558381805,0.014732));
#1253=CARTESIAN_POINT('',(0.031480234911545,0.0399105558381805,3.46944695195361E-18));
#1254=CARTESIAN_POINT('',(0.0343328437274515,0.0357213482474613,0.014732));
#1255=CARTESIAN_POINT('',(0.0343328437274515,0.0357213482474613,3.46944695195361E-18));
#1256=CARTESIAN_POINT('',(0.0326154207987445,0.0303588086694106,0.014732));
#1257=CARTESIAN_POINT('',(0.0326154207987445,0.0303588086694106,3.46944695195361E-18));
#1258=CARTESIAN_POINT('',(0.0297528424991651,0.0275572848059835,0.014732));
#1259=CARTESIAN_POINT('',(0.0297528424991651,0.0275572848059835,3.46944695195361E-18));
#1260=CARTESIAN_POINT('',(0.0306769720501001,0.0231480335999887,0.014732));
#1261=CARTESIAN_POINT('',(0.0306769720501001,0.0231480335999887,3.46944695195361E-18));
#1262=CARTESIAN_POINT('',(0.0361072703917543,0.0114939177856844,0.014732));
#1263=CARTESIAN_POINT('',(0.0361072703917543,0.0114939177856844,3.46944695195361E-18));
#1264=CARTESIAN_POINT('',(0.031220810917286,0.000604131645999154,0.014732));
#1265=CARTESIAN_POINT('',(0.031220810917286,0.000604131645999154,3.46944695195361E-18));
#1266=CARTESIAN_POINT('',(0.0329495381537303,-0.00283835543141827,0.014732));
#1267=CARTESIAN_POINT('',(0.0329495381537303,-0.00283835543141827,3.46944695195361E-18));
#1268=CARTESIAN_POINT('',(0.0364455817335277,-0.000753580374653664,0.014732));
#1269=CARTESIAN_POINT('',(0.0364455817335277,-0.000753580374653664,3.46944695195361E-18));
#1270=CARTESIAN_POINT('',(0.0375287177743905,-0.00646562059563751,0.014732));
#1271=CARTESIAN_POINT('',(0.0375287177743905,-0.00646562059563751,3.46944695195361E-18));
#1272=CARTESIAN_POINT('',(0.0342192341931347,-0.00932776718417162,0.014732));
#1273=CARTESIAN_POINT('',(0.0342192341931347,-0.00932776718417162,3.46944695195361E-18));
#1274=CARTESIAN_POINT('',(0.00927563090705988,-0.0132305741212834,0.014732));
#1275=CARTESIAN_POINT('',(0.00927563090705988,-0.0132305741212834,3.46944695195361E-18));
#1276=CARTESIAN_POINT('',(-0.00160851769364387,-0.00603545798416103,0.014732));
#1277=CARTESIAN_POINT('',(-0.00160851769364387,-0.00603545798416103,3.46944695195361E-18));
#1278=CARTESIAN_POINT('',(-0.0088377573258342,0.00637660185790776,0.014732));
#1279=CARTESIAN_POINT('',(-0.0088377573258342,0.00637660185790776,3.46944695195361E-18));
#1280=CARTESIAN_POINT('',(-0.0051682206292298,0.0153561103356824,0.014732));
#1281=CARTESIAN_POINT('',(-0.0051682206292298,0.0153561103356824,3.46944695195361E-18));
#1282=CARTESIAN_POINT('',(-0.00748981921779712,0.025982052319124,0.014732));
#1283=CARTESIAN_POINT('',(-0.00748981921779712,0.025982052319124,3.46944695195361E-18));
#1284=CARTESIAN_POINT('',(-0.0153430307279234,0.0327023752051121,0.014732));
#1285=CARTESIAN_POINT('',(-0.0153430307279234,0.0327023752051121,3.46944695195361E-18));
#1286=CARTESIAN_POINT('',(-0.00584234124153444,0.0378224808962627,0.014732));
#1287=CARTESIAN_POINT('',(-0.00584234124153444,0.0378224808962627,3.46944695195361E-18));
#1288=CARTESIAN_POINT('',(-0.000312090444491219,0.0320817545125211,0.014732));
#1289=CARTESIAN_POINT('',(-0.000312090444491219,0.0320817545125211,3.46944695195361E-18));
#1290=CARTESIAN_POINT('',(0.00124446213813897,0.0169504399809653,0.014732));
#1291=CARTESIAN_POINT('',(0.00124446213813897,0.0169504399809653,3.46944695195361E-18));
#1292=CARTESIAN_POINT('',(-0.00325962558081801,0.002826128260122,0.014732));
#1293=CARTESIAN_POINT('',(-0.00325962558081801,0.002826128260122,3.46944695195361E-18));
#1294=CARTESIAN_POINT('',(0.00859402034741082,0.00519200950292131,0.014732));
#1295=CARTESIAN_POINT('',(0.00859402034741082,0.00519200950292131,3.46944695195361E-18));
#1296=CARTESIAN_POINT('',(0.00148130589644308,0.0123280673790006,0.014732));
#1297=CARTESIAN_POINT('',(0.00148130589644308,0.0123280673790006,3.46944695195361E-18));
#1298=CARTESIAN_POINT('',(0.00993586480576577,0.0237789655974537,0.014732));
#1299=CARTESIAN_POINT('',(0.00993586480576577,0.0237789655974537,3.46944695195361E-18));
#1300=CARTESIAN_POINT('',(0.0138033775061488,0.027738550363776,0.014732));
#1301=CARTESIAN_POINT('',(0.0138033775061488,0.027738550363776,3.46944695195361E-18));
#1302=CARTESIAN_POINT('',(0.00673780484018902,0.0314336253530431,0.014732));
#1303=CARTESIAN_POINT('',(0.00673780484018902,0.0314336253530431,3.46944695195361E-18));
#1304=CARTESIAN_POINT('',(0.0104372039415245,0.039106543295129,0.014732));
#1305=CARTESIAN_POINT('',(0.0104372039415245,0.039106543295129,3.46944695195361E-18));
#1306=CARTESIAN_POINT('',(0.00977110628139494,0.0425656053018342,0.014732));
#1307=CARTESIAN_POINT('',(0.00977110628139494,0.0425656053018342,3.46944695195361E-18));
#1308=CARTESIAN_POINT('',(0.00965951010584831,0.0450696051120758,0.014732));
#1309=CARTESIAN_POINT('',(0.00965951010584831,0.0450696051120758,3.46944695195361E-18));
#1310=CARTESIAN_POINT('',(0.00965951010584831,0.0450696051120758,0.));
#1311=CARTESIAN_POINT('',(0.00955099214718687,0.0475045357588032,0.));
#1312=CARTESIAN_POINT('',(0.00973577397378365,0.0539232189301365,0.));
#1313=CARTESIAN_POINT('',(0.0162183062113725,0.0465523316843841,0.));
#1314=CARTESIAN_POINT('',(0.0130300446379766,0.0437308264181698,0.));
#1315=CARTESIAN_POINT('',(0.0275214561776176,0.0431460553806553,0.));
#1316=CARTESIAN_POINT('',(0.0246275667258676,0.0480358886512644,0.));
#1317=CARTESIAN_POINT('',(0.0299094866686891,0.0531438134644401,0.));
#1318=CARTESIAN_POINT('',(0.0309237133873815,0.0454857979001206,0.));
#1319=CARTESIAN_POINT('',(0.031480234911545,0.0399105558381805,0.));
#1320=CARTESIAN_POINT('',(0.0343328437274515,0.0357213482474613,0.));
#1321=CARTESIAN_POINT('',(0.0326154207987445,0.0303588086694106,0.));
#1322=CARTESIAN_POINT('',(0.0297528424991651,0.0275572848059835,0.));
#1323=CARTESIAN_POINT('',(0.0306769720501001,0.0231480335999887,0.));
#1324=CARTESIAN_POINT('',(0.0361072703917543,0.0114939177856844,0.));
#1325=CARTESIAN_POINT('',(0.031220810917286,0.000604131645999154,0.));
#1326=CARTESIAN_POINT('',(0.0329495381537303,-0.00283835543141827,0.));
#1327=CARTESIAN_POINT('',(0.0364455817335277,-0.000753580374653664,0.));
#1328=CARTESIAN_POINT('',(0.0375287177743905,-0.00646562059563751,0.));
#1329=CARTESIAN_POINT('',(0.0342192341931347,-0.00932776718417162,0.));
#1330=CARTESIAN_POINT('',(0.00927563090705988,-0.0132305741212834,0.));
#1331=CARTESIAN_POINT('',(-0.00160851769364387,-0.00603545798416103,0.));
#1332=CARTESIAN_POINT('',(-0.0088377573258342,0.00637660185790776,0.));
#1333=CARTESIAN_POINT('',(-0.0051682206292298,0.0153561103356824,0.));
#1334=CARTESIAN_POINT('',(-0.00748981921779712,0.025982052319124,0.));
#1335=CARTESIAN_POINT('',(-0.0153430307279234,0.0327023752051121,0.));
#1336=CARTESIAN_POINT('',(-0.00584234124153444,0.0378224808962627,0.));
#1337=CARTESIAN_POINT('',(-0.000312090444491219,0.0320817545125211,0.));
#1338=CARTESIAN_POINT('',(0.00124446213813897,0.0169504399809653,0.));
#1339=CARTESIAN_POINT('',(-0.00325962558081801,0.002826128260122,0.));
#1340=CARTESIAN_POINT('',(0.00859402034741082,0.00519200950292131,0.));
#1341=CARTESIAN_POINT('',(0.00148130589644308,0.0123280673790006,0.));
#1342=CARTESIAN_POINT('',(0.00993586480576577,0.0237789655974537,0.));
#1343=CARTESIAN_POINT('',(0.0138033775061488,0.027738550363776,0.));
#1344=CARTESIAN_POINT('',(0.00673780484018902,0.0314336253530431,0.));
#1345=CARTESIAN_POINT('',(0.0104372039415245,0.039106543295129,0.));
#1346=CARTESIAN_POINT('',(0.00977110628139494,0.0425656053018342,0.));
#1347=CARTESIAN_POINT('',(0.00965951010584831,0.0450696051120758,0.));
#1348=CARTESIAN_POINT('',(0.00965951010584831,0.0450696051120758,0.));
#1349=CARTESIAN_POINT('',(0.00965951010584831,0.0450696051120758,0.014732));
#1350=CARTESIAN_POINT('',(0.00955099214718687,0.0475045357588032,0.014732));
#1351=CARTESIAN_POINT('',(0.00973577397378365,0.0539232189301365,0.014732));
#1352=CARTESIAN_POINT('',(0.0162183062113725,0.0465523316843841,0.014732));
#1353=CARTESIAN_POINT('',(0.0130300446379766,0.0437308264181698,0.014732));
#1354=CARTESIAN_POINT('',(0.0275214561776176,0.0431460553806553,0.014732));
#1355=CARTESIAN_POINT('',(0.0246275667258676,0.0480358886512644,0.014732));
#1356=CARTESIAN_POINT('',(0.0299094866686891,0.0531438134644401,0.014732));
#1357=CARTESIAN_POINT('',(0.0309237133873815,0.0454857979001206,0.014732));
#1358=CARTESIAN_POINT('',(0.031480234911545,0.0399105558381805,0.014732));
#1359=CARTESIAN_POINT('',(0.0343328437274515,0.0357213482474613,0.014732));
#1360=CARTESIAN_POINT('',(0.0326154207987445,0.0303588086694106,0.014732));
#1361=CARTESIAN_POINT('',(0.0297528424991651,0.0275572848059835,0.014732));
#1362=CARTESIAN_POINT('',(0.0306769720501001,0.0231480335999887,0.014732));
#1363=CARTESIAN_POINT('',(0.0361072703917543,0.0114939177856844,0.014732));
#1364=CARTESIAN_POINT('',(0.031220810917286,0.000604131645999154,0.014732));
#1365=CARTESIAN_POINT('',(0.0329495381537303,-0.00283835543141827,0.014732));
#1366=CARTESIAN_POINT('',(0.0364455817335277,-0.000753580374653664,0.014732));
#1367=CARTESIAN_POINT('',(0.0375287177743905,-0.00646562059563751,0.014732));
#1368=CARTESIAN_POINT('',(0.0342192341931347,-0.00932776718417162,0.014732));
#1369=CARTESIAN_POINT('',(0.00927563090705988,-0.0132305741212834,0.014732));
#1370=CARTESIAN_POINT('',(-0.00160851769364387,-0.00603545798416103,0.014732));
#1371=CARTESIAN_POINT('',(-0.0088377573258342,0.00637660185790776,0.014732));
#1372=CARTESIAN_POINT('',(-0.0051682206292298,0.0153561103356824,0.014732));
#1373=CARTESIAN_POINT('',(-0.00748981921779712,0.025982052319124,0.014732));
#1374=CARTESIAN_POINT('',(-0.0153430307279234,0.0327023752051121,0.014732));
#1375=CARTESIAN_POINT('',(-0.00584234124153444,0.0378224808962627,0.014732));
#1376=CARTESIAN_POINT('',(-0.000312090444491219,0.0320817545125211,0.014732));
#1377=CARTESIAN_POINT('',(0.00124446213813897,0.0169504399809653,0.014732));
#1378=CARTESIAN_POINT('',(-0.00325962558081801,0.002826128260122,0.014732));
#1379=CARTESIAN_POINT('',(0.00859402034741082,0.00519200950292131,0.014732));
#1380=CARTESIAN_POINT('',(0.00148130589644308,0.0123280673790006,0.014732));
#1381=CARTESIAN_POINT('',(0.00993586480576577,0.0237789655974537,0.014732));
#1382=CARTESIAN_POINT('',(0.0138033775061488,0.027738550363776,0.014732));
#1383=CARTESIAN_POINT('',(0.00673780484018902,0.0314336253530431,0.014732));
#1384=CARTESIAN_POINT('',(0.0104372039415245,0.039106543295129,0.014732));
#1385=CARTESIAN_POINT('',(0.00977110628139494,0.0425656053018342,0.014732));
#1386=CARTESIAN_POINT('',(0.00965951010584831,0.0450696051120758,0.014732));
#1387=CARTESIAN_POINT('',(0.00965951010584831,0.0450696051120758,0.014732));
#1388=CARTESIAN_POINT('',(0.00779870860655774,0.0423547749338098,0.));
#1389=CARTESIAN_POINT('',(0.00327919178074802,0.0460353742751381,0.014732));
#1390=CARTESIAN_POINT('',(0.0415295317353488,0.00425542421353902,0.014732));
#1391=CARTESIAN_POINT('',(0.0418763762370125,0.00395630350782887,0.014732));
#1392=CARTESIAN_POINT('',(0.0423366438193409,0.00349396483861073,0.014732));
#1393=CARTESIAN_POINT('',(0.04282666902165,0.00290845188599391,0.014732));
#1394=CARTESIAN_POINT('',(0.043153037750036,0.00247298080479372,0.014732));
#1395=CARTESIAN_POINT('',(0.0434376406502198,0.00204957343384627,0.014732));
#1396=CARTESIAN_POINT('',(0.0437633346976185,0.00151440581147422,0.014732));
#1397=CARTESIAN_POINT('',(0.0440365819664403,0.000992818762285934,0.014732));
#1398=CARTESIAN_POINT('',(0.0442606933419589,0.000504237019732576,0.014732));
#1399=CARTESIAN_POINT('',(0.0444616021251696,2.47521429532521E-5,0.014732));
#1400=CARTESIAN_POINT('',(0.0447504135238094,-0.000766617658681451,0.014732));
#1401=CARTESIAN_POINT('',(0.044987922522224,-0.0016369551081463,0.014732));
#1402=CARTESIAN_POINT('',(0.0451526432177584,-0.00244599079356434,0.014732));
#1403=CARTESIAN_POINT('',(0.0452825077662762,-0.0032551192924987,0.014732));
#1404=CARTESIAN_POINT('',(0.0453599782441192,-0.00404518253922401,0.014732));
#1405=CARTESIAN_POINT('',(0.0453870119961268,-0.00474590702628218,0.014732));
#1406=CARTESIAN_POINT('',(0.0453899605619323,-0.00514874702507988,0.014732));
#1407=CARTESIAN_POINT('',(0.0453846230851126,-0.00555051452414511,0.014732));
#1408=CARTESIAN_POINT('',(0.0453612821958721,-0.00607378405262817,0.014732));
#1409=CARTESIAN_POINT('',(0.0453094154146249,-0.00662748916168187,0.014732));
#1410=CARTESIAN_POINT('',(0.0452475897279718,-0.00708411645277785,0.014732));
#1411=CARTESIAN_POINT('',(0.0451716536155001,-0.00754790719166669,0.014732));
#1412=CARTESIAN_POINT('',(0.0450425147376735,-0.00816648129545467,0.014732));
#1413=CARTESIAN_POINT('',(0.0448198381492901,-0.00895691844527236,0.014732));
#1414=CARTESIAN_POINT('',(0.0445134838787719,-0.00978658641224587,0.014732));
#1415=CARTESIAN_POINT('',(0.0441348043743931,-0.010597163615531,0.014732));
#1416=CARTESIAN_POINT('',(0.0437526035574459,-0.0112643557099025,0.014732));
#1417=CARTESIAN_POINT('',(0.0433962568705379,-0.0117974627021286,0.014732));
#1418=CARTESIAN_POINT('',(0.0430244547998967,-0.0123015296205204,0.014732));
#1419=CARTESIAN_POINT('',(0.0425369993364205,-0.0128785191224643,0.014732));
#1420=CARTESIAN_POINT('',(0.0419185509131842,-0.0134998490767229,0.014732));
#1421=CARTESIAN_POINT('',(0.0412758612359889,-0.0140506853961216,0.014732));
#1422=CARTESIAN_POINT('',(0.0406442848118383,-0.014516915542743,0.014732));
#1423=CARTESIAN_POINT('',(0.0400383622235693,-0.014908114219372,0.014732));
#1424=CARTESIAN_POINT('',(0.0394543930362509,-0.0152420032988746,0.014732));
#1425=CARTESIAN_POINT('',(0.0388905740679586,-0.0155293261045177,0.014732));
#1426=CARTESIAN_POINT('',(0.0383618517318626,-0.0157724687900858,0.014732));
#1427=CARTESIAN_POINT('',(0.0378492974183519,-0.0159879650292799,0.014732));
#1428=CARTESIAN_POINT('',(0.0373518047111661,-0.0161803548406169,0.014732));
#1429=CARTESIAN_POINT('',(0.0367124226802867,-0.0164108297104483,0.014732));
#1430=CARTESIAN_POINT('',(0.0359026264594577,-0.016676456811389,0.014732));
#1431=CARTESIAN_POINT('',(0.0349044799551878,-0.0169701142571459,0.014732));
#1432=CARTESIAN_POINT('',(0.0335154210649996,-0.017340839952335,0.014732));
#1433=CARTESIAN_POINT('',(0.0316694838745906,-0.0177708430573513,0.014732));
#1434=CARTESIAN_POINT('',(0.0292770989936665,-0.0182417487939041,0.014732));
#1435=CARTESIAN_POINT('',(0.0267351352006833,-0.0186618934625802,0.014732));
#1436=CARTESIAN_POINT('',(0.0240771253212932,-0.0190219610679496,0.014732));
#1437=CARTESIAN_POINT('',(0.0213407216478511,-0.0193100275888696,0.014732));
#1438=CARTESIAN_POINT('',(0.0185622713870387,-0.0195125135243214,0.014732));
#1439=CARTESIAN_POINT('',(0.0157756781992578,-0.0196133382525675,0.014732));
#1440=CARTESIAN_POINT('',(0.0130119458359335,-0.0195938524586357,0.014732));
#1441=CARTESIAN_POINT('',(0.0102750162584692,-0.019427139691078,0.014732));
#1442=CARTESIAN_POINT('',(0.00758042822836335,-0.0190685276201231,0.014732));
#1443=CARTESIAN_POINT('',(0.00501727195460186,-0.0184989171570772,0.014732));
#1444=CARTESIAN_POINT('',(0.00256963831504564,-0.0177061360682562,0.014732));
#1445=CARTESIAN_POINT('',(0.000269515845413536,-0.0166910911739152,0.014732));
#1446=CARTESIAN_POINT('',(-0.00185658879980777,-0.0154738428802917,0.014732));
#1447=CARTESIAN_POINT('',(-0.00378449636154245,-0.0140951006748914,0.014732));
#1448=CARTESIAN_POINT('',(-0.00550722064400054,-0.0126067576411797,0.014732));
#1449=CARTESIAN_POINT('',(-0.00678848438689737,-0.0113103319546593,0.014732));
#1450=CARTESIAN_POINT('',(-0.00773193521920809,-0.0102622404580519,0.014732));
#1451=CARTESIAN_POINT('',(-0.0086479031950457,-0.00918485200144193,0.014732));
#1452=CARTESIAN_POINT('',(-0.00975003194717449,-0.00777350741241523,0.014732));
#1453=CARTESIAN_POINT('',(-0.0109948361297026,-0.00597969873721872,0.014732));
#1454=CARTESIAN_POINT('',(-0.0121469628879238,-0.0040901285443475,0.014732));
#1455=CARTESIAN_POINT('',(-0.0131900585478032,-0.00210129396627822,0.014732));
#1456=CARTESIAN_POINT('',(-0.014101343674143,-5.95503544085509E-6,0.014732));
#1457=CARTESIAN_POINT('',(-0.0147266048808016,0.00184814110873046,0.014732));
#1458=CARTESIAN_POINT('',(-0.0150712822784166,0.00320474516244965,0.014732));
#1459=CARTESIAN_POINT('',(-0.0152391923055155,0.00400621041302005,0.014732));
#1460=CARTESIAN_POINT('',(-0.015348996448027,0.00462276777766906,0.014732));
#1461=CARTESIAN_POINT('',(-0.0154393703298034,0.00524534897611562,0.014732));
#1462=CARTESIAN_POINT('',(-0.0155329621725724,0.00607211826030032,0.014732));
#1463=CARTESIAN_POINT('',(-0.0155985401967708,0.00710916365081689,0.014732));
#1464=CARTESIAN_POINT('',(-0.0155997616701878,0.00826782095416794,0.014732));
#1465=CARTESIAN_POINT('',(-0.0155257933816494,0.00971753133834496,0.014732));
#1466=CARTESIAN_POINT('',(-0.0153280319049989,0.0113406400206817,0.014732));
#1467=CARTESIAN_POINT('',(-0.0150901084220448,0.0126842529648706,0.014732));
#1468=CARTESIAN_POINT('',(-0.0149143561820351,0.0136137541444553,0.014732));
#1469=CARTESIAN_POINT('',(-0.0147977124290835,0.0142315081162035,0.014732));
#1470=CARTESIAN_POINT('',(-0.0146997212593257,0.0147816063706288,0.014732));
#1471=CARTESIAN_POINT('',(-0.0146225923027844,0.0152664415660314,0.014732));
#1472=CARTESIAN_POINT('',(-0.014568032032362,0.015683620078844,0.014732));
#1473=CARTESIAN_POINT('',(-0.0145400575689724,0.015980454596393,0.014732));
#1474=CARTESIAN_POINT('',(-0.0145263275840193,0.0161993402108469,0.014732));
#1475=CARTESIAN_POINT('',(-0.0145170369001326,0.0164261953149892,0.014732));
#1476=CARTESIAN_POINT('',(-0.0145144433330466,0.0167227694650048,0.014732));
#1477=CARTESIAN_POINT('',(-0.0145269767970096,0.017093026500762,0.014732));
#1478=CARTESIAN_POINT('',(-0.0145655326795948,0.0176023010343704,0.014732));
#1479=CARTESIAN_POINT('',(-0.0146560965480722,0.0182579126805713,0.014732));
#1480=CARTESIAN_POINT('',(-0.0148323220184192,0.0190455417980624,0.014732));
#1481=CARTESIAN_POINT('',(-0.015072893911153,0.0198105962097187,0.014732));
#1482=CARTESIAN_POINT('',(-0.0153191705035195,0.0204059844316896,0.014732));
#1483=CARTESIAN_POINT('',(-0.0155133657913021,0.0207976195139122,0.014732));
#1484=CARTESIAN_POINT('',(-0.0156281605247574,0.0210099690635504,0.014732));
#1485=CARTESIAN_POINT('',(-0.0157149066453119,0.0211615177267371,0.014732));
#1486=CARTESIAN_POINT('',(-0.0158046323592882,0.0213096505057182,0.014732));
#1487=CARTESIAN_POINT('',(-0.0159048123441565,0.0214665098725588,0.014732));
#1488=CARTESIAN_POINT('',(-0.0160170521362935,0.0216339590418752,0.014732));
#1489=CARTESIAN_POINT('',(-0.0161947276844056,0.0218880148638891,0.014732));
#1490=CARTESIAN_POINT('',(-0.0164660211296884,0.0222573813543677,0.014732));
#1491=CARTESIAN_POINT('',(-0.0168588201243831,0.0227712630973708,0.014732));
#1492=CARTESIAN_POINT('',(-0.0173127425738385,0.0233582083669809,0.014732));
#1493=CARTESIAN_POINT('',(-0.0177362522531595,0.0239153399259281,0.014732));
#1494=CARTESIAN_POINT('',(-0.0181020339085591,0.0244159867656238,0.014732));
#1495=CARTESIAN_POINT('',(-0.0183862942934242,0.024819440284147,0.014732));
#1496=CARTESIAN_POINT('',(-0.0186813925736291,0.0252578856526766,0.014732));
#1497=CARTESIAN_POINT('',(-0.0189880533206193,0.0257421799720824,0.014732));
#1498=CARTESIAN_POINT('',(-0.0192958303641817,0.0262662995582175,0.014732));
#1499=CARTESIAN_POINT('',(-0.0196111294240874,0.026855234339834,0.014732));
#1500=CARTESIAN_POINT('',(-0.0199249497599236,0.0275192129086465,0.014732));
#1501=CARTESIAN_POINT('',(-0.0202191561509704,0.0282459170378365,0.014732));
#1502=CARTESIAN_POINT('',(-0.0204934646603177,0.0290763665710634,0.014732));
#1503=CARTESIAN_POINT('',(-0.0207213719688652,0.0300084635870886,0.014732));
#1504=CARTESIAN_POINT('',(-0.020876604162805,0.0310279288888382,0.014732));
#1505=CARTESIAN_POINT('',(-0.0209259400419467,0.0319531890553877,0.014732));
#1506=CARTESIAN_POINT('',(-0.020903148278406,0.0327301811771045,0.014732));
#1507=CARTESIAN_POINT('',(-0.0208520955762561,0.0333281400813778,0.014732));
#1508=CARTESIAN_POINT('',(-0.020762574398446,0.0339420842514808,0.014732));
#1509=CARTESIAN_POINT('',(-0.0206413146429637,0.0345297068017133,0.014732));
#1510=CARTESIAN_POINT('',(-0.0204882255760993,0.0351081831862399,0.014732));
#1511=CARTESIAN_POINT('',(-0.0203008719052564,0.0356803101740276,0.014732));
#1512=CARTESIAN_POINT('',(-0.0200930675269761,0.0362123102371714,0.014732));
#1513=CARTESIAN_POINT('',(-0.0198693943753017,0.0367085198859187,0.014732));
#1514=CARTESIAN_POINT('',(-0.0196330548098078,0.0371724800867161,0.014732));
#1515=CARTESIAN_POINT('',(-0.0192999159904928,0.0377589679244406,0.014732));
#1516=CARTESIAN_POINT('',(-0.0189491543244042,0.0382914980251354,0.014732));
#1517=CARTESIAN_POINT('',(-0.0185871579702865,0.0387784539687391,0.014732));
#1518=CARTESIAN_POINT('',(-0.0182232676142167,0.039232629402336,0.014732));
#1519=CARTESIAN_POINT('',(-0.0177554653658403,0.0397583442516993,0.014732));
#1520=CARTESIAN_POINT('',(-0.0171831283912359,0.040324691005369,0.014732));
#1521=CARTESIAN_POINT('',(-0.016424966571205,0.0409947000910217,0.014732));
#1522=CARTESIAN_POINT('',(-0.015648466445011,0.0415796838171203,0.014732));
#1523=CARTESIAN_POINT('',(-0.0148694645624974,0.0420885694154159,0.014732));
#1524=CARTESIAN_POINT('',(-0.0140780179345836,0.0425584558972069,0.014732));
#1525=CARTESIAN_POINT('',(-0.0130754130319561,0.0430721413957059,0.014732));
#1526=CARTESIAN_POINT('',(-0.0118318001221781,0.0435907415622201,0.014732));
#1527=CARTESIAN_POINT('',(-0.010751348311847,0.0439437278169593,0.014732));
#1528=CARTESIAN_POINT('',(-0.0098547616648545,0.0441750104739715,0.014732));
#1529=CARTESIAN_POINT('',(-0.0091596655300255,0.0443222623891381,0.014732));
#1530=CARTESIAN_POINT('',(-0.00843710509845572,0.0444400289629332,0.014732));
#1531=CARTESIAN_POINT('',(-0.00769376205923927,0.0445236414838505,0.014732));
#1532=CARTESIAN_POINT('',(-0.00690673687235841,0.0445694807929987,0.014732));
#1533=CARTESIAN_POINT('',(-0.00609146716223785,0.0445683507124707,0.014732));
#1534=CARTESIAN_POINT('',(-0.00525421964065179,0.0445141135039892,0.014732));
#1535=CARTESIAN_POINT('',(-0.00442139125295193,0.0444046772951084,0.014732));
#1536=CARTESIAN_POINT('',(-0.00359279091949158,0.044239359713759,0.014732));
#1537=CARTESIAN_POINT('',(-0.00277450735634519,0.0440172455411354,0.014732));
#1538=CARTESIAN_POINT('',(-0.00198311373032056,0.0437438914989761,0.014732));
#1539=CARTESIAN_POINT('',(-0.00121439040563992,0.0434195660933065,0.014732));
#1540=CARTESIAN_POINT('',(-0.000477653964303131,0.043048902114363,0.014732));
#1541=CARTESIAN_POINT('',(0.000447520346317845,0.0425061555625857,0.014732));
#1542=CARTESIAN_POINT('',(0.00108198002966071,0.0420485449413563,0.014732));
#1543=CARTESIAN_POINT('',(0.00147494173646512,0.0417303289965897,0.014732));
#1544=CARTESIAN_POINT('',(0.0415295317353487,0.00425542421353906,0.014732));
#1545=CARTESIAN_POINT('',(0.00147494173646506,0.0417303289965898,0.014732));
#1546=CARTESIAN_POINT('',(0.0390330776187309,0.0255329113789741,0.014732));
#1547=CARTESIAN_POINT('',(0.0392155710148175,0.0250467982027279,0.014732));
#1548=CARTESIAN_POINT('',(0.0396583857968066,0.023897323667136,0.014732));
#1549=CARTESIAN_POINT('',(0.0404421116852364,0.0217714563942642,0.014732));
#1550=CARTESIAN_POINT('',(0.0411054586713464,0.0197151092624754,0.014732));
#1551=CARTESIAN_POINT('',(0.041587963412829,0.0179063631967278,0.014732));
#1552=CARTESIAN_POINT('',(0.0419093122116119,0.0164709022476888,0.014732));
#1553=CARTESIAN_POINT('',(0.0421741359536891,0.0149540815461085,0.014732));
#1554=CARTESIAN_POINT('',(0.0423310661805945,0.0136205239494565,0.014732));
#1555=CARTESIAN_POINT('',(0.0424072391604074,0.0125176740931965,0.014732));
#1556=CARTESIAN_POINT('',(0.042436765783631,0.0116609499700054,0.014732));
#1557=CARTESIAN_POINT('',(0.0424343575172111,0.010800984733848,0.014732));
#1558=CARTESIAN_POINT('',(0.0423910226074337,0.00967814663951555,0.014732));
#1559=CARTESIAN_POINT('',(0.0422729947330217,0.00835229651975844,0.014732));
#1560=CARTESIAN_POINT('',(0.0419908522781774,0.00637484043788497,0.014732));
#1561=CARTESIAN_POINT('',(0.0417137403074773,0.00505682018167008,0.014732));
#1562=CARTESIAN_POINT('',(0.0415295317353487,0.00425542421353892,0.014732));
#1563=CARTESIAN_POINT('',(0.0390330776187304,0.0255329113789741,0.014732));
#1564=CARTESIAN_POINT('',(0.0199361393542163,0.0546308565767307,0.014732));
#1565=CARTESIAN_POINT('',(0.0201574155458687,0.0549215073947494,0.014732));
#1566=CARTESIAN_POINT('',(0.0206177926169979,0.0554790867234244,0.014732));
#1567=CARTESIAN_POINT('',(0.0213755449600173,0.0562635248352011,0.014732));
#1568=CARTESIAN_POINT('',(0.0220797228167298,0.0568832442512197,0.014732));
#1569=CARTESIAN_POINT('',(0.0227079154491056,0.0573633764312778,0.014732));
#1570=CARTESIAN_POINT('',(0.0232144345284155,0.0577130854163889,0.014732));
#1571=CARTESIAN_POINT('',(0.0236820449363862,0.058000209842812,0.014732));
#1572=CARTESIAN_POINT('',(0.0240775034476706,0.0582194508014977,0.014732));
#1573=CARTESIAN_POINT('',(0.0244997424372536,0.0584370417609668,0.014732));
#1574=CARTESIAN_POINT('',(0.0249630580463086,0.0586475623320085,0.014732));
#1575=CARTESIAN_POINT('',(0.0254559724775546,0.0588389927236296,0.014732));
#1576=CARTESIAN_POINT('',(0.0259872355070749,0.0590224182743539,0.014732));
#1577=CARTESIAN_POINT('',(0.0267370314531863,0.0592292956324717,0.014732));
#1578=CARTESIAN_POINT('',(0.0275657225718214,0.0593730231149601,0.014732));
#1579=CARTESIAN_POINT('',(0.0282994115128142,0.0594376165795569,0.014732));
#1580=CARTESIAN_POINT('',(0.0288830873810187,0.0594543651496643,0.014732));
#1581=CARTESIAN_POINT('',(0.0295112519588179,0.0594322081919433,0.014732));
#1582=CARTESIAN_POINT('',(0.0301649166958214,0.0593628988941754,0.014732));
#1583=CARTESIAN_POINT('',(0.0308174942020726,0.0592477155584266,0.014732));
#1584=CARTESIAN_POINT('',(0.0315025748385664,0.059073144779174,0.014732));
#1585=CARTESIAN_POINT('',(0.0321441999983193,0.0588565860885584,0.014732));
#1586=CARTESIAN_POINT('',(0.0327697135847793,0.0585935898710851,0.014732));
#1587=CARTESIAN_POINT('',(0.0333464331333462,0.058300241032563,0.014732));
#1588=CARTESIAN_POINT('',(0.0340543728078576,0.0578782401065018,0.014732));
#1589=CARTESIAN_POINT('',(0.0348332175713989,0.0573044830239638,0.014732));
#1590=CARTESIAN_POINT('',(0.0354840292067084,0.0566960690713026,0.014732));
#1591=CARTESIAN_POINT('',(0.0359230427559191,0.0562182764743281,0.014732));
#1592=CARTESIAN_POINT('',(0.0362114422591936,0.0558732774709119,0.014732));
#1593=CARTESIAN_POINT('',(0.0364683855464867,0.0555382554731128,0.014732));
#1594=CARTESIAN_POINT('',(0.0367031645276384,0.0552052951217896,0.014732));
#1595=CARTESIAN_POINT('',(0.0369132712120626,0.054881835203618,0.014732));
#1596=CARTESIAN_POINT('',(0.0370996347600524,0.0545717105850186,0.014732));
#1597=CARTESIAN_POINT('',(0.0372642957035537,0.0542773032525398,0.014732));
#1598=CARTESIAN_POINT('',(0.0374662756707898,0.0538901606665308,0.014732));
#1599=CARTESIAN_POINT('',(0.0376820498927788,0.0534294246449226,0.014732));
#1600=CARTESIAN_POINT('',(0.0378918622545959,0.0529215753502,0.014732));
#1601=CARTESIAN_POINT('',(0.0380694301934429,0.052437434532668,0.014732));
#1602=CARTESIAN_POINT('',(0.0382164336021129,0.0519894791054373,0.014732));
#1603=CARTESIAN_POINT('',(0.0383879031866215,0.0514093184782215,0.014732));
#1604=CARTESIAN_POINT('',(0.0385239791223382,0.0508660499043675,0.014732));
#1605=CARTESIAN_POINT('',(0.0386341498226334,0.0503653326214161,0.014732));
#1606=CARTESIAN_POINT('',(0.0387326236091929,0.0498785701821163,0.014732));
#1607=CARTESIAN_POINT('',(0.0388362778801325,0.0492966990991476,0.014732));
#1608=CARTESIAN_POINT('',(0.0389372446222291,0.0486434873467337,0.014732));
#1609=CARTESIAN_POINT('',(0.0390217764101978,0.0480286330238421,0.014732));
#1610=CARTESIAN_POINT('',(0.0390936090827547,0.0474576441884728,0.014732));
#1611=CARTESIAN_POINT('',(0.0391559639983524,0.0469373633422478,0.014732));
#1612=CARTESIAN_POINT('',(0.0392134130189548,0.0464505833530076,0.014732));
#1613=CARTESIAN_POINT('',(0.0392860231572299,0.0458361199239221,0.014732));
#1614=CARTESIAN_POINT('',(0.0393709578940908,0.0451381724136292,0.014732));
#1615=CARTESIAN_POINT('',(0.0394682512636805,0.0444213238140302,0.014732));
#1616=CARTESIAN_POINT('',(0.0395630953453806,0.0438307409143493,0.014732));
#1617=CARTESIAN_POINT('',(0.0396542507336897,0.0433700395723752,0.014732));
#1618=CARTESIAN_POINT('',(0.0397222369557226,0.0430974438991728,0.014732));
#1619=CARTESIAN_POINT('',(0.0397691257760932,0.0429377444740724,0.014732));
#1620=CARTESIAN_POINT('',(0.0397984151378562,0.0428494540094685,0.014732));
#1621=CARTESIAN_POINT('',(0.0398194438240794,0.0427919991487823,0.014732));
#1622=CARTESIAN_POINT('',(0.0398651828094743,0.0426782291308495,0.014732));
#1623=CARTESIAN_POINT('',(0.039946889472915,0.0424904606081873,0.014732));
#1624=CARTESIAN_POINT('',(0.0400572329566633,0.0422484720463298,0.014732));
#1625=CARTESIAN_POINT('',(0.0402032676159814,0.0419352169538054,0.014732));
#1626=CARTESIAN_POINT('',(0.0403775067730199,0.0415605496779247,0.014732));
#1627=CARTESIAN_POINT('',(0.0405814262245524,0.041110433590568,0.014732));
#1628=CARTESIAN_POINT('',(0.0408788124695601,0.0404180005044017,0.014732));
#1629=CARTESIAN_POINT('',(0.0412058682590718,0.0395645306778967,0.014732));
#1630=CARTESIAN_POINT('',(0.0415117023721878,0.0385447126962956,0.014732));
#1631=CARTESIAN_POINT('',(0.0416811405744556,0.0378350808090223,0.014732));
#1632=CARTESIAN_POINT('',(0.0417943377318035,0.0372290501010726,0.014732));
#1633=CARTESIAN_POINT('',(0.0418664625270804,0.0367530951473629,0.014732));
#1634=CARTESIAN_POINT('',(0.0419222759851597,0.0362611933854105,0.014732));
#1635=CARTESIAN_POINT('',(0.0419714415459074,0.0356238160670944,0.014732));
#1636=CARTESIAN_POINT('',(0.0419910202604104,0.0348380606662723,0.014732));
#1637=CARTESIAN_POINT('',(0.0419551313118141,0.0339439038532365,0.014732));
#1638=CARTESIAN_POINT('',(0.0418723923352815,0.0330976143330933,0.014732));
#1639=CARTESIAN_POINT('',(0.0417072943212844,0.0320085759043851,0.014732));
#1640=CARTESIAN_POINT('',(0.0414133025880397,0.0307289613389677,0.014732));
#1641=CARTESIAN_POINT('',(0.0409531361276918,0.0293028960262366,0.014732));
#1642=CARTESIAN_POINT('',(0.0404905128271004,0.0281831040187286,0.014732));
#1643=CARTESIAN_POINT('',(0.0400783641583759,0.0273272294497501,0.014732));
#1644=CARTESIAN_POINT('',(0.0397984254377848,0.026799404314025,0.014732));
#1645=CARTESIAN_POINT('',(0.0395649385941614,0.0263889718264167,0.014732));
#1646=CARTESIAN_POINT('',(0.0393226646405255,0.025982091471307,0.014732));
#1647=CARTESIAN_POINT('',(0.0391456844511782,0.0257043329251839,0.014732));
#1648=CARTESIAN_POINT('',(0.0390330776187304,0.0255329113789741,0.014732));
#1649=CARTESIAN_POINT('',(0.019936139354216,0.0546308565767307,0.014732));
#1650=CARTESIAN_POINT('',(0.00147494173646521,0.0417303289965898,0.014732));
#1651=CARTESIAN_POINT('',(0.00146460444362843,0.0419125716851856,0.014732));
#1652=CARTESIAN_POINT('',(0.00143661784530609,0.0423303642828433,0.014732));
#1653=CARTESIAN_POINT('',(0.00137793461152202,0.0431223758164918,0.014732));
#1654=CARTESIAN_POINT('',(0.00131453600097468,0.0440705947913983,0.014732));
#1655=CARTESIAN_POINT('',(0.00126208777912911,0.0451667888533006,0.014732));
#1656=CARTESIAN_POINT('',(0.00123700848412051,0.0463817868713641,0.014732));
#1657=CARTESIAN_POINT('',(0.00125319225050981,0.0474759833828883,0.014732));
#1658=CARTESIAN_POINT('',(0.00130268958904771,0.0484088226320957,0.014732));
#1659=CARTESIAN_POINT('',(0.001363232438118,0.0491375380977655,0.014732));
#1660=CARTESIAN_POINT('',(0.00143962852695361,0.0497784687158541,0.014732));
#1661=CARTESIAN_POINT('',(0.00152307264875032,0.050320056389995,0.014732));
#1662=CARTESIAN_POINT('',(0.00159818647649149,0.050738288935464,0.014732));
#1663=CARTESIAN_POINT('',(0.00169043282929095,0.051180396404591,0.014732));
#1664=CARTESIAN_POINT('',(0.00180189401819751,0.0516403284903804,0.014732));
#1665=CARTESIAN_POINT('',(0.00193803700490397,0.0521270076089944,0.014732));
#1666=CARTESIAN_POINT('',(0.00210879006775247,0.0526512212281393,0.014732));
#1667=CARTESIAN_POINT('',(0.00231390400846517,0.0531947969002665,0.014732));
#1668=CARTESIAN_POINT('',(0.00253620134158365,0.0537000894002466,0.014732));
#1669=CARTESIAN_POINT('',(0.00274804596765003,0.0541228227671729,0.014732));
#1670=CARTESIAN_POINT('',(0.00292299216325783,0.0544443084667401,0.014732));
#1671=CARTESIAN_POINT('',(0.00311906344587575,0.054776382630536,0.014732));
#1672=CARTESIAN_POINT('',(0.00342303810199736,0.0552479306531349,0.014732));
#1673=CARTESIAN_POINT('',(0.00379040976819614,0.0557446368561838,0.014732));
#1674=CARTESIAN_POINT('',(0.00422148789948027,0.0562422975606913,0.014732));
#1675=CARTESIAN_POINT('',(0.00469945076628807,0.0567398695562393,0.014732));
#1676=CARTESIAN_POINT('',(0.00527543832538123,0.0572480846521008,0.014732));
#1677=CARTESIAN_POINT('',(0.00593669181423736,0.0577238349449467,0.014732));
#1678=CARTESIAN_POINT('',(0.00647997172068268,0.058061948034063,0.014732));
#1679=CARTESIAN_POINT('',(0.00706541720188962,0.0583706717458072,0.014732));
#1680=CARTESIAN_POINT('',(0.0076802738713976,0.0586405721840863,0.014732));
#1681=CARTESIAN_POINT('',(0.008341984721672,0.0588732205936613,0.014732));
#1682=CARTESIAN_POINT('',(0.008893973410107,0.0590209242552734,0.014732));
#1683=CARTESIAN_POINT('',(0.00934129636991589,0.0591146442424675,0.014732));
#1684=CARTESIAN_POINT('',(0.0096819966107367,0.0591728130921133,0.014732));
#1685=CARTESIAN_POINT('',(0.0100245546404162,0.0592178711950544,0.014732));
#1686=CARTESIAN_POINT('',(0.0104633044554734,0.0592593095458192,0.014732));
#1687=CARTESIAN_POINT('',(0.0109995685188239,0.0592809605817992,0.014732));
#1688=CARTESIAN_POINT('',(0.0117938341216329,0.0592600558977239,0.014732));
#1689=CARTESIAN_POINT('',(0.0125170455421412,0.0591723577217738,0.014732));
#1690=CARTESIAN_POINT('',(0.01315819826873,0.0590447684133297,0.014732));
#1691=CARTESIAN_POINT('',(0.013611227350676,0.0589314500970721,0.014732));
#1692=CARTESIAN_POINT('',(0.0140239946319114,0.0588082776859409,0.014732));
#1693=CARTESIAN_POINT('',(0.0144119944401101,0.0586750580952195,0.014732));
#1694=CARTESIAN_POINT('',(0.0147696238258077,0.0585367018483252,0.014732));
#1695=CARTESIAN_POINT('',(0.0152126579019316,0.0583477013226032,0.014732));
#1696=CARTESIAN_POINT('',(0.0157313421566882,0.0580949542125798,0.014732));
#1697=CARTESIAN_POINT('',(0.0161845913459248,0.0578400567022528,0.014732));
#1698=CARTESIAN_POINT('',(0.016513168004166,0.0576398143095638,0.014732));
#1699=CARTESIAN_POINT('',(0.0168319969121761,0.0574353309086913,0.014732));
#1700=CARTESIAN_POINT('',(0.017206296530666,0.0571769041957837,0.014732));
#1701=CARTESIAN_POINT('',(0.0176158566522563,0.056869626798082,0.014732));
#1702=CARTESIAN_POINT('',(0.0181306675912834,0.05645383880365,0.014732));
#1703=CARTESIAN_POINT('',(0.018945834870963,0.0557245840416163,0.014732));
#1704=CARTESIAN_POINT('',(0.019555038048098,0.0550774102252393,0.014732));
#1705=CARTESIAN_POINT('',(0.0199361393542157,0.0546308565767309,0.014732));
#1706=CARTESIAN_POINT('',(0.00327919178074802,0.0460353742751381,0.0127));
#1707=CARTESIAN_POINT('',(0.0415295317353488,0.00425542421353902,0.0127));
#1708=CARTESIAN_POINT('',(0.0418763762370125,0.00395630350782887,0.0127));
#1709=CARTESIAN_POINT('',(0.0423366438193409,0.00349396483861073,0.0127));
#1710=CARTESIAN_POINT('',(0.04282666902165,0.00290845188599391,0.0127));
#1711=CARTESIAN_POINT('',(0.043153037750036,0.00247298080479372,0.0127));
#1712=CARTESIAN_POINT('',(0.0434376406502198,0.00204957343384627,0.0127));
#1713=CARTESIAN_POINT('',(0.0437633346976185,0.00151440581147422,0.0127));
#1714=CARTESIAN_POINT('',(0.0440365819664403,0.000992818762285934,0.0127));
#1715=CARTESIAN_POINT('',(0.0442606933419589,0.000504237019732576,0.0127));
#1716=CARTESIAN_POINT('',(0.0444616021251696,2.47521429532521E-5,0.0127));
#1717=CARTESIAN_POINT('',(0.0447504135238094,-0.000766617658681451,0.0127));
#1718=CARTESIAN_POINT('',(0.044987922522224,-0.0016369551081463,0.0127));
#1719=CARTESIAN_POINT('',(0.0451526432177584,-0.00244599079356434,0.0127));
#1720=CARTESIAN_POINT('',(0.0452825077662762,-0.0032551192924987,0.0127));
#1721=CARTESIAN_POINT('',(0.0453599782441192,-0.00404518253922401,0.0127));
#1722=CARTESIAN_POINT('',(0.0453870119961268,-0.00474590702628218,0.0127));
#1723=CARTESIAN_POINT('',(0.0453899605619323,-0.00514874702507988,0.0127));
#1724=CARTESIAN_POINT('',(0.0453846230851126,-0.00555051452414511,0.0127));
#1725=CARTESIAN_POINT('',(0.0453612821958721,-0.00607378405262817,0.0127));
#1726=CARTESIAN_POINT('',(0.0453094154146249,-0.00662748916168187,0.0127));
#1727=CARTESIAN_POINT('',(0.0452475897279718,-0.00708411645277785,0.0127));
#1728=CARTESIAN_POINT('',(0.0451716536155001,-0.00754790719166669,0.0127));
#1729=CARTESIAN_POINT('',(0.0450425147376735,-0.00816648129545467,0.0127));
#1730=CARTESIAN_POINT('',(0.0448198381492901,-0.00895691844527236,0.0127));
#1731=CARTESIAN_POINT('',(0.0445134838787719,-0.00978658641224587,0.0127));
#1732=CARTESIAN_POINT('',(0.0441348043743931,-0.010597163615531,0.0127));
#1733=CARTESIAN_POINT('',(0.0437526035574459,-0.0112643557099025,0.0127));
#1734=CARTESIAN_POINT('',(0.0433962568705379,-0.0117974627021286,0.0127));
#1735=CARTESIAN_POINT('',(0.0430244547998967,-0.0123015296205204,0.0127));
#1736=CARTESIAN_POINT('',(0.0425369993364205,-0.0128785191224643,0.0127));
#1737=CARTESIAN_POINT('',(0.0419185509131842,-0.0134998490767229,0.0127));
#1738=CARTESIAN_POINT('',(0.0412758612359889,-0.0140506853961216,0.0127));
#1739=CARTESIAN_POINT('',(0.0406442848118383,-0.014516915542743,0.0127));
#1740=CARTESIAN_POINT('',(0.0400383622235693,-0.014908114219372,0.0127));
#1741=CARTESIAN_POINT('',(0.0394543930362509,-0.0152420032988746,0.0127));
#1742=CARTESIAN_POINT('',(0.0388905740679586,-0.0155293261045177,0.0127));
#1743=CARTESIAN_POINT('',(0.0383618517318626,-0.0157724687900858,0.0127));
#1744=CARTESIAN_POINT('',(0.0378492974183519,-0.0159879650292799,0.0127));
#1745=CARTESIAN_POINT('',(0.0373518047111661,-0.0161803548406169,0.0127));
#1746=CARTESIAN_POINT('',(0.0367124226802867,-0.0164108297104483,0.0127));
#1747=CARTESIAN_POINT('',(0.0359026264594577,-0.016676456811389,0.0127));
#1748=CARTESIAN_POINT('',(0.0349044799551878,-0.0169701142571459,0.0127));
#1749=CARTESIAN_POINT('',(0.0335154210649996,-0.017340839952335,0.0127));
#1750=CARTESIAN_POINT('',(0.0316694838745906,-0.0177708430573513,0.0127));
#1751=CARTESIAN_POINT('',(0.0292770989936665,-0.0182417487939041,0.0127));
#1752=CARTESIAN_POINT('',(0.0267351352006833,-0.0186618934625802,0.0127));
#1753=CARTESIAN_POINT('',(0.0240771253212932,-0.0190219610679496,0.0127));
#1754=CARTESIAN_POINT('',(0.0213407216478511,-0.0193100275888696,0.0127));
#1755=CARTESIAN_POINT('',(0.0185622713870387,-0.0195125135243214,0.0127));
#1756=CARTESIAN_POINT('',(0.0157756781992578,-0.0196133382525675,0.0127));
#1757=CARTESIAN_POINT('',(0.0130119458359335,-0.0195938524586357,0.0127));
#1758=CARTESIAN_POINT('',(0.0102750162584692,-0.019427139691078,0.0127));
#1759=CARTESIAN_POINT('',(0.00758042822836335,-0.0190685276201231,0.0127));
#1760=CARTESIAN_POINT('',(0.00501727195460186,-0.0184989171570772,0.0127));
#1761=CARTESIAN_POINT('',(0.00256963831504564,-0.0177061360682562,0.0127));
#1762=CARTESIAN_POINT('',(0.000269515845413536,-0.0166910911739152,0.0127));
#1763=CARTESIAN_POINT('',(-0.00185658879980777,-0.0154738428802917,0.0127));
#1764=CARTESIAN_POINT('',(-0.00378449636154245,-0.0140951006748914,0.0127));
#1765=CARTESIAN_POINT('',(-0.00550722064400054,-0.0126067576411797,0.0127));
#1766=CARTESIAN_POINT('',(-0.00678848438689737,-0.0113103319546593,0.0127));
#1767=CARTESIAN_POINT('',(-0.00773193521920809,-0.0102622404580519,0.0127));
#1768=CARTESIAN_POINT('',(-0.0086479031950457,-0.00918485200144193,0.0127));
#1769=CARTESIAN_POINT('',(-0.00975003194717449,-0.00777350741241523,0.0127));
#1770=CARTESIAN_POINT('',(-0.0109948361297026,-0.00597969873721872,0.0127));
#1771=CARTESIAN_POINT('',(-0.0121469628879238,-0.0040901285443475,0.0127));
#1772=CARTESIAN_POINT('',(-0.0131900585478032,-0.00210129396627822,0.0127));
#1773=CARTESIAN_POINT('',(-0.014101343674143,-5.95503544085509E-6,0.0127));
#1774=CARTESIAN_POINT('',(-0.0147266048808016,0.00184814110873046,0.0127));
#1775=CARTESIAN_POINT('',(-0.0150712822784166,0.00320474516244965,0.0127));
#1776=CARTESIAN_POINT('',(-0.0152391923055155,0.00400621041302005,0.0127));
#1777=CARTESIAN_POINT('',(-0.015348996448027,0.00462276777766906,0.0127));
#1778=CARTESIAN_POINT('',(-0.0154393703298034,0.00524534897611562,0.0127));
#1779=CARTESIAN_POINT('',(-0.0155329621725724,0.00607211826030032,0.0127));
#1780=CARTESIAN_POINT('',(-0.0155985401967708,0.00710916365081689,0.0127));
#1781=CARTESIAN_POINT('',(-0.0155997616701878,0.00826782095416794,0.0127));
#1782=CARTESIAN_POINT('',(-0.0155257933816494,0.00971753133834496,0.0127));
#1783=CARTESIAN_POINT('',(-0.0153280319049989,0.0113406400206817,0.0127));
#1784=CARTESIAN_POINT('',(-0.0150901084220448,0.0126842529648706,0.0127));
#1785=CARTESIAN_POINT('',(-0.0149143561820351,0.0136137541444553,0.0127));
#1786=CARTESIAN_POINT('',(-0.0147977124290835,0.0142315081162035,0.0127));
#1787=CARTESIAN_POINT('',(-0.0146997212593257,0.0147816063706288,0.0127));
#1788=CARTESIAN_POINT('',(-0.0146225923027844,0.0152664415660314,0.0127));
#1789=CARTESIAN_POINT('',(-0.014568032032362,0.015683620078844,0.0127));
#1790=CARTESIAN_POINT('',(-0.0145400575689724,0.015980454596393,0.0127));
#1791=CARTESIAN_POINT('',(-0.0145263275840193,0.0161993402108469,0.0127));
#1792=CARTESIAN_POINT('',(-0.0145170369001326,0.0164261953149892,0.0127));
#1793=CARTESIAN_POINT('',(-0.0145144433330466,0.0167227694650048,0.0127));
#1794=CARTESIAN_POINT('',(-0.0145269767970096,0.017093026500762,0.0127));
#1795=CARTESIAN_POINT('',(-0.0145655326795948,0.0176023010343704,0.0127));
#1796=CARTESIAN_POINT('',(-0.0146560965480722,0.0182579126805713,0.0127));
#1797=CARTESIAN_POINT('',(-0.0148323220184192,0.0190455417980624,0.0127));
#1798=CARTESIAN_POINT('',(-0.015072893911153,0.0198105962097187,0.0127));
#1799=CARTESIAN_POINT('',(-0.0153191705035195,0.0204059844316896,0.0127));
#1800=CARTESIAN_POINT('',(-0.0155133657913021,0.0207976195139122,0.0127));
#1801=CARTESIAN_POINT('',(-0.0156281605247574,0.0210099690635504,0.0127));
#1802=CARTESIAN_POINT('',(-0.0157149066453119,0.0211615177267371,0.0127));
#1803=CARTESIAN_POINT('',(-0.0158046323592882,0.0213096505057182,0.0127));
#1804=CARTESIAN_POINT('',(-0.0159048123441565,0.0214665098725588,0.0127));
#1805=CARTESIAN_POINT('',(-0.0160170521362935,0.0216339590418752,0.0127));
#1806=CARTESIAN_POINT('',(-0.0161947276844056,0.0218880148638891,0.0127));
#1807=CARTESIAN_POINT('',(-0.0164660211296884,0.0222573813543677,0.0127));
#1808=CARTESIAN_POINT('',(-0.0168588201243831,0.0227712630973708,0.0127));
#1809=CARTESIAN_POINT('',(-0.0173127425738385,0.0233582083669809,0.0127));
#1810=CARTESIAN_POINT('',(-0.0177362522531595,0.0239153399259281,0.0127));
#1811=CARTESIAN_POINT('',(-0.0181020339085591,0.0244159867656238,0.0127));
#1812=CARTESIAN_POINT('',(-0.0183862942934242,0.024819440284147,0.0127));
#1813=CARTESIAN_POINT('',(-0.0186813925736291,0.0252578856526766,0.0127));
#1814=CARTESIAN_POINT('',(-0.0189880533206193,0.0257421799720824,0.0127));
#1815=CARTESIAN_POINT('',(-0.0192958303641817,0.0262662995582175,0.0127));
#1816=CARTESIAN_POINT('',(-0.0196111294240874,0.026855234339834,0.0127));
#1817=CARTESIAN_POINT('',(-0.0199249497599236,0.0275192129086465,0.0127));
#1818=CARTESIAN_POINT('',(-0.0202191561509704,0.0282459170378365,0.0127));
#1819=CARTESIAN_POINT('',(-0.0204934646603177,0.0290763665710634,0.0127));
#1820=CARTESIAN_POINT('',(-0.0207213719688652,0.0300084635870886,0.0127));
#1821=CARTESIAN_POINT('',(-0.020876604162805,0.0310279288888382,0.0127));
#1822=CARTESIAN_POINT('',(-0.0209259400419467,0.0319531890553877,0.0127));
#1823=CARTESIAN_POINT('',(-0.020903148278406,0.0327301811771045,0.0127));
#1824=CARTESIAN_POINT('',(-0.0208520955762561,0.0333281400813778,0.0127));
#1825=CARTESIAN_POINT('',(-0.020762574398446,0.0339420842514808,0.0127));
#1826=CARTESIAN_POINT('',(-0.0206413146429637,0.0345297068017133,0.0127));
#1827=CARTESIAN_POINT('',(-0.0204882255760993,0.0351081831862399,0.0127));
#1828=CARTESIAN_POINT('',(-0.0203008719052564,0.0356803101740276,0.0127));
#1829=CARTESIAN_POINT('',(-0.0200930675269761,0.0362123102371714,0.0127));
#1830=CARTESIAN_POINT('',(-0.0198693943753017,0.0367085198859187,0.0127));
#1831=CARTESIAN_POINT('',(-0.0196330548098078,0.0371724800867161,0.0127));
#1832=CARTESIAN_POINT('',(-0.0192999159904928,0.0377589679244406,0.0127));
#1833=CARTESIAN_POINT('',(-0.0189491543244042,0.0382914980251354,0.0127));
#1834=CARTESIAN_POINT('',(-0.0185871579702865,0.0387784539687391,0.0127));
#1835=CARTESIAN_POINT('',(-0.0182232676142167,0.039232629402336,0.0127));
#1836=CARTESIAN_POINT('',(-0.0177554653658403,0.0397583442516993,0.0127));
#1837=CARTESIAN_POINT('',(-0.0171831283912359,0.040324691005369,0.0127));
#1838=CARTESIAN_POINT('',(-0.016424966571205,0.0409947000910217,0.0127));
#1839=CARTESIAN_POINT('',(-0.015648466445011,0.0415796838171203,0.0127));
#1840=CARTESIAN_POINT('',(-0.0148694645624974,0.0420885694154159,0.0127));
#1841=CARTESIAN_POINT('',(-0.0140780179345836,0.0425584558972069,0.0127));
#1842=CARTESIAN_POINT('',(-0.0130754130319561,0.0430721413957059,0.0127));
#1843=CARTESIAN_POINT('',(-0.0118318001221781,0.0435907415622201,0.0127));
#1844=CARTESIAN_POINT('',(-0.010751348311847,0.0439437278169593,0.0127));
#1845=CARTESIAN_POINT('',(-0.0098547616648545,0.0441750104739715,0.0127));
#1846=CARTESIAN_POINT('',(-0.0091596655300255,0.0443222623891381,0.0127));
#1847=CARTESIAN_POINT('',(-0.00843710509845572,0.0444400289629332,0.0127));
#1848=CARTESIAN_POINT('',(-0.00769376205923927,0.0445236414838505,0.0127));
#1849=CARTESIAN_POINT('',(-0.00690673687235841,0.0445694807929987,0.0127));
#1850=CARTESIAN_POINT('',(-0.00609146716223785,0.0445683507124707,0.0127));
#1851=CARTESIAN_POINT('',(-0.00525421964065179,0.0445141135039892,0.0127));
#1852=CARTESIAN_POINT('',(-0.00442139125295193,0.0444046772951084,0.0127));
#1853=CARTESIAN_POINT('',(-0.00359279091949158,0.044239359713759,0.0127));
#1854=CARTESIAN_POINT('',(-0.00277450735634519,0.0440172455411354,0.0127));
#1855=CARTESIAN_POINT('',(-0.00198311373032056,0.0437438914989761,0.0127));
#1856=CARTESIAN_POINT('',(-0.00121439040563992,0.0434195660933065,0.0127));
#1857=CARTESIAN_POINT('',(-0.000477653964303131,0.043048902114363,0.0127));
#1858=CARTESIAN_POINT('',(0.000447520346317845,0.0425061555625857,0.0127));
#1859=CARTESIAN_POINT('',(0.00108198002966071,0.0420485449413563,0.0127));
#1860=CARTESIAN_POINT('',(0.00147494173646512,0.0417303289965897,0.0127));
#1861=CARTESIAN_POINT('',(0.0415295317353487,0.00425542421353906,0.0127));
#1862=CARTESIAN_POINT('',(0.00147494173646506,0.0417303289965898,0.0127));
#1863=CARTESIAN_POINT('',(0.00147494173646521,0.0417303289965898,0.0127));
#1864=CARTESIAN_POINT('',(0.00146460444362843,0.0419125716851856,0.0127));
#1865=CARTESIAN_POINT('',(0.00143661784530609,0.0423303642828433,0.0127));
#1866=CARTESIAN_POINT('',(0.00137793461152202,0.0431223758164918,0.0127));
#1867=CARTESIAN_POINT('',(0.00131453600097468,0.0440705947913983,0.0127));
#1868=CARTESIAN_POINT('',(0.00126208777912911,0.0451667888533006,0.0127));
#1869=CARTESIAN_POINT('',(0.00123700848412051,0.0463817868713641,0.0127));
#1870=CARTESIAN_POINT('',(0.00125319225050981,0.0474759833828883,0.0127));
#1871=CARTESIAN_POINT('',(0.00130268958904771,0.0484088226320957,0.0127));
#1872=CARTESIAN_POINT('',(0.001363232438118,0.0491375380977655,0.0127));
#1873=CARTESIAN_POINT('',(0.00143962852695361,0.0497784687158541,0.0127));
#1874=CARTESIAN_POINT('',(0.00152307264875032,0.050320056389995,0.0127));
#1875=CARTESIAN_POINT('',(0.00159818647649149,0.050738288935464,0.0127));
#1876=CARTESIAN_POINT('',(0.00169043282929095,0.051180396404591,0.0127));
#1877=CARTESIAN_POINT('',(0.00180189401819751,0.0516403284903804,0.0127));
#1878=CARTESIAN_POINT('',(0.00193803700490397,0.0521270076089944,0.0127));
#1879=CARTESIAN_POINT('',(0.00210879006775247,0.0526512212281393,0.0127));
#1880=CARTESIAN_POINT('',(0.00231390400846517,0.0531947969002665,0.0127));
#1881=CARTESIAN_POINT('',(0.00253620134158365,0.0537000894002466,0.0127));
#1882=CARTESIAN_POINT('',(0.00274804596765003,0.0541228227671729,0.0127));
#1883=CARTESIAN_POINT('',(0.00292299216325783,0.0544443084667401,0.0127));
#1884=CARTESIAN_POINT('',(0.00311906344587575,0.054776382630536,0.0127));
#1885=CARTESIAN_POINT('',(0.00342303810199736,0.0552479306531349,0.0127));
#1886=CARTESIAN_POINT('',(0.00379040976819614,0.0557446368561838,0.0127));
#1887=CARTESIAN_POINT('',(0.00422148789948027,0.0562422975606913,0.0127));
#1888=CARTESIAN_POINT('',(0.00469945076628807,0.0567398695562393,0.0127));
#1889=CARTESIAN_POINT('',(0.00527543832538123,0.0572480846521008,0.0127));
#1890=CARTESIAN_POINT('',(0.00593669181423736,0.0577238349449467,0.0127));
#1891=CARTESIAN_POINT('',(0.00647997172068268,0.058061948034063,0.0127));
#1892=CARTESIAN_POINT('',(0.00706541720188962,0.0583706717458072,0.0127));
#1893=CARTESIAN_POINT('',(0.0076802738713976,0.0586405721840863,0.0127));
#1894=CARTESIAN_POINT('',(0.008341984721672,0.0588732205936613,0.0127));
#1895=CARTESIAN_POINT('',(0.008893973410107,0.0590209242552734,0.0127));
#1896=CARTESIAN_POINT('',(0.00934129636991589,0.0591146442424675,0.0127));
#1897=CARTESIAN_POINT('',(0.0096819966107367,0.0591728130921133,0.0127));
#1898=CARTESIAN_POINT('',(0.0100245546404162,0.0592178711950544,0.0127));
#1899=CARTESIAN_POINT('',(0.0104633044554734,0.0592593095458192,0.0127));
#1900=CARTESIAN_POINT('',(0.0109995685188239,0.0592809605817992,0.0127));
#1901=CARTESIAN_POINT('',(0.0117938341216329,0.0592600558977239,0.0127));
#1902=CARTESIAN_POINT('',(0.0125170455421412,0.0591723577217738,0.0127));
#1903=CARTESIAN_POINT('',(0.01315819826873,0.0590447684133297,0.0127));
#1904=CARTESIAN_POINT('',(0.013611227350676,0.0589314500970721,0.0127));
#1905=CARTESIAN_POINT('',(0.0140239946319114,0.0588082776859409,0.0127));
#1906=CARTESIAN_POINT('',(0.0144119944401101,0.0586750580952195,0.0127));
#1907=CARTESIAN_POINT('',(0.0147696238258077,0.0585367018483252,0.0127));
#1908=CARTESIAN_POINT('',(0.0152126579019316,0.0583477013226032,0.0127));
#1909=CARTESIAN_POINT('',(0.0157313421566882,0.0580949542125798,0.0127));
#1910=CARTESIAN_POINT('',(0.0161845913459248,0.0578400567022528,0.0127));
#1911=CARTESIAN_POINT('',(0.016513168004166,0.0576398143095638,0.0127));
#1912=CARTESIAN_POINT('',(0.0168319969121761,0.0574353309086913,0.0127));
#1913=CARTESIAN_POINT('',(0.017206296530666,0.0571769041957837,0.0127));
#1914=CARTESIAN_POINT('',(0.0176158566522563,0.056869626798082,0.0127));
#1915=CARTESIAN_POINT('',(0.0181306675912834,0.05645383880365,0.0127));
#1916=CARTESIAN_POINT('',(0.018945834870963,0.0557245840416163,0.0127));
#1917=CARTESIAN_POINT('',(0.019555038048098,0.0550774102252393,0.0127));
#1918=CARTESIAN_POINT('',(0.0199361393542157,0.0546308565767309,0.0127));
#1919=CARTESIAN_POINT('',(0.019936139354216,0.0546308565767307,0.0127));
#1920=CARTESIAN_POINT('',(0.0199361393542163,0.0546308565767307,0.0127));
#1921=CARTESIAN_POINT('',(0.0201574155458687,0.0549215073947494,0.0127));
#1922=CARTESIAN_POINT('',(0.0206177926169979,0.0554790867234244,0.0127));
#1923=CARTESIAN_POINT('',(0.0213755449600173,0.0562635248352011,0.0127));
#1924=CARTESIAN_POINT('',(0.0220797228167298,0.0568832442512197,0.0127));
#1925=CARTESIAN_POINT('',(0.0227079154491056,0.0573633764312778,0.0127));
#1926=CARTESIAN_POINT('',(0.0232144345284155,0.0577130854163889,0.0127));
#1927=CARTESIAN_POINT('',(0.0236820449363862,0.058000209842812,0.0127));
#1928=CARTESIAN_POINT('',(0.0240775034476706,0.0582194508014977,0.0127));
#1929=CARTESIAN_POINT('',(0.0244997424372536,0.0584370417609668,0.0127));
#1930=CARTESIAN_POINT('',(0.0249630580463086,0.0586475623320085,0.0127));
#1931=CARTESIAN_POINT('',(0.0254559724775546,0.0588389927236296,0.0127));
#1932=CARTESIAN_POINT('',(0.0259872355070749,0.0590224182743539,0.0127));
#1933=CARTESIAN_POINT('',(0.0267370314531863,0.0592292956324717,0.0127));
#1934=CARTESIAN_POINT('',(0.0275657225718214,0.0593730231149601,0.0127));
#1935=CARTESIAN_POINT('',(0.0282994115128142,0.0594376165795569,0.0127));
#1936=CARTESIAN_POINT('',(0.0288830873810187,0.0594543651496643,0.0127));
#1937=CARTESIAN_POINT('',(0.0295112519588179,0.0594322081919433,0.0127));
#1938=CARTESIAN_POINT('',(0.0301649166958214,0.0593628988941754,0.0127));
#1939=CARTESIAN_POINT('',(0.0308174942020726,0.0592477155584266,0.0127));
#1940=CARTESIAN_POINT('',(0.0315025748385664,0.059073144779174,0.0127));
#1941=CARTESIAN_POINT('',(0.0321441999983193,0.0588565860885584,0.0127));
#1942=CARTESIAN_POINT('',(0.0327697135847793,0.0585935898710851,0.0127));
#1943=CARTESIAN_POINT('',(0.0333464331333462,0.058300241032563,0.0127));
#1944=CARTESIAN_POINT('',(0.0340543728078576,0.0578782401065018,0.0127));
#1945=CARTESIAN_POINT('',(0.0348332175713989,0.0573044830239638,0.0127));
#1946=CARTESIAN_POINT('',(0.0354840292067084,0.0566960690713026,0.0127));
#1947=CARTESIAN_POINT('',(0.0359230427559191,0.0562182764743281,0.0127));
#1948=CARTESIAN_POINT('',(0.0362114422591936,0.0558732774709119,0.0127));
#1949=CARTESIAN_POINT('',(0.0364683855464867,0.0555382554731128,0.0127));
#1950=CARTESIAN_POINT('',(0.0367031645276384,0.0552052951217896,0.0127));
#1951=CARTESIAN_POINT('',(0.0369132712120626,0.054881835203618,0.0127));
#1952=CARTESIAN_POINT('',(0.0370996347600524,0.0545717105850186,0.0127));
#1953=CARTESIAN_POINT('',(0.0372642957035537,0.0542773032525398,0.0127));
#1954=CARTESIAN_POINT('',(0.0374662756707898,0.0538901606665308,0.0127));
#1955=CARTESIAN_POINT('',(0.0376820498927788,0.0534294246449226,0.0127));
#1956=CARTESIAN_POINT('',(0.0378918622545959,0.0529215753502,0.0127));
#1957=CARTESIAN_POINT('',(0.0380694301934429,0.052437434532668,0.0127));
#1958=CARTESIAN_POINT('',(0.0382164336021129,0.0519894791054373,0.0127));
#1959=CARTESIAN_POINT('',(0.0383879031866215,0.0514093184782215,0.0127));
#1960=CARTESIAN_POINT('',(0.0385239791223382,0.0508660499043675,0.0127));
#1961=CARTESIAN_POINT('',(0.0386341498226334,0.0503653326214161,0.0127));
#1962=CARTESIAN_POINT('',(0.0387326236091929,0.0498785701821163,0.0127));
#1963=CARTESIAN_POINT('',(0.0388362778801325,0.0492966990991476,0.0127));
#1964=CARTESIAN_POINT('',(0.0389372446222291,0.0486434873467337,0.0127));
#1965=CARTESIAN_POINT('',(0.0390217764101978,0.0480286330238421,0.0127));
#1966=CARTESIAN_POINT('',(0.0390936090827547,0.0474576441884728,0.0127));
#1967=CARTESIAN_POINT('',(0.0391559639983524,0.0469373633422478,0.0127));
#1968=CARTESIAN_POINT('',(0.0392134130189548,0.0464505833530076,0.0127));
#1969=CARTESIAN_POINT('',(0.0392860231572299,0.0458361199239221,0.0127));
#1970=CARTESIAN_POINT('',(0.0393709578940908,0.0451381724136292,0.0127));
#1971=CARTESIAN_POINT('',(0.0394682512636805,0.0444213238140302,0.0127));
#1972=CARTESIAN_POINT('',(0.0395630953453806,0.0438307409143493,0.0127));
#1973=CARTESIAN_POINT('',(0.0396542507336897,0.0433700395723752,0.0127));
#1974=CARTESIAN_POINT('',(0.0397222369557226,0.0430974438991728,0.0127));
#1975=CARTESIAN_POINT('',(0.0397691257760932,0.0429377444740724,0.0127));
#1976=CARTESIAN_POINT('',(0.0397984151378562,0.0428494540094685,0.0127));
#1977=CARTESIAN_POINT('',(0.0398194438240794,0.0427919991487823,0.0127));
#1978=CARTESIAN_POINT('',(0.0398651828094743,0.0426782291308495,0.0127));
#1979=CARTESIAN_POINT('',(0.039946889472915,0.0424904606081873,0.0127));
#1980=CARTESIAN_POINT('',(0.0400572329566633,0.0422484720463298,0.0127));
#1981=CARTESIAN_POINT('',(0.0402032676159814,0.0419352169538054,0.0127));
#1982=CARTESIAN_POINT('',(0.0403775067730199,0.0415605496779247,0.0127));
#1983=CARTESIAN_POINT('',(0.0405814262245524,0.041110433590568,0.0127));
#1984=CARTESIAN_POINT('',(0.0408788124695601,0.0404180005044017,0.0127));
#1985=CARTESIAN_POINT('',(0.0412058682590718,0.0395645306778967,0.0127));
#1986=CARTESIAN_POINT('',(0.0415117023721878,0.0385447126962956,0.0127));
#1987=CARTESIAN_POINT('',(0.0416811405744556,0.0378350808090223,0.0127));
#1988=CARTESIAN_POINT('',(0.0417943377318035,0.0372290501010726,0.0127));
#1989=CARTESIAN_POINT('',(0.0418664625270804,0.0367530951473629,0.0127));
#1990=CARTESIAN_POINT('',(0.0419222759851597,0.0362611933854105,0.0127));
#1991=CARTESIAN_POINT('',(0.0419714415459074,0.0356238160670944,0.0127));
#1992=CARTESIAN_POINT('',(0.0419910202604104,0.0348380606662723,0.0127));
#1993=CARTESIAN_POINT('',(0.0419551313118141,0.0339439038532365,0.0127));
#1994=CARTESIAN_POINT('',(0.0418723923352815,0.0330976143330933,0.0127));
#1995=CARTESIAN_POINT('',(0.0417072943212844,0.0320085759043851,0.0127));
#1996=CARTESIAN_POINT('',(0.0414133025880397,0.0307289613389677,0.0127));
#1997=CARTESIAN_POINT('',(0.0409531361276918,0.0293028960262366,0.0127));
#1998=CARTESIAN_POINT('',(0.0404905128271004,0.0281831040187286,0.0127));
#1999=CARTESIAN_POINT('',(0.0400783641583759,0.0273272294497501,0.0127));
#2000=CARTESIAN_POINT('',(0.0397984254377848,0.026799404314025,0.0127));
#2001=CARTESIAN_POINT('',(0.0395649385941614,0.0263889718264167,0.0127));
#2002=CARTESIAN_POINT('',(0.0393226646405255,0.025982091471307,0.0127));
#2003=CARTESIAN_POINT('',(0.0391456844511782,0.0257043329251839,0.0127));
#2004=CARTESIAN_POINT('',(0.0390330776187304,0.0255329113789741,0.0127));
#2005=CARTESIAN_POINT('',(0.0390330776187304,0.0255329113789741,0.0127));
#2006=CARTESIAN_POINT('',(0.0390330776187309,0.0255329113789741,0.0127));
#2007=CARTESIAN_POINT('',(0.0392155710148175,0.0250467982027279,0.0127));
#2008=CARTESIAN_POINT('',(0.0396583857968066,0.023897323667136,0.0127));
#2009=CARTESIAN_POINT('',(0.0404421116852364,0.0217714563942642,0.0127));
#2010=CARTESIAN_POINT('',(0.0411054586713464,0.0197151092624754,0.0127));
#2011=CARTESIAN_POINT('',(0.041587963412829,0.0179063631967278,0.0127));
#2012=CARTESIAN_POINT('',(0.0419093122116119,0.0164709022476888,0.0127));
#2013=CARTESIAN_POINT('',(0.0421741359536891,0.0149540815461085,0.0127));
#2014=CARTESIAN_POINT('',(0.0423310661805945,0.0136205239494565,0.0127));
#2015=CARTESIAN_POINT('',(0.0424072391604074,0.0125176740931965,0.0127));
#2016=CARTESIAN_POINT('',(0.042436765783631,0.0116609499700054,0.0127));
#2017=CARTESIAN_POINT('',(0.0424343575172111,0.010800984733848,0.0127));
#2018=CARTESIAN_POINT('',(0.0423910226074337,0.00967814663951555,0.0127));
#2019=CARTESIAN_POINT('',(0.0422729947330217,0.00835229651975844,0.0127));
#2020=CARTESIAN_POINT('',(0.0419908522781774,0.00637484043788497,0.0127));
#2021=CARTESIAN_POINT('',(0.0417137403074773,0.00505682018167008,0.0127));
#2022=CARTESIAN_POINT('',(0.0415295317353487,0.00425542421353892,0.0127));
#2023=CARTESIAN_POINT('',(0.0415295317353488,0.00425542421353902,0.014732));
#2024=CARTESIAN_POINT('',(0.0415295317353488,0.00425542421353902,0.0127000000000001));
#2025=CARTESIAN_POINT('',(0.0422232207386763,0.00365718280211857,0.014732));
#2026=CARTESIAN_POINT('',(0.0422232207386763,0.00365718280211857,0.0127000000000001));
#2027=CARTESIAN_POINT('',(0.0432560032830803,0.00243549870810228,0.014732));
#2028=CARTESIAN_POINT('',(0.0432560032830803,0.00243549870810228,0.0127000000000001));
#2029=CARTESIAN_POINT('',(0.0441456180732185,0.000839928857479067,0.014732));
#2030=CARTESIAN_POINT('',(0.0441456180732185,0.000839928857479067,0.0127000000000001));
#2031=CARTESIAN_POINT('',(0.0446926153393142,-0.000554671524816906,0.014732));
#2032=CARTESIAN_POINT('',(0.0446926153393142,-0.000554671524816906,0.0127000000000001));
#2033=CARTESIAN_POINT('',(0.045162482716016,-0.00227813905726561,0.014732));
#2034=CARTESIAN_POINT('',(0.045162482716016,-0.00227813905726561,0.0127000000000001));
#2035=CARTESIAN_POINT('',(0.0454201339222987,-0.00423497409797947,0.014732));
#2036=CARTESIAN_POINT('',(0.0454201339222987,-0.00423497409797947,0.0127000000000001));
#2037=CARTESIAN_POINT('',(0.0453962202328829,-0.00624837163413023,0.014732));
#2038=CARTESIAN_POINT('',(0.0453962202328829,-0.00624837163413023,0.0127));
#2039=CARTESIAN_POINT('',(0.0450795707098221,-0.00813428999330072,0.014732));
#2040=CARTESIAN_POINT('',(0.0450795707098221,-0.00813428999330072,0.0127000000000001));
#2041=CARTESIAN_POINT('',(0.0445520377996435,-0.00979002480087515,0.014732));
#2042=CARTESIAN_POINT('',(0.0445520377996435,-0.00979002480087515,0.0127000000000001));
#2043=CARTESIAN_POINT('',(0.0438593864085859,-0.0111367028943008,0.014732));
#2044=CARTESIAN_POINT('',(0.0438593864085859,-0.0111367028943008,0.0127000000000001));
#2045=CARTESIAN_POINT('',(0.0431206010534357,-0.0121886655331431,0.014732));
#2046=CARTESIAN_POINT('',(0.0431206010534357,-0.0121886655331431,0.0127000000000001));
#2047=CARTESIAN_POINT('',(0.042344141611162,-0.0131070901563303,0.014732));
#2048=CARTESIAN_POINT('',(0.042344141611162,-0.0131070901563303,0.0127000000000001));
#2049=CARTESIAN_POINT('',(0.0412709556110085,-0.0140930041440914,0.014732));
#2050=CARTESIAN_POINT('',(0.0412709556110085,-0.0140930041440914,0.0127000000000001));
#2051=CARTESIAN_POINT('',(0.0396079206813326,-0.0152191083103807,0.014732));
#2052=CARTESIAN_POINT('',(0.0396079206813326,-0.0152191083103807,0.0127000000000001));
#2053=CARTESIAN_POINT('',(0.0378042526688784,-0.0160414437838818,0.014732));
#2054=CARTESIAN_POINT('',(0.0378042526688784,-0.0160414437838818,0.0127000000000001));
#2055=CARTESIAN_POINT('',(0.0359251811570985,-0.0166842673966146,0.014732));
#2056=CARTESIAN_POINT('',(0.0359251811570985,-0.0166842673966146,0.0127000000000001));
#2057=CARTESIAN_POINT('',(0.0338843904201983,-0.0172551324226217,0.014732));
#2058=CARTESIAN_POINT('',(0.0338843904201983,-0.0172551324226217,0.0127000000000001));
#2059=CARTESIAN_POINT('',(0.0316695264563177,-0.0177707924785374,0.014732));
#2060=CARTESIAN_POINT('',(0.0316695264563177,-0.0177707924785374,0.0127000000000001));
#2061=CARTESIAN_POINT('',(0.0284796868474133,-0.0183986131976478,0.014732));
#2062=CARTESIAN_POINT('',(0.0284796868474133,-0.0183986131976478,0.0127000000000001));
#2063=CARTESIAN_POINT('',(0.0241177237165392,-0.0190578480673525,0.014732));
#2064=CARTESIAN_POINT('',(0.0241177237165392,-0.0190578480673525,0.0127000000000001));
#2065=CARTESIAN_POINT('',(0.0185613837939609,-0.0195616068301316,0.014732));
#2066=CARTESIAN_POINT('',(0.0185613837939609,-0.0195616068301316,0.0127000000000001));
#2067=CARTESIAN_POINT('',(0.0130022265028796,-0.0196691445508437,0.014732));
#2068=CARTESIAN_POINT('',(0.0130022265028796,-0.0196691445508437,0.0127000000000001));
#2069=CARTESIAN_POINT('',(0.00752818799598017,-0.019177702744682,0.014732));
#2070=CARTESIAN_POINT('',(0.00752818799598017,-0.019177702744682,0.0127000000000001));
#2071=CARTESIAN_POINT('',(0.00249902263972349,-0.0178202117990757,0.014732));
#2072=CARTESIAN_POINT('',(0.00249902263972349,-0.0178202117990757,0.0127000000000001));
#2073=CARTESIAN_POINT('',(-0.00195893749467751,-0.0155560026630321,0.014732));
#2074=CARTESIAN_POINT('',(-0.00195893749467751,-0.0155560026630321,0.0127000000000001));
#2075=CARTESIAN_POINT('',(-0.0049969965627584,-0.0131237845428126,0.014732));
#2076=CARTESIAN_POINT('',(-0.0049969965627584,-0.0131237845428126,0.0127000000000001));
#2077=CARTESIAN_POINT('',(-0.00704267672461116,-0.0110525763188126,0.014732));
#2078=CARTESIAN_POINT('',(-0.00704267672461116,-0.0110525763188126,0.0127000000000001));
#2079=CARTESIAN_POINT('',(-0.00888734640803787,-0.0089399295567769,0.014732));
#2080=CARTESIAN_POINT('',(-0.00888734640803787,-0.0089399295567769,0.0127000000000001));
#2081=CARTESIAN_POINT('',(-0.0110413355032294,-0.00602613011059763,0.014732));
#2082=CARTESIAN_POINT('',(-0.0110413355032294,-0.00602613011059763,0.0127));
#2083=CARTESIAN_POINT('',(-0.0128855965438641,-0.0028003725327959,0.014732));
#2084=CARTESIAN_POINT('',(-0.0128855965438641,-0.0028003725327959,0.0127000000000001));
#2085=CARTESIAN_POINT('',(-0.0141019294970384,-4.73314129859301E-6,0.014732));
#2086=CARTESIAN_POINT('',(-0.0141019294970384,-4.73314129859301E-6,0.0127000000000001));
#2087=CARTESIAN_POINT('',(-0.014849692596197,0.00221424147963834,0.014732));
#2088=CARTESIAN_POINT('',(-0.014849692596197,0.00221424147963834,0.0127000000000001));
#2089=CARTESIAN_POINT('',(-0.0153966589720118,0.00459578468310514,0.014732));
#2090=CARTESIAN_POINT('',(-0.0153966589720118,0.00459578468310514,0.0127000000000001));
#2091=CARTESIAN_POINT('',(-0.0156382199431826,0.00714525028775359,0.014732));
#2092=CARTESIAN_POINT('',(-0.0156382199431826,0.00714525028775359,0.0127000000000001));
#2093=CARTESIAN_POINT('',(-0.0155642302802613,0.00939239890551375,0.014732));
#2094=CARTESIAN_POINT('',(-0.0155642302802613,0.00939239890551375,0.0127000000000001));
#2095=CARTESIAN_POINT('',(-0.015328451212085,0.011340164824842,0.014732));
#2096=CARTESIAN_POINT('',(-0.015328451212085,0.011340164824842,0.0127000000000001));
#2097=CARTESIAN_POINT('',(-0.0150419618938275,0.0129553870334325,0.014732));
#2098=CARTESIAN_POINT('',(-0.0150419618938275,0.0129553870334325,0.0127000000000001));
#2099=CARTESIAN_POINT('',(-0.0147880166580361,0.0142653620121455,0.014732));
#2100=CARTESIAN_POINT('',(-0.0147880166580361,0.0142653620121455,0.0127000000000001));
#2101=CARTESIAN_POINT('',(-0.0146108986317227,0.0153045578978838,0.014732));
#2102=CARTESIAN_POINT('',(-0.0146108986317227,0.0153045578978838,0.0127000000000001));
#2103=CARTESIAN_POINT('',(-0.0145265113178984,0.0160473991099181,0.014732));
#2104=CARTESIAN_POINT('',(-0.0145265113178984,0.0160473991099181,0.0127000000000001));
#2105=CARTESIAN_POINT('',(-0.0145071313259677,0.0167076106626902,0.014732));
#2106=CARTESIAN_POINT('',(-0.0145071313259677,0.0167076106626902,0.0127000000000001));
#2107=CARTESIAN_POINT('',(-0.0145472691209766,0.0174731430850888,0.014732));
#2108=CARTESIAN_POINT('',(-0.0145472691209766,0.0174731430850888,0.0127000000000001));
#2109=CARTESIAN_POINT('',(-0.0146561020499154,0.0182573187944406,0.014732));
#2110=CARTESIAN_POINT('',(-0.0146561020499154,0.0182573187944406,0.0127000000000001));
#2111=CARTESIAN_POINT('',(-0.0148324507959692,0.0190459529626268,0.014732));
#2112=CARTESIAN_POINT('',(-0.0148324507959692,0.0190459529626268,0.0127000000000001));
#2113=CARTESIAN_POINT('',(-0.0150723732991101,0.0198095454375926,0.014732));
#2114=CARTESIAN_POINT('',(-0.0150723732991101,0.0198095454375926,0.0127000000000001));
#2115=CARTESIAN_POINT('',(-0.0153703794926146,0.0205288540000243,0.014732));
#2116=CARTESIAN_POINT('',(-0.0153703794926146,0.0205288540000243,0.0127000000000001));
#2117=CARTESIAN_POINT('',(-0.0157064960581048,0.0211679557658831,0.014732));
#2118=CARTESIAN_POINT('',(-0.0157064960581048,0.0211679557658831,0.0127000000000001));
#2119=CARTESIAN_POINT('',(-0.0160960557402591,0.0217650134126606,0.014732));
#2120=CARTESIAN_POINT('',(-0.0160960557402591,0.0217650134126606,0.0127000000000001));
#2121=CARTESIAN_POINT('',(-0.0168308133691812,0.0227397147189724,0.014732));
#2122=CARTESIAN_POINT('',(-0.0168308133691812,0.0227397147189724,0.0127000000000001));
#2123=CARTESIAN_POINT('',(-0.0177947349840755,0.0239767698222816,0.014732));
#2124=CARTESIAN_POINT('',(-0.0177947349840755,0.0239767698222816,0.0127000000000001));
#2125=CARTESIAN_POINT('',(-0.0187740555411336,0.0253492004731161,0.014732));
#2126=CARTESIAN_POINT('',(-0.0187740555411336,0.0253492004731161,0.0127000000000001));
#2127=CARTESIAN_POINT('',(-0.0196124711392885,0.0268225377335469,0.014732));
#2128=CARTESIAN_POINT('',(-0.0196124711392885,0.0268225377335469,0.0127000000000001));
#2129=CARTESIAN_POINT('',(-0.0202317538226297,0.0281987641037914,0.014732));
#2130=CARTESIAN_POINT('',(-0.0202317538226297,0.0281987641037914,0.0127000000000001));
#2131=CARTESIAN_POINT('',(-0.0207555525943171,0.0299616534823476,0.014732));
#2132=CARTESIAN_POINT('',(-0.0207555525943171,0.0299616534823476,0.0127000000000001));
#2133=CARTESIAN_POINT('',(-0.0210015924986862,0.0320927717750784,0.014732));
#2134=CARTESIAN_POINT('',(-0.0210015924986862,0.0320927717750784,0.0127000000000001));
#2135=CARTESIAN_POINT('',(-0.0207283997838805,0.0345702739264806,0.014732));
#2136=CARTESIAN_POINT('',(-0.0207283997838805,0.0345702739264806,0.0127000000000001));
#2137=CARTESIAN_POINT('',(-0.0199008669121907,0.0367952271635782,0.014732));
#2138=CARTESIAN_POINT('',(-0.0199008669121907,0.0367952271635782,0.0127000000000001));
#2139=CARTESIAN_POINT('',(-0.0188718324053469,0.0384676872867699,0.014732));
#2140=CARTESIAN_POINT('',(-0.0188718324053469,0.0384676872867699,0.0127000000000001));
#2141=CARTESIAN_POINT('',(-0.0173868792484221,0.040231649140434,0.014732));
#2142=CARTESIAN_POINT('',(-0.0173868792484221,0.040231649140434,0.0127000000000001));
#2143=CARTESIAN_POINT('',(-0.0154634695336884,0.0417906074138194,0.014732));
#2144=CARTESIAN_POINT('',(-0.0154634695336884,0.0417906074138194,0.0127000000000001));
#2145=CARTESIAN_POINT('',(-0.0130956056420112,0.0431210950952303,0.014732));
#2146=CARTESIAN_POINT('',(-0.0130956056420112,0.0431210950952303,0.0127000000000001));
#2147=CARTESIAN_POINT('',(-0.0105660990633779,0.0440600381478102,0.014732));
#2148=CARTESIAN_POINT('',(-0.0105660990633779,0.0440600381478102,0.0127000000000001));
#2149=CARTESIAN_POINT('',(-0.00778709540570588,0.0446224900274135,0.014732));
#2150=CARTESIAN_POINT('',(-0.00778709540570588,0.0446224900274135,0.0127000000000001));
#2151=CARTESIAN_POINT('',(-0.0044044095215685,0.0445540774338698,0.014732));
#2152=CARTESIAN_POINT('',(-0.0044044095215685,0.0445540774338698,0.0127000000000001));
#2153=CARTESIAN_POINT('',(-0.00112784207997085,0.0435333826352887,0.014732));
#2154=CARTESIAN_POINT('',(-0.00112784207997085,0.0435333826352887,0.0127000000000001));
#2155=CARTESIAN_POINT('',(0.00068901832285639,0.0423667608861229,0.014732));
#2156=CARTESIAN_POINT('',(0.00068901832285639,0.0423667608861229,0.0127000000000001));
#2157=CARTESIAN_POINT('',(0.00147494173646512,0.0417303289965897,0.014732));
#2158=CARTESIAN_POINT('',(0.00147494173646512,0.0417303289965897,0.0127000000000001));
#2159=CARTESIAN_POINT('',(0.0415295317353487,0.00425542421353906,0.014732));
#2160=CARTESIAN_POINT('',(0.00147494173646506,0.0417303289965898,0.014732));
#2161=CARTESIAN_POINT('',(0.00147494173646521,0.0417303289965898,0.014732));
#2162=CARTESIAN_POINT('',(0.00147494173646521,0.0417303289965898,0.0127));
#2163=CARTESIAN_POINT('',(0.00145426715079166,0.0420948143737815,0.014732));
#2164=CARTESIAN_POINT('',(0.00145426715079166,0.0420948143737815,0.0127));
#2165=CARTESIAN_POINT('',(0.00138089111466534,0.0430408998571168,0.014732));
#2166=CARTESIAN_POINT('',(0.00138089111466534,0.0430408998571168,0.0127));
#2167=CARTESIAN_POINT('',(0.00127045907315484,0.0447610593758746,0.014732));
#2168=CARTESIAN_POINT('',(0.00127045907315484,0.0447610593758746,0.0127));
#2169=CARTESIAN_POINT('',(0.00123694324619405,0.0463816816899846,0.014732));
#2170=CARTESIAN_POINT('',(0.00123694324619405,0.0463816816899846,0.0127));
#2171=CARTESIAN_POINT('',(0.00125669761820802,0.0476958173096097,0.014732));
#2172=CARTESIAN_POINT('',(0.00125669761820802,0.0476958173096097,0.0127));
#2173=CARTESIAN_POINT('',(0.0013479409545528,0.0491189492627107,0.014732));
#2174=CARTESIAN_POINT('',(0.0013479409545528,0.0491189492627107,0.0127));
#2175=CARTESIAN_POINT('',(0.00156206564982116,0.0506940155021765,0.014732));
#2176=CARTESIAN_POINT('',(0.00156206564982116,0.0506940155021765,0.0127));
#2177=CARTESIAN_POINT('',(0.00193538413344485,0.052247833637883,0.014732));
#2178=CARTESIAN_POINT('',(0.00193538413344485,0.052247833637883,0.0127));
#2179=CARTESIAN_POINT('',(0.00254744607202456,0.0537784410622844,0.014732));
#2180=CARTESIAN_POINT('',(0.00254744607202456,0.0537784410622844,0.0127));
#2181=CARTESIAN_POINT('',(0.00327379446220191,0.0550996363922246,0.014732));
#2182=CARTESIAN_POINT('',(0.00327379446220191,0.0550996363922246,0.0127));
#2183=CARTESIAN_POINT('',(0.00447134121200405,0.056615854343947,0.014732));
#2184=CARTESIAN_POINT('',(0.00447134121200405,0.056615854343947,0.0127));
#2185=CARTESIAN_POINT('',(0.00636961333344497,0.0581351271262616,0.014732));
#2186=CARTESIAN_POINT('',(0.00636961333344497,0.0581351271262616,0.0127));
#2187=CARTESIAN_POINT('',(0.00853843668313226,0.0590108011693856,0.014732));
#2188=CARTESIAN_POINT('',(0.00853843668313226,0.0590108011693856,0.0127));
#2189=CARTESIAN_POINT('',(0.0103757367561177,0.0592804844905459,0.014732));
#2190=CARTESIAN_POINT('',(0.0103757367561177,0.0592804844905459,0.0127));
#2191=CARTESIAN_POINT('',(0.012029586417582,0.0592818132043755,0.014732));
#2192=CARTESIAN_POINT('',(0.012029586417582,0.0592818132043755,0.0127));
#2193=CARTESIAN_POINT('',(0.0136952365472268,0.0589569978741902,0.014732));
#2194=CARTESIAN_POINT('',(0.0136952365472268,0.0589569978741902,0.0127));
#2195=CARTESIAN_POINT('',(0.0151496997227881,0.0584040787203849,0.014732));
#2196=CARTESIAN_POINT('',(0.0151496997227881,0.0584040787203849,0.0127));
#2197=CARTESIAN_POINT('',(0.0163033175228652,0.0577897973873242,0.014732));
#2198=CARTESIAN_POINT('',(0.0163033175228652,0.0577897973873242,0.0127));
#2199=CARTESIAN_POINT('',(0.0175261366951614,0.056974795754343,0.014732));
#2200=CARTESIAN_POINT('',(0.0175261366951614,0.056974795754343,0.0127));
#2201=CARTESIAN_POINT('',(0.0187436315377119,0.0559385008555199,0.014732));
#2202=CARTESIAN_POINT('',(0.0187436315377119,0.0559385008555199,0.0127));
#2203=CARTESIAN_POINT('',(0.0195550380480979,0.0550774102252395,0.014732));
#2204=CARTESIAN_POINT('',(0.0195550380480979,0.0550774102252395,0.0127));
#2205=CARTESIAN_POINT('',(0.0199361393542157,0.0546308565767309,0.014732));
#2206=CARTESIAN_POINT('',(0.0199361393542157,0.0546308565767309,0.0127));
#2207=CARTESIAN_POINT('',(0.019936139354216,0.0546308565767307,0.014732));
#2208=CARTESIAN_POINT('',(0.0199361393542163,0.0546308565767307,0.014732));
#2209=CARTESIAN_POINT('',(0.0199361393542163,0.0546308565767307,0.0127));
#2210=CARTESIAN_POINT('',(0.0203786917375209,0.0552121582127681,0.014732));
#2211=CARTESIAN_POINT('',(0.0203786917375209,0.0552121582127681,0.0127));
#2212=CARTESIAN_POINT('',(0.0213348170433468,0.0562820994564886,0.014732));
#2213=CARTESIAN_POINT('',(0.0213348170433468,0.0562820994564886,0.0127));
#2214=CARTESIAN_POINT('',(0.0228063308298445,0.0574926738942397,0.014732));
#2215=CARTESIAN_POINT('',(0.0228063308298445,0.0574926738942397,0.0127));
#2216=CARTESIAN_POINT('',(0.0243522513879845,0.0583934435115359,0.014732));
#2217=CARTESIAN_POINT('',(0.0243522513879845,0.0583934435115359,0.0127));
#2218=CARTESIAN_POINT('',(0.0257838179275654,0.0590006885876762,0.014732));
#2219=CARTESIAN_POINT('',(0.0257838179275654,0.0590006885876762,0.0127));
#2220=CARTESIAN_POINT('',(0.0273583715409337,0.0593786244526805,0.014732));
#2221=CARTESIAN_POINT('',(0.0273583715409337,0.0593786244526805,0.0127));
#2222=CARTESIAN_POINT('',(0.028863286073536,0.0594732555806192,0.014732));
#2223=CARTESIAN_POINT('',(0.028863286073536,0.0594732555806192,0.0127));
#2224=CARTESIAN_POINT('',(0.0305859293454589,0.0593648892238144,0.014732));
#2225=CARTESIAN_POINT('',(0.0305859293454589,0.0593648892238144,0.0127));
#2226=CARTESIAN_POINT('',(0.0328812378836318,0.0586785174002533,0.014732));
#2227=CARTESIAN_POINT('',(0.0328812378836318,0.0586785174002533,0.0127));
#2228=CARTESIAN_POINT('',(0.034917668298431,0.0573149534159222,0.014732));
#2229=CARTESIAN_POINT('',(0.034917668298431,0.0573149534159222,0.0127));
#2230=CARTESIAN_POINT('',(0.0362937545971594,0.0558469788356929,0.014732));
#2231=CARTESIAN_POINT('',(0.0362937545971594,0.0558469788356929,0.0127));
#2232=CARTESIAN_POINT('',(0.0371445106521114,0.0545467730723946,0.014732));
#2233=CARTESIAN_POINT('',(0.0371445106521114,0.0545467730723946,0.0127));
#2234=CARTESIAN_POINT('',(0.0377043087502208,0.0534119096709611,0.014732));
#2235=CARTESIAN_POINT('',(0.0377043087502208,0.0534119096709611,0.0127));
#2236=CARTESIAN_POINT('',(0.0382071464154042,0.052098923502352,0.014732));
#2237=CARTESIAN_POINT('',(0.0382071464154042,0.052098923502352,0.0127));
#2238=CARTESIAN_POINT('',(0.0385791800864584,0.0507021215897997,0.014732));
#2239=CARTESIAN_POINT('',(0.0385791800864584,0.0507021215897997,0.0127));
#2240=CARTESIAN_POINT('',(0.038846718139734,0.0492797289031675,0.014732));
#2241=CARTESIAN_POINT('',(0.038846718139734,0.0492797289031675,0.0127));
#2242=CARTESIAN_POINT('',(0.0390281962523694,0.0480041909395649,0.014732));
#2243=CARTESIAN_POINT('',(0.0390281962523694,0.0480041909395649,0.0127));
#2244=CARTESIAN_POINT('',(0.0391584561965633,0.0469191709691484,0.014732));
#2245=CARTESIAN_POINT('',(0.0391584561965633,0.0469191709691484,0.0127));
#2246=CARTESIAN_POINT('',(0.039305657343141,0.0456626844693684,0.014732));
#2247=CARTESIAN_POINT('',(0.039305657343141,0.0456626844693684,0.0127));
#2248=CARTESIAN_POINT('',(0.0394690343328479,0.0443561534239086,0.014732));
#2249=CARTESIAN_POINT('',(0.0394690343328479,0.0443561534239086,0.0127));
#2250=CARTESIAN_POINT('',(0.0396264549034765,0.0434806957456552,0.014732));
#2251=CARTESIAN_POINT('',(0.0396264549034765,0.0434806957456552,0.0127));
#2252=CARTESIAN_POINT('',(0.039736540547307,0.0430404289572301,0.014732));
#2253=CARTESIAN_POINT('',(0.039736540547307,0.0430404289572301,0.0127));
#2254=CARTESIAN_POINT('',(0.0397998663826015,0.0428419579366475,0.014732));
#2255=CARTESIAN_POINT('',(0.0397998663826015,0.0428419579366475,0.0127));
#2256=CARTESIAN_POINT('',(0.0398462240738846,0.0427192989569086,0.014732));
#2257=CARTESIAN_POINT('',(0.0398462240738846,0.0427192989569086,0.0127));
#2258=CARTESIAN_POINT('',(0.0400423018567516,0.0422762225160859,0.014732));
#2259=CARTESIAN_POINT('',(0.0400423018567516,0.0422762225160859,0.0127));
#2260=CARTESIAN_POINT('',(0.0403636574146585,0.0415953767260598,0.014732));
#2261=CARTESIAN_POINT('',(0.0403636574146585,0.0415953767260598,0.0127));
#2262=CARTESIAN_POINT('',(0.0407977894172279,0.0406301198357471,0.014732));
#2263=CARTESIAN_POINT('',(0.0407977894172279,0.0406301198357471,0.0127));
#2264=CARTESIAN_POINT('',(0.0412868151385312,0.0393502782164422,0.014732));
#2265=CARTESIAN_POINT('',(0.0412868151385312,0.0393502782164422,0.0127));
#2266=CARTESIAN_POINT('',(0.0417382999145544,0.0377430503159147,0.014732));
#2267=CARTESIAN_POINT('',(0.0417382999145544,0.0377430503159147,0.0127));
#2268=CARTESIAN_POINT('',(0.0420054476837735,0.0357597967130427,0.014732));
#2269=CARTESIAN_POINT('',(0.0420054476837735,0.0357597967130427,0.0127));
#2270=CARTESIAN_POINT('',(0.0419780589901018,0.0339211117107845,0.014732));
#2271=CARTESIAN_POINT('',(0.0419780589901018,0.0339211117107845,0.0127));
#2272=CARTESIAN_POINT('',(0.0417662541987678,0.0322670468561318,0.014732));
#2273=CARTESIAN_POINT('',(0.0417662541987678,0.0322670468561318,0.0127));
#2274=CARTESIAN_POINT('',(0.0414132894772301,0.0307283873222489,0.014732));
#2275=CARTESIAN_POINT('',(0.0414132894772301,0.0307283873222489,0.0127));
#2276=CARTESIAN_POINT('',(0.0409530270400962,0.029302644054449,0.014732));
#2277=CARTESIAN_POINT('',(0.0409530270400962,0.029302644054449,0.0127));
#2278=CARTESIAN_POINT('',(0.0403984376281746,0.0279607275210968,0.014732));
#2279=CARTESIAN_POINT('',(0.0403984376281746,0.0279607275210968,0.0127));
#2280=CARTESIAN_POINT('',(0.0397570513925958,0.0266892376385818,0.014732));
#2281=CARTESIAN_POINT('',(0.0397570513925958,0.0266892376385818,0.0127));
#2282=CARTESIAN_POINT('',(0.0392582912836259,0.0258757544713936,0.014732));
#2283=CARTESIAN_POINT('',(0.0392582912836259,0.0258757544713936,0.0127));
#2284=CARTESIAN_POINT('',(0.0390330776187304,0.0255329113789741,0.014732));
#2285=CARTESIAN_POINT('',(0.0390330776187304,0.0255329113789741,0.0127));
#2286=CARTESIAN_POINT('',(0.0390330776187304,0.0255329113789741,0.014732));
#2287=CARTESIAN_POINT('',(0.0390330776187309,0.0255329113789741,0.014732));
#2288=CARTESIAN_POINT('',(0.0390330776187309,0.0255329113789741,0.0127));
#2289=CARTESIAN_POINT('',(0.0393980644109041,0.0245606850264816,0.014732));
#2290=CARTESIAN_POINT('',(0.0393980644109041,0.0245606850264816,0.0127));
#2291=CARTESIAN_POINT('',(0.0401769933804001,0.022591408649775,0.014732));
#2292=CARTESIAN_POINT('',(0.0401769933804001,0.022591408649775,0.0127));
#2293=CARTESIAN_POINT('',(0.0412381365321922,0.0193042517817031,0.014732));
#2294=CARTESIAN_POINT('',(0.0412381365321922,0.0193042517817031,0.0127));
#2295=CARTESIAN_POINT('',(0.0419375974194826,0.0165090757365031,0.014732));
#2296=CARTESIAN_POINT('',(0.0419375974194826,0.0165090757365031,0.0127));
#2297=CARTESIAN_POINT('',(0.0423319512389497,0.0139210951276468,0.014732));
#2298=CARTESIAN_POINT('',(0.0423319512389497,0.0139210951276468,0.0127));
#2299=CARTESIAN_POINT('',(0.0424529537622094,0.0116656471343755,0.014732));
#2300=CARTESIAN_POINT('',(0.0424529537622094,0.0116656471343755,0.0127));
#2301=CARTESIAN_POINT('',(0.042401872603984,0.00936830034218865,0.014732));
#2302=CARTESIAN_POINT('',(0.042401872603984,0.00936830034218865,0.0127));
#2303=CARTESIAN_POINT('',(0.0420823635390777,0.0068176011930654,0.014732));
#2304=CARTESIAN_POINT('',(0.0420823635390777,0.0068176011930654,0.0127));
#2305=CARTESIAN_POINT('',(0.0417137403074773,0.00505682018167006,0.014732));
#2306=CARTESIAN_POINT('',(0.0417137403074773,0.00505682018167006,0.0127));
#2307=CARTESIAN_POINT('',(0.0415295317353487,0.00425542421353892,0.014732));
#2308=CARTESIAN_POINT('',(0.0415295317353487,0.00425542421353892,0.0127));
#2309=MECHANICAL_DESIGN_GEOMETRIC_PRESENTATION_REPRESENTATION('',(#218),
#2310);
#2310=(
GEOMETRIC_REPRESENTATION_CONTEXT(3)
GLOBAL_UNCERTAINTY_ASSIGNED_CONTEXT((#2311))
GLOBAL_UNIT_ASSIGNED_CONTEXT((#2314,#2313,#2312))
REPRESENTATION_CONTEXT('Part 1','TOP_LEVEL_ASSEMBLY_PART')
);
#2311=UNCERTAINTY_MEASURE_WITH_UNIT(LENGTH_MEASURE(2.E-5),#2314,
'DISTANCE_ACCURACY_VALUE','Maximum Tolerance applied to model');
#2312=(
NAMED_UNIT(*)
SI_UNIT($,.STERADIAN.)
SOLID_ANGLE_UNIT()
);
#2313=(
NAMED_UNIT(*)
PLANE_ANGLE_UNIT()
SI_UNIT($,.RADIAN.)
);
#2314=(
LENGTH_UNIT()
NAMED_UNIT(*)
SI_UNIT($,.METRE.)
);
#2315=PRODUCT_DEFINITION_SHAPE('','',#2316);
#2316=PRODUCT_DEFINITION('','',#2318,#2317);
#2317=PRODUCT_DEFINITION_CONTEXT('',#2324,'design');
#2318=PRODUCT_DEFINITION_FORMATION_WITH_SPECIFIED_SOURCE('','',#2320,
 .NOT_KNOWN.);
#2319=PRODUCT_RELATED_PRODUCT_CATEGORY('','',(#2320));
#2320=PRODUCT('Part 1','Part 1','Part 1',(#2322));
#2321=PRODUCT_CATEGORY('','');
#2322=PRODUCT_CONTEXT('',#2324,'mechanical');
#2323=APPLICATION_PROTOCOL_DEFINITION('international standard',
'ap242_managed_model_based_3d_engineering',2020,#2324);
#2324=APPLICATION_CONTEXT('managed model based 3d engineering');
ENDSEC;
END-ISO-10303-21;
