ISO-10303-21;
HEADER;
/* Generated by software containing ST-Developer
 * from STEP Tools, Inc. (www.steptools.com) 
 */
/* OPTION: using custom renumber hook */

FILE_DESCRIPTION(
/* description */ ('STEP AP242',
'CAx-IF Rec.Pracs.---Representation and Presentation of Product Manufa
cturing Information (PMI)---4.0---2014-10-13',
'CAx-IF Rec.Pracs.---3D Tessellated Geometry---0.4---2014-09-14','2;1',
'CAx-IF Rec.Pracs.---User Defined Attributes---1.5---2016-08-15'),
/* implementation_level */ '2;1');

FILE_NAME(
/* name */ '691ddbef3f22b77530653b9c',
/* time_stamp */ '2025-11-19T15:02:08Z',
/* author */ (''),
/* organization */ (''),
/* preprocessor_version */ 'ST-DEVELOPER v20',
/* originating_system */ 'ONSHAPE BY PTC INC, 1.206',
/* authorisation */ '  ');

FILE_SCHEMA (('AP242_MANAGED_MODEL_BASED_3D_ENGINEERING_MIM_LF { 1 0 10303 442 1 1 4 }'));
ENDSEC;

DATA;
#10=SHAPE_REPRESENTATION_RELATIONSHIP('','',#437,#11);
#11=ADVANCED_BREP_SHAPE_REPRESENTATION('',(#435),#3885);
#12=CYLINDRICAL_SURFACE('',#448,0.0293073267044404);
#13=CYLINDRICAL_SURFACE('',#449,0.0100010591761652);
#14=CYLINDRICAL_SURFACE('',#450,0.00846707232315832);
#15=CIRCLE('',#441,0.00846707232315832);
#16=CIRCLE('',#442,0.0100010591761652);
#17=CIRCLE('',#443,0.0293073267044404);
#18=CIRCLE('',#445,0.0293073267044404);
#19=CIRCLE('',#446,0.0100010591761652);
#20=CIRCLE('',#447,0.00846707232315832);
#21=PLANE('',#439);
#22=PLANE('',#440);
#23=PLANE('',#444);
#24=LINE('',#636,#44);
#25=LINE('',#701,#45);
#26=LINE('',#820,#46);
#27=LINE('',#1027,#47);
#28=LINE('',#1134,#48);
#29=LINE('',#1433,#49);
#30=LINE('',#1594,#50);
#31=LINE('',#1701,#51);
#32=LINE('',#3423,#52);
#33=LINE('',#3424,#53);
#34=LINE('',#3485,#54);
#35=LINE('',#3550,#55);
#36=LINE('',#3552,#56);
#37=LINE('',#3589,#57);
#38=LINE('',#3650,#58);
#39=LINE('',#3652,#59);
#40=LINE('',#3685,#60);
#41=LINE('',#3792,#61);
#42=LINE('',#3794,#62);
#43=LINE('',#3855,#63);
#44=VECTOR('',#453,1.);
#45=VECTOR('',#454,1.);
#46=VECTOR('',#455,1.);
#47=VECTOR('',#456,1.);
#48=VECTOR('',#457,1.);
#49=VECTOR('',#458,1.);
#50=VECTOR('',#459,1.);
#51=VECTOR('',#460,1.);
#52=VECTOR('',#479,1.);
#53=VECTOR('',#480,1.);
#54=VECTOR('',#481,1.);
#55=VECTOR('',#482,1.);
#56=VECTOR('',#485,1.);
#57=VECTOR('',#486,1.);
#58=VECTOR('',#487,1.);
#59=VECTOR('',#490,1.);
#60=VECTOR('',#491,1.);
#61=VECTOR('',#492,1.);
#62=VECTOR('',#495,1.);
#63=VECTOR('',#496,1.);
#64=ORIENTED_EDGE('',*,*,#188,.F.);
#65=ORIENTED_EDGE('',*,*,#189,.F.);
#66=ORIENTED_EDGE('',*,*,#190,.T.);
#67=ORIENTED_EDGE('',*,*,#191,.T.);
#68=ORIENTED_EDGE('',*,*,#192,.F.);
#69=ORIENTED_EDGE('',*,*,#191,.F.);
#70=ORIENTED_EDGE('',*,*,#193,.T.);
#71=ORIENTED_EDGE('',*,*,#194,.T.);
#72=ORIENTED_EDGE('',*,*,#195,.F.);
#73=ORIENTED_EDGE('',*,*,#194,.F.);
#74=ORIENTED_EDGE('',*,*,#196,.T.);
#75=ORIENTED_EDGE('',*,*,#197,.T.);
#76=ORIENTED_EDGE('',*,*,#198,.F.);
#77=ORIENTED_EDGE('',*,*,#197,.F.);
#78=ORIENTED_EDGE('',*,*,#199,.T.);
#79=ORIENTED_EDGE('',*,*,#200,.T.);
#80=ORIENTED_EDGE('',*,*,#201,.F.);
#81=ORIENTED_EDGE('',*,*,#200,.F.);
#82=ORIENTED_EDGE('',*,*,#202,.T.);
#83=ORIENTED_EDGE('',*,*,#203,.T.);
#84=ORIENTED_EDGE('',*,*,#204,.F.);
#85=ORIENTED_EDGE('',*,*,#203,.F.);
#86=ORIENTED_EDGE('',*,*,#205,.T.);
#87=ORIENTED_EDGE('',*,*,#206,.T.);
#88=ORIENTED_EDGE('',*,*,#207,.F.);
#89=ORIENTED_EDGE('',*,*,#206,.F.);
#90=ORIENTED_EDGE('',*,*,#208,.T.);
#91=ORIENTED_EDGE('',*,*,#209,.T.);
#92=ORIENTED_EDGE('',*,*,#210,.F.);
#93=ORIENTED_EDGE('',*,*,#209,.F.);
#94=ORIENTED_EDGE('',*,*,#211,.T.);
#95=ORIENTED_EDGE('',*,*,#189,.T.);
#96=ORIENTED_EDGE('',*,*,#212,.F.);
#97=ORIENTED_EDGE('',*,*,#213,.T.);
#98=ORIENTED_EDGE('',*,*,#190,.F.);
#99=ORIENTED_EDGE('',*,*,#211,.F.);
#100=ORIENTED_EDGE('',*,*,#208,.F.);
#101=ORIENTED_EDGE('',*,*,#205,.F.);
#102=ORIENTED_EDGE('',*,*,#202,.F.);
#103=ORIENTED_EDGE('',*,*,#199,.F.);
#104=ORIENTED_EDGE('',*,*,#196,.F.);
#105=ORIENTED_EDGE('',*,*,#193,.F.);
#106=ORIENTED_EDGE('',*,*,#212,.T.);
#107=ORIENTED_EDGE('',*,*,#214,.F.);
#108=ORIENTED_EDGE('',*,*,#215,.F.);
#109=ORIENTED_EDGE('',*,*,#216,.F.);
#110=ORIENTED_EDGE('',*,*,#217,.F.);
#111=ORIENTED_EDGE('',*,*,#218,.F.);
#112=ORIENTED_EDGE('',*,*,#219,.F.);
#113=ORIENTED_EDGE('',*,*,#220,.F.);
#114=ORIENTED_EDGE('',*,*,#221,.F.);
#115=ORIENTED_EDGE('',*,*,#222,.F.);
#116=ORIENTED_EDGE('',*,*,#223,.F.);
#117=ORIENTED_EDGE('',*,*,#224,.F.);
#118=ORIENTED_EDGE('',*,*,#225,.F.);
#119=ORIENTED_EDGE('',*,*,#210,.T.);
#120=ORIENTED_EDGE('',*,*,#188,.T.);
#121=ORIENTED_EDGE('',*,*,#192,.T.);
#122=ORIENTED_EDGE('',*,*,#195,.T.);
#123=ORIENTED_EDGE('',*,*,#198,.T.);
#124=ORIENTED_EDGE('',*,*,#201,.T.);
#125=ORIENTED_EDGE('',*,*,#204,.T.);
#126=ORIENTED_EDGE('',*,*,#207,.T.);
#127=ORIENTED_EDGE('',*,*,#213,.F.);
#128=ORIENTED_EDGE('',*,*,#226,.T.);
#129=ORIENTED_EDGE('',*,*,#227,.T.);
#130=ORIENTED_EDGE('',*,*,#228,.T.);
#131=ORIENTED_EDGE('',*,*,#229,.T.);
#132=ORIENTED_EDGE('',*,*,#230,.T.);
#133=ORIENTED_EDGE('',*,*,#231,.T.);
#134=ORIENTED_EDGE('',*,*,#232,.T.);
#135=ORIENTED_EDGE('',*,*,#233,.T.);
#136=ORIENTED_EDGE('',*,*,#234,.T.);
#137=ORIENTED_EDGE('',*,*,#235,.T.);
#138=ORIENTED_EDGE('',*,*,#236,.T.);
#139=ORIENTED_EDGE('',*,*,#237,.T.);
#140=ORIENTED_EDGE('',*,*,#214,.T.);
#141=ORIENTED_EDGE('',*,*,#238,.F.);
#142=ORIENTED_EDGE('',*,*,#226,.F.);
#143=ORIENTED_EDGE('',*,*,#239,.T.);
#144=ORIENTED_EDGE('',*,*,#225,.T.);
#145=ORIENTED_EDGE('',*,*,#240,.F.);
#146=ORIENTED_EDGE('',*,*,#227,.F.);
#147=ORIENTED_EDGE('',*,*,#238,.T.);
#148=ORIENTED_EDGE('',*,*,#224,.T.);
#149=ORIENTED_EDGE('',*,*,#241,.F.);
#150=ORIENTED_EDGE('',*,*,#228,.F.);
#151=ORIENTED_EDGE('',*,*,#240,.T.);
#152=ORIENTED_EDGE('',*,*,#223,.T.);
#153=ORIENTED_EDGE('',*,*,#242,.F.);
#154=ORIENTED_EDGE('',*,*,#229,.F.);
#155=ORIENTED_EDGE('',*,*,#241,.T.);
#156=ORIENTED_EDGE('',*,*,#222,.T.);
#157=ORIENTED_EDGE('',*,*,#243,.F.);
#158=ORIENTED_EDGE('',*,*,#230,.F.);
#159=ORIENTED_EDGE('',*,*,#242,.T.);
#160=ORIENTED_EDGE('',*,*,#221,.T.);
#161=ORIENTED_EDGE('',*,*,#244,.F.);
#162=ORIENTED_EDGE('',*,*,#231,.F.);
#163=ORIENTED_EDGE('',*,*,#243,.T.);
#164=ORIENTED_EDGE('',*,*,#220,.T.);
#165=ORIENTED_EDGE('',*,*,#245,.F.);
#166=ORIENTED_EDGE('',*,*,#232,.F.);
#167=ORIENTED_EDGE('',*,*,#244,.T.);
#168=ORIENTED_EDGE('',*,*,#219,.T.);
#169=ORIENTED_EDGE('',*,*,#246,.F.);
#170=ORIENTED_EDGE('',*,*,#233,.F.);
#171=ORIENTED_EDGE('',*,*,#245,.T.);
#172=ORIENTED_EDGE('',*,*,#218,.T.);
#173=ORIENTED_EDGE('',*,*,#247,.F.);
#174=ORIENTED_EDGE('',*,*,#234,.F.);
#175=ORIENTED_EDGE('',*,*,#246,.T.);
#176=ORIENTED_EDGE('',*,*,#217,.T.);
#177=ORIENTED_EDGE('',*,*,#248,.F.);
#178=ORIENTED_EDGE('',*,*,#235,.F.);
#179=ORIENTED_EDGE('',*,*,#247,.T.);
#180=ORIENTED_EDGE('',*,*,#216,.T.);
#181=ORIENTED_EDGE('',*,*,#249,.F.);
#182=ORIENTED_EDGE('',*,*,#236,.F.);
#183=ORIENTED_EDGE('',*,*,#248,.T.);
#184=ORIENTED_EDGE('',*,*,#215,.T.);
#185=ORIENTED_EDGE('',*,*,#239,.F.);
#186=ORIENTED_EDGE('',*,*,#237,.F.);
#187=ORIENTED_EDGE('',*,*,#249,.T.);
#188=EDGE_CURVE('',#250,#251,#292,.T.);
#189=EDGE_CURVE('',#252,#250,#24,.T.);
#190=EDGE_CURVE('',#252,#253,#293,.T.);
#191=EDGE_CURVE('',#253,#251,#25,.T.);
#192=EDGE_CURVE('',#251,#254,#294,.T.);
#193=EDGE_CURVE('',#253,#255,#295,.T.);
#194=EDGE_CURVE('',#255,#254,#26,.T.);
#195=EDGE_CURVE('',#254,#256,#296,.T.);
#196=EDGE_CURVE('',#255,#257,#297,.T.);
#197=EDGE_CURVE('',#257,#256,#27,.T.);
#198=EDGE_CURVE('',#256,#258,#298,.T.);
#199=EDGE_CURVE('',#257,#259,#299,.T.);
#200=EDGE_CURVE('',#259,#258,#28,.T.);
#201=EDGE_CURVE('',#258,#260,#300,.T.);
#202=EDGE_CURVE('',#259,#261,#301,.T.);
#203=EDGE_CURVE('',#261,#260,#29,.T.);
#204=EDGE_CURVE('',#260,#262,#302,.T.);
#205=EDGE_CURVE('',#261,#263,#303,.T.);
#206=EDGE_CURVE('',#263,#262,#30,.T.);
#207=EDGE_CURVE('',#262,#264,#304,.T.);
#208=EDGE_CURVE('',#263,#265,#305,.T.);
#209=EDGE_CURVE('',#265,#264,#31,.T.);
#210=EDGE_CURVE('',#264,#250,#306,.T.);
#211=EDGE_CURVE('',#265,#252,#307,.T.);
#212=EDGE_CURVE('',#266,#266,#308,.T.);
#213=EDGE_CURVE('',#267,#267,#309,.T.);
#214=EDGE_CURVE('',#268,#269,#310,.T.);
#215=EDGE_CURVE('',#270,#268,#311,.T.);
#216=EDGE_CURVE('',#271,#270,#312,.T.);
#217=EDGE_CURVE('',#272,#271,#15,.F.);
#218=EDGE_CURVE('',#273,#272,#313,.T.);
#219=EDGE_CURVE('',#274,#273,#314,.T.);
#220=EDGE_CURVE('',#275,#274,#16,.F.);
#221=EDGE_CURVE('',#276,#275,#315,.T.);
#222=EDGE_CURVE('',#277,#276,#316,.T.);
#223=EDGE_CURVE('',#278,#277,#17,.T.);
#224=EDGE_CURVE('',#279,#278,#317,.T.);
#225=EDGE_CURVE('',#269,#279,#318,.T.);
#226=EDGE_CURVE('',#280,#281,#319,.T.);
#227=EDGE_CURVE('',#281,#282,#320,.T.);
#228=EDGE_CURVE('',#282,#283,#321,.T.);
#229=EDGE_CURVE('',#283,#284,#18,.T.);
#230=EDGE_CURVE('',#284,#285,#322,.T.);
#231=EDGE_CURVE('',#285,#286,#323,.T.);
#232=EDGE_CURVE('',#286,#287,#19,.F.);
#233=EDGE_CURVE('',#287,#288,#324,.T.);
#234=EDGE_CURVE('',#288,#289,#325,.T.);
#235=EDGE_CURVE('',#289,#290,#20,.F.);
#236=EDGE_CURVE('',#290,#291,#326,.T.);
#237=EDGE_CURVE('',#291,#280,#327,.T.);
#238=EDGE_CURVE('',#281,#269,#32,.T.);
#239=EDGE_CURVE('',#280,#268,#33,.T.);
#240=EDGE_CURVE('',#282,#279,#34,.T.);
#241=EDGE_CURVE('',#283,#278,#35,.T.);
#242=EDGE_CURVE('',#284,#277,#36,.T.);
#243=EDGE_CURVE('',#285,#276,#37,.T.);
#244=EDGE_CURVE('',#286,#275,#38,.T.);
#245=EDGE_CURVE('',#287,#274,#39,.T.);
#246=EDGE_CURVE('',#288,#273,#40,.T.);
#247=EDGE_CURVE('',#289,#272,#41,.T.);
#248=EDGE_CURVE('',#290,#271,#42,.T.);
#249=EDGE_CURVE('',#291,#270,#43,.T.);
#250=VERTEX_POINT('',#634);
#251=VERTEX_POINT('',#635);
#252=VERTEX_POINT('',#637);
#253=VERTEX_POINT('',#700);
#254=VERTEX_POINT('',#782);
#255=VERTEX_POINT('',#819);
#256=VERTEX_POINT('',#957);
#257=VERTEX_POINT('',#1026);
#258=VERTEX_POINT('',#1100);
#259=VERTEX_POINT('',#1133);
#260=VERTEX_POINT('',#1342);
#261=VERTEX_POINT('',#1432);
#262=VERTEX_POINT('',#1544);
#263=VERTEX_POINT('',#1593);
#264=VERTEX_POINT('',#1665);
#265=VERTEX_POINT('',#1700);
#266=VERTEX_POINT('',#2173);
#267=VERTEX_POINT('',#2229);
#268=VERTEX_POINT('',#2280);
#269=VERTEX_POINT('',#2281);
#270=VERTEX_POINT('',#2311);
#271=VERTEX_POINT('',#2379);
#272=VERTEX_POINT('',#2381);
#273=VERTEX_POINT('',#2505);
#274=VERTEX_POINT('',#2551);
#275=VERTEX_POINT('',#2553);
#276=VERTEX_POINT('',#2617);
#277=VERTEX_POINT('',#2662);
#278=VERTEX_POINT('',#2664);
#279=VERTEX_POINT('',#2740);
#280=VERTEX_POINT('',#2853);
#281=VERTEX_POINT('',#2854);
#282=VERTEX_POINT('',#2918);
#283=VERTEX_POINT('',#2994);
#284=VERTEX_POINT('',#2996);
#285=VERTEX_POINT('',#3041);
#286=VERTEX_POINT('',#3105);
#287=VERTEX_POINT('',#3107);
#288=VERTEX_POINT('',#3153);
#289=VERTEX_POINT('',#3277);
#290=VERTEX_POINT('',#3279);
#291=VERTEX_POINT('',#3347);
#292=B_SPLINE_CURVE_WITH_KNOTS('',3,(#572,#573,#574,#575,#576,#577,#578,
#579,#580,#581,#582,#583,#584,#585,#586,#587,#588,#589,#590,#591,#592,#593,
#594,#595,#596,#597,#598,#599,#600,#601,#602,#603,#604,#605,#606,#607,#608,
#609,#610,#611,#612,#613,#614,#615,#616,#617,#618,#619,#620,#621,#622,#623,
#624,#625,#626,#627,#628,#629,#630,#631,#632,#633),.UNSPECIFIED.,.F.,.F.,
(4,1,1,1,1,1,1,1,1,1,1,1,1,1,1,1,1,1,1,1,1,1,1,1,1,1,1,1,1,1,1,1,1,1,1,
1,1,1,1,1,1,1,1,1,1,1,1,1,1,1,1,1,1,1,1,1,1,1,1,4),(0.553922510113184,0.557745377551143,
0.561568244989103,0.563479678708083,0.565391112427063,0.567302546146042,
0.569213979865022,0.573036847302982,0.576859714740941,0.580682582178901,
0.584505449616861,0.58832831705482,0.5902397507738,0.59215118449278,0.594062618211759,
0.595974051930739,0.599796919368699,0.603619786806658,0.607442654244618,
0.609354087963598,0.611265521682578,0.613176955401557,0.615088389120537,
0.616999822839517,0.618911256558497,0.620822690277477,0.622734123996456,
0.624645557715436,0.625601274574926,0.626556991434416,0.627512708293906,
0.627990566723651,0.628468425153396,0.628946283583141,0.629424142012886,
0.630379858872376,0.631335575731865,0.632291292591355,0.634202726310335,
0.636114160029315,0.638025593748295,0.639937027467274,0.641848461186254,
0.643759894905234,0.645671328624214,0.647582762343194,0.649494196062173,
0.651405629781153,0.653317063500133,0.657139930938092,0.660962798376052,
0.662874232095032,0.664785665814012,0.665741382673502,0.666697099532991,
0.667652816392481,0.668608533251971,0.670519966970951,0.672431400689931,
0.67625426812789),.UNSPECIFIED.);
#293=B_SPLINE_CURVE_WITH_KNOTS('',3,(#638,#639,#640,#641,#642,#643,#644,
#645,#646,#647,#648,#649,#650,#651,#652,#653,#654,#655,#656,#657,#658,#659,
#660,#661,#662,#663,#664,#665,#666,#667,#668,#669,#670,#671,#672,#673,#674,
#675,#676,#677,#678,#679,#680,#681,#682,#683,#684,#685,#686,#687,#688,#689,
#690,#691,#692,#693,#694,#695,#696,#697,#698,#699),.UNSPECIFIED.,.F.,.F.,
(4,1,1,1,1,1,1,1,1,1,1,1,1,1,1,1,1,1,1,1,1,1,1,1,1,1,1,1,1,1,1,1,1,1,1,
1,1,1,1,1,1,1,1,1,1,1,1,1,1,1,1,1,1,1,1,1,1,1,1,4),(0.553922510113184,0.557745377551143,
0.561568244989103,0.563479678708083,0.565391112427063,0.567302546146042,
0.569213979865022,0.573036847302982,0.576859714740941,0.580682582178901,
0.584505449616861,0.58832831705482,0.5902397507738,0.59215118449278,0.594062618211759,
0.595974051930739,0.599796919368699,0.603619786806658,0.607442654244618,
0.609354087963598,0.611265521682578,0.613176955401557,0.615088389120537,
0.616999822839517,0.618911256558497,0.620822690277477,0.622734123996456,
0.624645557715436,0.625601274574926,0.626556991434416,0.627512708293906,
0.627990566723651,0.628468425153396,0.628946283583141,0.629424142012886,
0.630379858872376,0.631335575731865,0.632291292591355,0.634202726310335,
0.636114160029315,0.638025593748295,0.639937027467274,0.641848461186254,
0.643759894905234,0.645671328624214,0.647582762343194,0.649494196062173,
0.651405629781153,0.653317063500133,0.657139930938092,0.660962798376052,
0.662874232095032,0.664785665814012,0.665741382673502,0.666697099532991,
0.667652816392481,0.668608533251971,0.670519966970951,0.672431400689931,
0.67625426812789),.UNSPECIFIED.);
#294=B_SPLINE_CURVE_WITH_KNOTS('',3,(#746,#747,#748,#749,#750,#751,#752,
#753,#754,#755,#756,#757,#758,#759,#760,#761,#762,#763,#764,#765,#766,#767,
#768,#769,#770,#771,#772,#773,#774,#775,#776,#777,#778,#779,#780,#781),
 .UNSPECIFIED.,.F.,.F.,(4,1,1,1,1,1,1,1,1,1,1,1,1,1,1,1,1,1,1,1,1,1,1,1,
1,1,1,1,1,1,1,1,1,4),(0.703495714087316,0.706479503105843,0.70946329212437,
0.712447081142897,0.715430870161424,0.718414659179951,0.721398448198478,
0.722890342707741,0.724382237217005,0.727366026235532,0.730349815254058,
0.733333604272585,0.736317393291112,0.739301182309639,0.745268760346693,
0.74825254936522,0.751236338383747,0.754220127402274,0.757203916420801,
0.758695810930064,0.760187705439328,0.761679599948591,0.763171494457855,
0.766155283476382,0.769139072494909,0.775106650531963,0.77809043955049,
0.779582334059753,0.781074228569016,0.784058017587543,0.78704180660607,
0.793009384643124,0.795993173661651,0.798976962680178),.UNSPECIFIED.);
#295=B_SPLINE_CURVE_WITH_KNOTS('',3,(#783,#784,#785,#786,#787,#788,#789,
#790,#791,#792,#793,#794,#795,#796,#797,#798,#799,#800,#801,#802,#803,#804,
#805,#806,#807,#808,#809,#810,#811,#812,#813,#814,#815,#816,#817,#818),
 .UNSPECIFIED.,.F.,.F.,(4,1,1,1,1,1,1,1,1,1,1,1,1,1,1,1,1,1,1,1,1,1,1,1,
1,1,1,1,1,1,1,1,1,4),(0.703495714087316,0.706479503105843,0.70946329212437,
0.712447081142897,0.715430870161424,0.718414659179951,0.721398448198478,
0.722890342707741,0.724382237217005,0.727366026235532,0.730349815254058,
0.733333604272585,0.736317393291112,0.739301182309639,0.745268760346693,
0.74825254936522,0.751236338383747,0.754220127402274,0.757203916420801,
0.758695810930064,0.760187705439328,0.761679599948591,0.763171494457855,
0.766155283476382,0.769139072494909,0.775106650531963,0.77809043955049,
0.779582334059753,0.781074228569016,0.784058017587543,0.78704180660607,
0.793009384643124,0.795993173661651,0.798976962680178),.UNSPECIFIED.);
#296=B_SPLINE_CURVE_WITH_KNOTS('',3,(#889,#890,#891,#892,#893,#894,#895,
#896,#897,#898,#899,#900,#901,#902,#903,#904,#905,#906,#907,#908,#909,#910,
#911,#912,#913,#914,#915,#916,#917,#918,#919,#920,#921,#922,#923,#924,#925,
#926,#927,#928,#929,#930,#931,#932,#933,#934,#935,#936,#937,#938,#939,#940,
#941,#942,#943,#944,#945,#946,#947,#948,#949,#950,#951,#952,#953,#954,#955,
#956),.UNSPECIFIED.,.F.,.F.,(4,1,1,1,1,1,1,1,1,1,1,1,1,1,1,1,1,1,1,1,1,
1,1,1,1,1,1,1,1,1,1,1,1,1,1,1,1,1,1,1,1,1,1,1,1,1,1,1,1,1,1,1,1,1,1,1,1,
1,1,1,1,1,1,1,1,4),(0.817413568418396,0.819278391104604,0.821143213790811,
0.822075625133915,0.823008036477019,0.823940447820122,0.824872859163226,
0.826737681849433,0.828602504535641,0.830467327221848,0.832332149908056,
0.834196972594263,0.836061795280471,0.837926617966678,0.838859029309782,
0.839791440652886,0.840723851995989,0.841656263339093,0.843521086025301,
0.845385908711508,0.847250731397716,0.850980376770131,0.854710022142545,
0.856574844828753,0.85843966751496,0.859372078858064,0.860304490201168,
0.862169312887375,0.864034135573583,0.86589895825979,0.869628603632205,
0.87335824900462,0.877087894377035,0.878020305720139,0.878952717063242,
0.88081753974945,0.884547185121865,0.88827683049428,0.892006475866695,0.89573612123911,
0.897600943925317,0.899465766611524,0.903195411983939,0.905060234670147,
0.906925057356354,0.908789880042562,0.910654702728769,0.911587114071873,
0.912519525414977,0.91345193675808,0.914384348101184,0.916249170787392,
0.918113993473599,0.919978816159807,0.921843638846014,0.922776050189118,
0.923708461532222,0.924640872875325,0.925573284218429,0.926505695561533,
0.927438106904636,0.929302929590844,0.931167752277051,0.933032574963259,
0.934897397649466,0.936762220335674),.UNSPECIFIED.);
#297=B_SPLINE_CURVE_WITH_KNOTS('',3,(#958,#959,#960,#961,#962,#963,#964,
#965,#966,#967,#968,#969,#970,#971,#972,#973,#974,#975,#976,#977,#978,#979,
#980,#981,#982,#983,#984,#985,#986,#987,#988,#989,#990,#991,#992,#993,#994,
#995,#996,#997,#998,#999,#1000,#1001,#1002,#1003,#1004,#1005,#1006,#1007,
#1008,#1009,#1010,#1011,#1012,#1013,#1014,#1015,#1016,#1017,#1018,#1019,
#1020,#1021,#1022,#1023,#1024,#1025),.UNSPECIFIED.,.F.,.F.,(4,1,1,1,1,1,
1,1,1,1,1,1,1,1,1,1,1,1,1,1,1,1,1,1,1,1,1,1,1,1,1,1,1,1,1,1,1,1,1,1,1,1,
1,1,1,1,1,1,1,1,1,1,1,1,1,1,1,1,1,1,1,1,1,1,1,4),(0.817413568418396,0.819278391104604,
0.821143213790811,0.822075625133915,0.823008036477019,0.823940447820122,
0.824872859163226,0.826737681849433,0.828602504535641,0.830467327221848,
0.832332149908056,0.834196972594263,0.836061795280471,0.837926617966678,
0.838859029309782,0.839791440652886,0.840723851995989,0.841656263339093,
0.843521086025301,0.845385908711508,0.847250731397716,0.850980376770131,
0.854710022142545,0.856574844828753,0.85843966751496,0.859372078858064,
0.860304490201168,0.862169312887375,0.864034135573583,0.86589895825979,
0.869628603632205,0.87335824900462,0.877087894377035,0.878020305720139,
0.878952717063242,0.88081753974945,0.884547185121865,0.88827683049428,0.892006475866695,
0.89573612123911,0.897600943925317,0.899465766611524,0.903195411983939,
0.905060234670147,0.906925057356354,0.908789880042562,0.910654702728769,
0.911587114071873,0.912519525414977,0.91345193675808,0.914384348101184,
0.916249170787392,0.918113993473599,0.919978816159807,0.921843638846014,
0.922776050189118,0.923708461532222,0.924640872875325,0.925573284218429,
0.926505695561533,0.927438106904636,0.929302929590844,0.931167752277051,
0.933032574963259,0.934897397649466,0.936762220335674),.UNSPECIFIED.);
#298=B_SPLINE_CURVE_WITH_KNOTS('',3,(#1068,#1069,#1070,#1071,#1072,#1073,
#1074,#1075,#1076,#1077,#1078,#1079,#1080,#1081,#1082,#1083,#1084,#1085,
#1086,#1087,#1088,#1089,#1090,#1091,#1092,#1093,#1094,#1095,#1096,#1097,
#1098,#1099),.UNSPECIFIED.,.F.,.F.,(4,1,1,1,1,1,1,1,1,1,1,1,1,1,1,1,1,1,
1,1,1,1,1,1,1,1,1,1,1,4),(0.942437310185608,0.944726288410917,0.947015266636226,
0.949304244861535,0.950448733974189,0.951593223086843,0.953882201312152,
0.956171179537461,0.957315668650115,0.95846015776277,0.959604646875424,
0.960749135988079,0.961893625100733,0.96246586965706,0.963038114213387,
0.963610358769715,0.964182603326042,0.964468725604205,0.964754847882369,
0.965327092438696,0.965899336995024,0.966471581551351,0.967616070664005,
0.96876055977666,0.969905048889314,0.971049538001968,0.972194027114623,
0.974483005339932,0.97677198356524,0.979060961790549),.UNSPECIFIED.);
#299=B_SPLINE_CURVE_WITH_KNOTS('',3,(#1101,#1102,#1103,#1104,#1105,#1106,
#1107,#1108,#1109,#1110,#1111,#1112,#1113,#1114,#1115,#1116,#1117,#1118,
#1119,#1120,#1121,#1122,#1123,#1124,#1125,#1126,#1127,#1128,#1129,#1130,
#1131,#1132),.UNSPECIFIED.,.F.,.F.,(4,1,1,1,1,1,1,1,1,1,1,1,1,1,1,1,1,1,
1,1,1,1,1,1,1,1,1,1,1,4),(0.942437310185608,0.944726288410917,0.947015266636226,
0.949304244861535,0.950448733974189,0.951593223086843,0.953882201312152,
0.956171179537461,0.957315668650115,0.95846015776277,0.959604646875424,
0.960749135988079,0.961893625100733,0.96246586965706,0.963038114213387,
0.963610358769715,0.964182603326042,0.964468725604205,0.964754847882369,
0.965327092438696,0.965899336995024,0.966471581551351,0.967616070664005,
0.96876055977666,0.969905048889314,0.971049538001968,0.972194027114623,
0.974483005339932,0.97677198356524,0.979060961790549),.UNSPECIFIED.);
#300=B_SPLINE_CURVE_WITH_KNOTS('',3,(#1253,#1254,#1255,#1256,#1257,#1258,
#1259,#1260,#1261,#1262,#1263,#1264,#1265,#1266,#1267,#1268,#1269,#1270,
#1271,#1272,#1273,#1274,#1275,#1276,#1277,#1278,#1279,#1280,#1281,#1282,
#1283,#1284,#1285,#1286,#1287,#1288,#1289,#1290,#1291,#1292,#1293,#1294,
#1295,#1296,#1297,#1298,#1299,#1300,#1301,#1302,#1303,#1304,#1305,#1306,
#1307,#1308,#1309,#1310,#1311,#1312,#1313,#1314,#1315,#1316,#1317,#1318,
#1319,#1320,#1321,#1322,#1323,#1324,#1325,#1326,#1327,#1328,#1329,#1330,
#1331,#1332,#1333,#1334,#1335,#1336,#1337,#1338,#1339,#1340,#1341),
 .UNSPECIFIED.,.F.,.F.,(4,1,1,1,1,1,1,1,1,1,1,1,1,1,1,1,1,1,1,1,1,1,1,1,
1,1,1,1,1,1,1,1,1,1,1,1,1,1,1,1,1,1,1,1,1,1,1,1,1,1,1,1,1,1,1,1,1,1,1,1,
1,1,1,1,1,1,1,1,1,1,1,1,1,1,1,1,1,1,1,1,1,1,1,1,1,1,4),(0.99302593787338,
0.994285960256782,0.995545982640183,0.996175993831883,0.996806005023584,
0.997436016215285,0.998066027406985,0.998696038598686,0.999326049790387,
0.999641055386237,0.999956060982087,1.00027106657794,1.00058607217379,1.00090107776964,
1.00121608336549,1.00184609455719,1.00247610574889,1.00310611694059,1.00373612813229,
1.00436613932399,1.00499615051569,1.00562616170739,1.00688618409079,1.0081462064742,
1.0094062288576,1.010666251241,1.0119262736244,1.0131862960078,1.0157063407746,
1.01822638554141,1.01948640792481,1.02074643030821,1.02200645269161,1.02326647507501,
1.02578651984182,1.02704654222522,1.02830656460862,1.02956658699202,1.03082660937542,
1.03208663175882,1.03271664295052,1.03334665414222,1.03397666533392,1.03460667652562,
1.03523668771733,1.03586669890903,1.03618170450488,1.03649671010073,1.03681171569658,
1.03712672129243,1.03744172688828,1.03775673248413,1.03838674367583,1.03901675486753,
1.03964676605923,1.04027677725093,1.04090678844263,1.04216681082603,1.04342683320943,
1.04468685559284,1.04594687797624,1.04720690035964,1.04846692274304,1.05098696750984,
1.05224698989324,1.05350701227664,1.05476703466005,1.05539704585175,1.05602705704345,
1.05665706823515,1.05728707942685,1.05854710181025,1.05980712419365,1.06106714657705,
1.06358719134386,1.06484721372726,1.06610723611066,1.06736725849406,1.06862728087746,
1.06925729206916,1.06988730326086,1.07020230885671,1.07051731445256,1.07083232004841,
1.07114732564426,1.07240734802766,1.07366737041107),.UNSPECIFIED.);
#301=B_SPLINE_CURVE_WITH_KNOTS('',3,(#1343,#1344,#1345,#1346,#1347,#1348,
#1349,#1350,#1351,#1352,#1353,#1354,#1355,#1356,#1357,#1358,#1359,#1360,
#1361,#1362,#1363,#1364,#1365,#1366,#1367,#1368,#1369,#1370,#1371,#1372,
#1373,#1374,#1375,#1376,#1377,#1378,#1379,#1380,#1381,#1382,#1383,#1384,
#1385,#1386,#1387,#1388,#1389,#1390,#1391,#1392,#1393,#1394,#1395,#1396,
#1397,#1398,#1399,#1400,#1401,#1402,#1403,#1404,#1405,#1406,#1407,#1408,
#1409,#1410,#1411,#1412,#1413,#1414,#1415,#1416,#1417,#1418,#1419,#1420,
#1421,#1422,#1423,#1424,#1425,#1426,#1427,#1428,#1429,#1430,#1431),
 .UNSPECIFIED.,.F.,.F.,(4,1,1,1,1,1,1,1,1,1,1,1,1,1,1,1,1,1,1,1,1,1,1,1,
1,1,1,1,1,1,1,1,1,1,1,1,1,1,1,1,1,1,1,1,1,1,1,1,1,1,1,1,1,1,1,1,1,1,1,1,
1,1,1,1,1,1,1,1,1,1,1,1,1,1,1,1,1,1,1,1,1,1,1,1,1,1,4),(0.99302593787338,
0.994285960256782,0.995545982640183,0.996175993831883,0.996806005023584,
0.997436016215285,0.998066027406985,0.998696038598686,0.999326049790387,
0.999641055386237,0.999956060982087,1.00027106657794,1.00058607217379,1.00090107776964,
1.00121608336549,1.00184609455719,1.00247610574889,1.00310611694059,1.00373612813229,
1.00436613932399,1.00499615051569,1.00562616170739,1.00688618409079,1.0081462064742,
1.0094062288576,1.010666251241,1.0119262736244,1.0131862960078,1.0157063407746,
1.01822638554141,1.01948640792481,1.02074643030821,1.02200645269161,1.02326647507501,
1.02578651984182,1.02704654222522,1.02830656460862,1.02956658699202,1.03082660937542,
1.03208663175882,1.03271664295052,1.03334665414222,1.03397666533392,1.03460667652562,
1.03523668771733,1.03586669890903,1.03618170450488,1.03649671010073,1.03681171569658,
1.03712672129243,1.03744172688828,1.03775673248413,1.03838674367583,1.03901675486753,
1.03964676605923,1.04027677725093,1.04090678844263,1.04216681082603,1.04342683320943,
1.04468685559284,1.04594687797624,1.04720690035964,1.04846692274304,1.05098696750984,
1.05224698989324,1.05350701227664,1.05476703466005,1.05539704585175,1.05602705704345,
1.05665706823515,1.05728707942685,1.05854710181025,1.05980712419365,1.06106714657705,
1.06358719134386,1.06484721372726,1.06610723611066,1.06736725849406,1.06862728087746,
1.06925729206916,1.06988730326086,1.07020230885671,1.07051731445256,1.07083232004841,
1.07114732564426,1.07240734802766,1.07366737041107),.UNSPECIFIED.);
#302=B_SPLINE_CURVE_WITH_KNOTS('',3,(#1496,#1497,#1498,#1499,#1500,#1501,
#1502,#1503,#1504,#1505,#1506,#1507,#1508,#1509,#1510,#1511,#1512,#1513,
#1514,#1515,#1516,#1517,#1518,#1519,#1520,#1521,#1522,#1523,#1524,#1525,
#1526,#1527,#1528,#1529,#1530,#1531,#1532,#1533,#1534,#1535,#1536,#1537,
#1538,#1539,#1540,#1541,#1542,#1543),.UNSPECIFIED.,.F.,.F.,(4,1,1,1,1,1,
1,1,1,1,1,1,1,1,1,1,1,1,1,1,1,1,1,1,1,1,1,1,1,1,1,1,1,1,1,1,1,1,1,1,1,1,
1,1,1,4),(0.0837478938975533,0.0861126480782822,0.0884774022590111,0.0932069106204687,
0.0979364189819264,0.102665927343384,0.105030681524113,0.107395435704842,
0.109760189885571,0.112124944066299,0.113307321156664,0.114489698247028,
0.115672075337393,0.116854452427757,0.118036829518122,0.119219206608486,
0.121583960789215,0.123948714969944,0.125131092060308,0.126313469150673,
0.127495846241037,0.128678223331401,0.129860600421766,0.13104297751213,
0.131634166057313,0.132225354602495,0.132816543147677,0.133407731692859,
0.133998920238041,0.134590108783224,0.135772485873588,0.136954862963952,
0.138137240054317,0.139319617144681,0.140501994235046,0.142866748415775,
0.145231502596503,0.146413879686868,0.147596256777232,0.148778633867597,
0.149961010957961,0.151143388048325,0.15232576513869,0.154690519319419,
0.157055273500148,0.159420027680877),.UNSPECIFIED.);
#303=B_SPLINE_CURVE_WITH_KNOTS('',3,(#1545,#1546,#1547,#1548,#1549,#1550,
#1551,#1552,#1553,#1554,#1555,#1556,#1557,#1558,#1559,#1560,#1561,#1562,
#1563,#1564,#1565,#1566,#1567,#1568,#1569,#1570,#1571,#1572,#1573,#1574,
#1575,#1576,#1577,#1578,#1579,#1580,#1581,#1582,#1583,#1584,#1585,#1586,
#1587,#1588,#1589,#1590,#1591,#1592),.UNSPECIFIED.,.F.,.F.,(4,1,1,1,1,1,
1,1,1,1,1,1,1,1,1,1,1,1,1,1,1,1,1,1,1,1,1,1,1,1,1,1,1,1,1,1,1,1,1,1,1,1,
1,1,1,4),(0.0837478938975533,0.0861126480782822,0.0884774022590111,0.0932069106204687,
0.0979364189819264,0.102665927343384,0.105030681524113,0.107395435704842,
0.109760189885571,0.112124944066299,0.113307321156664,0.114489698247028,
0.115672075337393,0.116854452427757,0.118036829518122,0.119219206608486,
0.121583960789215,0.123948714969944,0.125131092060308,0.126313469150673,
0.127495846241037,0.128678223331401,0.129860600421766,0.13104297751213,
0.131634166057313,0.132225354602495,0.132816543147677,0.133407731692859,
0.133998920238041,0.134590108783224,0.135772485873588,0.136954862963952,
0.138137240054317,0.139319617144681,0.140501994235046,0.142866748415775,
0.145231502596503,0.146413879686868,0.147596256777232,0.148778633867597,
0.149961010957961,0.151143388048325,0.15232576513869,0.154690519319419,
0.157055273500148,0.159420027680877),.UNSPECIFIED.);
#304=B_SPLINE_CURVE_WITH_KNOTS('',3,(#1631,#1632,#1633,#1634,#1635,#1636,
#1637,#1638,#1639,#1640,#1641,#1642,#1643,#1644,#1645,#1646,#1647,#1648,
#1649,#1650,#1651,#1652,#1653,#1654,#1655,#1656,#1657,#1658,#1659,#1660,
#1661,#1662,#1663,#1664),.UNSPECIFIED.,.F.,.F.,(4,1,1,1,1,1,1,1,1,1,1,1,
1,1,1,1,1,1,1,1,1,1,1,1,1,1,1,1,1,1,1,4),(0.171870051951226,0.174979181816514,
0.178088311681801,0.181197441547088,0.184306571412375,0.185861136345019,
0.187415701277662,0.19052483114295,0.196743090873524,0.202961350604099,
0.209179610334673,0.215397870065247,0.221616129795822,0.227834389526397,
0.230943519391684,0.234052649256971,0.235607214189615,0.237161779122258,
0.240270908987545,0.243380038852832,0.24648916871812,0.248043733650763,
0.249598298583407,0.25115286351605,0.251930145982372,0.252707428448694,
0.254261993381338,0.255816558313981,0.258925688179268,0.262034818044556,
0.265143947909843,0.271362207640418),.UNSPECIFIED.);
#305=B_SPLINE_CURVE_WITH_KNOTS('',3,(#1666,#1667,#1668,#1669,#1670,#1671,
#1672,#1673,#1674,#1675,#1676,#1677,#1678,#1679,#1680,#1681,#1682,#1683,
#1684,#1685,#1686,#1687,#1688,#1689,#1690,#1691,#1692,#1693,#1694,#1695,
#1696,#1697,#1698,#1699),.UNSPECIFIED.,.F.,.F.,(4,1,1,1,1,1,1,1,1,1,1,1,
1,1,1,1,1,1,1,1,1,1,1,1,1,1,1,1,1,1,1,4),(0.171870051951226,0.174979181816514,
0.178088311681801,0.181197441547088,0.184306571412375,0.185861136345019,
0.187415701277662,0.19052483114295,0.196743090873524,0.202961350604099,
0.209179610334673,0.215397870065247,0.221616129795822,0.227834389526397,
0.230943519391684,0.234052649256971,0.235607214189615,0.237161779122258,
0.240270908987545,0.243380038852832,0.24648916871812,0.248043733650763,
0.249598298583407,0.25115286351605,0.251930145982372,0.252707428448694,
0.254261993381338,0.255816558313981,0.258925688179268,0.262034818044556,
0.265143947909843,0.271362207640418),.UNSPECIFIED.);
#306=B_SPLINE_CURVE_WITH_KNOTS('',3,(#1814,#1815,#1816,#1817,#1818,#1819,
#1820,#1821,#1822,#1823,#1824,#1825,#1826,#1827,#1828,#1829,#1830,#1831,
#1832,#1833,#1834,#1835,#1836,#1837,#1838,#1839,#1840,#1841,#1842,#1843,
#1844,#1845,#1846,#1847,#1848,#1849,#1850,#1851,#1852,#1853,#1854,#1855,
#1856,#1857,#1858,#1859,#1860,#1861,#1862,#1863,#1864,#1865,#1866,#1867,
#1868,#1869,#1870,#1871,#1872,#1873,#1874,#1875,#1876,#1877,#1878,#1879,
#1880,#1881,#1882,#1883,#1884,#1885,#1886,#1887,#1888,#1889,#1890,#1891,
#1892,#1893,#1894,#1895,#1896,#1897,#1898,#1899,#1900,#1901,#1902,#1903,
#1904,#1905,#1906,#1907,#1908,#1909,#1910),.UNSPECIFIED.,.F.,.F.,(4,1,1,
1,1,1,1,1,1,1,1,1,1,1,1,1,1,1,1,1,1,1,1,1,1,1,1,1,1,1,1,1,1,1,1,1,1,1,1,
1,1,1,1,1,1,1,1,1,1,1,1,1,1,1,1,1,1,1,1,1,1,1,1,1,1,1,1,1,1,1,1,1,1,1,1,
1,1,1,1,1,1,1,1,1,1,1,1,1,1,1,1,1,1,1,4),(0.299513972833854,0.306873424482005,
0.310553150306082,0.314232876130158,0.316072739042196,0.317912601954234,
0.32159232777831,0.325272053602386,0.328951779426462,0.330791642338501,
0.332631505250538,0.334471368162576,0.336311231074614,0.337231162530633,
0.338151093986652,0.339071025442672,0.339990956898691,0.341830819810728,
0.343670682722767,0.347350408546843,0.351030134370919,0.354709860194995,
0.356549723107033,0.358389586019071,0.360229448931109,0.362069311843147,
0.365749037667223,0.369428763491299,0.373108489315375,0.376788215139451,
0.380467940963527,0.384147666787604,0.38782739261168,0.391507118435756,
0.395186844259832,0.398866570083908,0.402546295907985,0.404386158820022,
0.406226021732061,0.408065884644098,0.408985816100118,0.409905747556137,
0.410825679012155,0.411745610468174,0.413585473380212,0.41542533629225,
0.417265199204288,0.420944925028365,0.424624650852441,0.428304376676517,
0.430144239588555,0.431984102500593,0.435663828324669,0.439343554148746,
0.443023279972821,0.44486314288486,0.446703005796897,0.448542868708936,
0.449462800164954,0.450382731620974,0.451302663076993,0.452222594533012,
0.45406245744505,0.455902320357088,0.457742183269126,0.461421909093202,
0.465101634917278,0.468781360741354,0.470621223653392,0.47246108656543,
0.474300949477468,0.475220880933487,0.476140812389506,0.477980675301544,
0.479820538213582,0.483500264037658,0.487179989861735,0.490859715685811,
0.494539441509887,0.496379304421925,0.498219167333963,0.501898893158039,
0.505578618982115,0.509258344806191,0.512938070630267,0.516617796454343,
0.520297522278419,0.523977248102496,0.525817111014534,0.527656973926572,
0.52949683683861,0.531336699750648,0.533176562662686,0.534096494118705,
0.535016425574724),.UNSPECIFIED.);
#307=B_SPLINE_CURVE_WITH_KNOTS('',3,(#1911,#1912,#1913,#1914,#1915,#1916,
#1917,#1918,#1919,#1920,#1921,#1922,#1923,#1924,#1925,#1926,#1927,#1928,
#1929,#1930,#1931,#1932,#1933,#1934,#1935,#1936,#1937,#1938,#1939,#1940,
#1941,#1942,#1943,#1944,#1945,#1946,#1947,#1948,#1949,#1950,#1951,#1952,
#1953,#1954,#1955,#1956,#1957,#1958,#1959,#1960,#1961,#1962,#1963,#1964,
#1965,#1966,#1967,#1968,#1969,#1970,#1971,#1972,#1973,#1974,#1975,#1976,
#1977,#1978,#1979,#1980,#1981,#1982,#1983,#1984,#1985,#1986,#1987,#1988,
#1989,#1990,#1991,#1992,#1993,#1994,#1995,#1996,#1997,#1998,#1999,#2000,
#2001,#2002,#2003,#2004,#2005,#2006,#2007),.UNSPECIFIED.,.F.,.F.,(4,1,1,
1,1,1,1,1,1,1,1,1,1,1,1,1,1,1,1,1,1,1,1,1,1,1,1,1,1,1,1,1,1,1,1,1,1,1,1,
1,1,1,1,1,1,1,1,1,1,1,1,1,1,1,1,1,1,1,1,1,1,1,1,1,1,1,1,1,1,1,1,1,1,1,1,
1,1,1,1,1,1,1,1,1,1,1,1,1,1,1,1,1,1,1,4),(0.299513972833854,0.306873424482005,
0.310553150306082,0.314232876130158,0.316072739042196,0.317912601954234,
0.32159232777831,0.325272053602386,0.328951779426462,0.330791642338501,
0.332631505250538,0.334471368162576,0.336311231074614,0.337231162530633,
0.338151093986652,0.339071025442672,0.339990956898691,0.341830819810728,
0.343670682722767,0.347350408546843,0.351030134370919,0.354709860194995,
0.356549723107033,0.358389586019071,0.360229448931109,0.362069311843147,
0.365749037667223,0.369428763491299,0.373108489315375,0.376788215139451,
0.380467940963527,0.384147666787604,0.38782739261168,0.391507118435756,
0.395186844259832,0.398866570083908,0.402546295907985,0.404386158820022,
0.406226021732061,0.408065884644098,0.408985816100118,0.409905747556137,
0.410825679012155,0.411745610468174,0.413585473380212,0.41542533629225,
0.417265199204288,0.420944925028365,0.424624650852441,0.428304376676517,
0.430144239588555,0.431984102500593,0.435663828324669,0.439343554148746,
0.443023279972821,0.44486314288486,0.446703005796897,0.448542868708936,
0.449462800164954,0.450382731620974,0.451302663076993,0.452222594533012,
0.45406245744505,0.455902320357088,0.457742183269126,0.461421909093202,
0.465101634917278,0.468781360741354,0.470621223653392,0.47246108656543,
0.474300949477468,0.475220880933487,0.476140812389506,0.477980675301544,
0.479820538213582,0.483500264037658,0.487179989861735,0.490859715685811,
0.494539441509887,0.496379304421925,0.498219167333963,0.501898893158039,
0.505578618982115,0.509258344806191,0.512938070630267,0.516617796454343,
0.520297522278419,0.523977248102496,0.525817111014534,0.527656973926572,
0.52949683683861,0.531336699750648,0.533176562662686,0.534096494118705,
0.535016425574724),.UNSPECIFIED.);
#308=B_SPLINE_CURVE_WITH_KNOTS('',3,(#2118,#2119,#2120,#2121,#2122,#2123,
#2124,#2125,#2126,#2127,#2128,#2129,#2130,#2131,#2132,#2133,#2134,#2135,
#2136,#2137,#2138,#2139,#2140,#2141,#2142,#2143,#2144,#2145,#2146,#2147,
#2148,#2149,#2150,#2151,#2152,#2153,#2154,#2155,#2156,#2157,#2158,#2159,
#2160,#2161,#2162,#2163,#2164,#2165,#2166,#2167,#2168,#2169,#2170,#2171,
#2172),.UNSPECIFIED.,.T.,.F.,(1,1,1,1,1,1,1,1,1,1,1,1,1,1,1,1,1,1,1,1,1,
1,1,1,1,1,1,1,1,1,1,1,1,1,1,1,1,1,1,1,1,1,1,1,1,1,1,1,1,1,1,1,1,1,1,1,1,
1,1),(-0.0498823116121228,-0.0353364622343098,-0.014657037916866,0.,0.0212550978822089,
0.0375562732662279,0.0558372758340084,0.0705308105929671,0.0812866848276428,
0.116282569270008,0.132994163274893,0.149187737644994,0.165899329486516,
0.18694405822067,0.213575994654005,0.236213272713283,0.252269249327195,
0.27548104973944,0.28748568523512,0.315220042671555,0.338254532672278,0.358838711229274,
0.389635047304547,0.409963137632383,0.431474882044634,0.450585320916787,
0.47576683322309,0.495702556415557,0.512438815480328,0.533690904558924,
0.545044199675815,0.565467763654725,0.59153206343381,0.611390893962706,
0.628368021135321,0.64466919651934,0.666802538537002,0.688642800400211,
0.704470972830175,0.722808366817171,0.737501908623662,0.757925469385625,
0.78049279991719,0.80736577479257,0.824295547432848,0.83853173543168,0.85895529797143,
0.878858173585503,0.895951993676011,0.912663583276908,0.9240168783938,0.937326732767779,
0.950117688387877,0.96466353776569,0.985342962083134,1.,1.02125509788221,
1.03755627326623,1.05583727583401),.UNSPECIFIED.);
#309=B_SPLINE_CURVE_WITH_KNOTS('',3,(#2174,#2175,#2176,#2177,#2178,#2179,
#2180,#2181,#2182,#2183,#2184,#2185,#2186,#2187,#2188,#2189,#2190,#2191,
#2192,#2193,#2194,#2195,#2196,#2197,#2198,#2199,#2200,#2201,#2202,#2203,
#2204,#2205,#2206,#2207,#2208,#2209,#2210,#2211,#2212,#2213,#2214,#2215,
#2216,#2217,#2218,#2219,#2220,#2221,#2222,#2223,#2224,#2225,#2226,#2227,
#2228),.UNSPECIFIED.,.T.,.F.,(1,1,1,1,1,1,1,1,1,1,1,1,1,1,1,1,1,1,1,1,1,
1,1,1,1,1,1,1,1,1,1,1,1,1,1,1,1,1,1,1,1,1,1,1,1,1,1,1,1,1,1,1,1,1,1,1,1,
1,1),(-0.0498823116121228,-0.0353364622343098,-0.014657037916866,0.,0.0212550978822089,
0.0375562732662279,0.0558372758340084,0.0705308105929671,0.0812866848276428,
0.116282569270008,0.132994163274893,0.149187737644994,0.165899329486516,
0.18694405822067,0.213575994654005,0.236213272713283,0.252269249327195,
0.27548104973944,0.28748568523512,0.315220042671555,0.338254532672278,0.358838711229274,
0.389635047304547,0.409963137632383,0.431474882044634,0.450585320916787,
0.47576683322309,0.495702556415557,0.512438815480328,0.533690904558924,
0.545044199675815,0.565467763654725,0.59153206343381,0.611390893962706,
0.628368021135321,0.64466919651934,0.666802538537002,0.688642800400211,
0.704470972830175,0.722808366817171,0.737501908623662,0.757925469385625,
0.78049279991719,0.80736577479257,0.824295547432848,0.83853173543168,0.85895529797143,
0.878858173585503,0.895951993676011,0.912663583276908,0.9240168783938,0.937326732767779,
0.950117688387877,0.96466353776569,0.985342962083134,1.,1.02125509788221,
1.03755627326623,1.05583727583401),.UNSPECIFIED.);
#310=B_SPLINE_CURVE_WITH_KNOTS('',3,(#2232,#2233,#2234,#2235,#2236,#2237,
#2238,#2239,#2240,#2241,#2242,#2243,#2244,#2245,#2246,#2247,#2248,#2249,
#2250,#2251,#2252,#2253,#2254,#2255,#2256,#2257,#2258,#2259,#2260,#2261,
#2262,#2263,#2264,#2265,#2266,#2267,#2268,#2269,#2270,#2271,#2272,#2273,
#2274,#2275,#2276,#2277,#2278,#2279),.UNSPECIFIED.,.F.,.F.,(4,1,1,1,1,1,
1,1,1,1,1,1,1,1,1,1,1,1,1,1,1,1,1,1,1,1,1,1,1,1,1,1,1,1,1,1,1,1,1,1,1,1,
1,1,1,4),(0.321366643458748,0.323570452695521,0.324672357313908,0.325774261932295,
0.327978071169068,0.329079975787455,0.330181880405841,0.331283785024228,
0.332385689642614,0.332936641951807,0.333487594261001,0.334589498879387,
0.335691403497774,0.336793308116161,0.337344260425354,0.337895212734547,
0.338446165043741,0.338997117352934,0.339548069662127,0.340099021971321,
0.341200926589707,0.342302831208093,0.343404735826481,0.344506640444867,
0.345608545063254,0.34671044968164,0.347812354300026,0.348914258918413,
0.3500161635368,0.352219972773573,0.354423782010347,0.35662759124712,0.357729495865507,
0.358831400483893,0.361035209720666,0.36323901895744,0.365442828194212,
0.369850446667759,0.374258065141305,0.378665683614852,0.383073302088399,
0.385277111325172,0.387480920561944,0.388582825180332,0.389684729798718,
0.391888539035491),.UNSPECIFIED.);
#311=B_SPLINE_CURVE_WITH_KNOTS('',3,(#2282,#2283,#2284,#2285,#2286,#2287,
#2288,#2289,#2290,#2291,#2292,#2293,#2294,#2295,#2296,#2297,#2298,#2299,
#2300,#2301,#2302,#2303,#2304,#2305,#2306,#2307,#2308,#2309,#2310),
 .UNSPECIFIED.,.F.,.F.,(4,1,1,1,1,1,1,1,1,1,1,1,1,1,1,1,1,1,1,1,1,1,1,1,
1,1,4),(0.200394938088489,0.20691903183457,0.213443125580652,0.216705172453692,
0.219967219326732,0.223229266199773,0.226491313072814,0.228122336509334,
0.229753359945853,0.231384383382374,0.233015406818894,0.234646430255414,
0.236277453691935,0.237908477128455,0.239539500564975,0.241170524001495,
0.242801547438016,0.244432570874536,0.246063594311056,0.246879106029316,
0.247694617747577,0.249325641184096,0.250141152902357,0.250956664620617,
0.251772176338877,0.252179932198007,0.252587688057137),.UNSPECIFIED.);
#312=B_SPLINE_CURVE_WITH_KNOTS('',3,(#2312,#2313,#2314,#2315,#2316,#2317,
#2318,#2319,#2320,#2321,#2322,#2323,#2324,#2325,#2326,#2327,#2328,#2329,
#2330,#2331,#2332,#2333,#2334,#2335,#2336,#2337,#2338,#2339,#2340,#2341,
#2342,#2343,#2344,#2345,#2346,#2347,#2348,#2349,#2350,#2351,#2352,#2353,
#2354,#2355,#2356,#2357,#2358,#2359,#2360,#2361,#2362,#2363,#2364,#2365,
#2366,#2367,#2368,#2369,#2370,#2371,#2372,#2373,#2374,#2375,#2376,#2377,
#2378),.UNSPECIFIED.,.F.,.F.,(4,1,1,1,1,1,1,1,1,1,1,1,1,1,1,1,1,1,1,1,1,
1,1,1,1,1,1,1,1,1,1,1,1,1,1,1,1,1,1,1,1,1,1,1,1,1,1,1,1,1,1,1,1,1,1,1,1,
1,1,1,1,1,1,1,4),(0.0914922850400798,0.0948962358733655,0.0983001867066511,
0.101704137539937,0.105108088373222,0.108512039206508,0.110214014623151,
0.111915990039794,0.113617965456437,0.114468953164758,0.115319940873079,
0.116170928581401,0.117021916289722,0.118723891706365,0.120425867123008,
0.122127842539651,0.123829817956294,0.124680805664615,0.125531793372936,
0.125957287227097,0.126382781081258,0.126808274935419,0.127233768789579,
0.12765926264374,0.128084756497901,0.128510250352061,0.128722997279142,
0.128935744206222,0.129361238060383,0.129786731914544,0.129999478841624,
0.130212225768704,0.130637719622865,0.131063213477026,0.131488707331186,
0.131701454258267,0.131914201185347,0.132126948112427,0.132339695039508,
0.132552441966588,0.132765188893668,0.132977935820749,0.133190682747829,
0.133403429674909,0.13361617660199,0.13382892352907,0.134041670456151,0.134467164310311,
0.134679911237392,0.134892658164472,0.135318152018633,0.135743645872793,
0.135956392799874,0.136169139726954,0.136594633581115,0.137020127435276,
0.137445621289436,0.137871115143597,0.138296608997758,0.139147596706079,
0.140849572122722,0.142551547539365,0.143402535247686,0.144253522956008,
0.14595549837265),.UNSPECIFIED.);
#313=B_SPLINE_CURVE_WITH_KNOTS('',3,(#2382,#2383,#2384,#2385,#2386,#2387,
#2388,#2389,#2390,#2391,#2392,#2393,#2394,#2395,#2396,#2397,#2398,#2399,
#2400,#2401,#2402,#2403,#2404,#2405,#2406,#2407,#2408,#2409,#2410,#2411,
#2412,#2413,#2414,#2415,#2416,#2417,#2418,#2419,#2420,#2421,#2422,#2423,
#2424,#2425,#2426,#2427,#2428,#2429,#2430,#2431,#2432,#2433,#2434,#2435,
#2436,#2437,#2438,#2439,#2440,#2441,#2442,#2443,#2444,#2445,#2446,#2447,
#2448,#2449,#2450,#2451,#2452,#2453,#2454,#2455,#2456,#2457,#2458,#2459,
#2460,#2461,#2462,#2463,#2464,#2465,#2466,#2467,#2468,#2469,#2470,#2471,
#2472,#2473,#2474,#2475,#2476,#2477,#2478,#2479,#2480,#2481,#2482,#2483,
#2484,#2485,#2486,#2487,#2488,#2489,#2490,#2491,#2492,#2493,#2494,#2495,
#2496,#2497,#2498,#2499,#2500,#2501,#2502,#2503,#2504),.UNSPECIFIED.,.F.,
 .F.,(4,1,1,1,1,1,1,1,1,1,1,1,1,1,1,1,1,1,1,1,1,1,1,1,1,1,1,1,1,1,1,1,1,
1,1,1,1,1,1,1,1,1,1,1,1,1,1,1,1,1,1,1,1,1,1,1,1,1,1,1,1,1,1,1,1,1,1,1,1,
1,1,1,1,1,1,1,1,1,1,1,1,1,1,1,1,1,1,1,1,1,1,1,1,1,1,1,1,1,1,1,1,1,1,1,1,
1,1,1,1,1,1,1,1,1,1,1,1,1,1,1,4),(0.999751092281239,0.999925619335145,1.0000128828621,
1.00010014638905,1.000187409916,1.00027467344296,1.00036193696991,1.00044920049686,
1.00053646402382,1.00062372755077,1.00071099107772,1.00079825460468,1.00088551813163,
1.00097278165858,1.00114730871249,1.00132183576639,1.0014963628203,1.00167088987421,
1.00175815340116,1.00184541692811,1.00193268045507,1.00201994398202,1.00219447103593,
1.00236899808983,1.00245626161679,1.00254352514374,1.00271805219764,1.00289257925155,
1.00306710630546,1.00324163335936,1.00359068746718,1.00393974157499,1.0042887956828,
1.00463784979061,1.00498690389843,1.00533595800624,1.00603406622186,1.00673217443749,
1.00743028265311,1.00812839086874,1.00952460729999,1.01092082373124,1.01231704016249,
1.01371325659374,1.01510947302499,1.01650568945624,1.01790190588749,1.01929812231874,
1.02069433874999,1.02139244696561,1.02209055518124,1.02278866339686,1.02348677161249,
1.02488298804374,1.02627920447499,1.02767542090624,1.02907163733749,1.03046785376874,
1.03116596198436,1.03186407019999,1.0322131243078,1.03256217841561,1.03291123252342,
1.03326028663124,1.03343481368514,1.03360934073905,1.03378386779295,1.03395839484686,
1.03413292190077,1.03430744895467,1.03448197600858,1.03456923953553,1.03465650306249,
1.03483103011639,1.0350055571703,1.0351800842242,1.03526734775116,1.03535461127811,
1.03552913833202,1.03570366538592,1.03587819243983,1.03605271949374,1.03613998302069,
1.03622724654764,1.03640177360155,1.03657630065545,1.03675082770936,1.03683809123631,
1.03692535476327,1.03701261829022,1.03709988181717,1.03718714534413,1.03727440887108,
1.03736167239803,1.03744893592499,1.03762346297889,1.03771072650585,1.0377979900328,
1.0379725170867,1.03814704414061,1.03832157119452,1.03840883472147,1.03849609824842,
1.03867062530233,1.03884515235624,1.03901967941014,1.03919420646405,1.03954326057186,
1.03971778762577,1.03989231467967,1.04006684173358,1.04024136878749,1.04041589584139,
1.0405904228953,1.04093947700311,1.04128853111092,1.04163758521874,1.04198663932655,
1.04233569343436,1.04303380164999,1.04443001808124),.UNSPECIFIED.);
#314=B_SPLINE_CURVE_WITH_KNOTS('',3,(#2506,#2507,#2508,#2509,#2510,#2511,
#2512,#2513,#2514,#2515,#2516,#2517,#2518,#2519,#2520,#2521,#2522,#2523,
#2524,#2525,#2526,#2527,#2528,#2529,#2530,#2531,#2532,#2533,#2534,#2535,
#2536,#2537,#2538,#2539,#2540,#2541,#2542,#2543,#2544,#2545,#2546,#2547,
#2548,#2549,#2550),.UNSPECIFIED.,.F.,.F.,(4,1,1,1,1,1,1,1,1,1,1,1,1,1,1,
1,1,1,1,1,1,1,1,1,1,1,1,1,1,1,1,1,1,1,1,1,1,1,1,1,1,1,4),(0.955347999811526,
0.956159266305959,0.956970532800392,0.957376166047608,0.957781799294824,
0.958187432542041,0.958593065789257,0.958998699036473,0.959404332283689,
0.959809965530906,0.960215598778122,0.960621232025338,0.960824048648947,
0.961026865272555,0.961432498519771,0.961838131766987,0.962040948390595,
0.962243765014204,0.962446581637812,0.96264939826142,0.962852214885028,
0.963055031508636,0.963257848132244,0.963460664755853,0.963663481379461,
0.963866298003069,0.964069114626677,0.964271931250285,0.964474747873893,
0.964677564497502,0.965083197744718,0.965286014368326,0.965488830991934,
0.965691647615542,0.96589446423915,0.966097280862759,0.966300097486367,
0.966705730733583,0.967111363980799,0.967516997228016,0.967719813851624,
0.967922630475232,0.968328263722448),.UNSPECIFIED.);
#315=B_SPLINE_CURVE_WITH_KNOTS('',3,(#2554,#2555,#2556,#2557,#2558,#2559,
#2560,#2561,#2562,#2563,#2564,#2565,#2566,#2567,#2568,#2569,#2570,#2571,
#2572,#2573,#2574,#2575,#2576,#2577,#2578,#2579,#2580,#2581,#2582,#2583,
#2584,#2585,#2586,#2587,#2588,#2589,#2590,#2591,#2592,#2593,#2594,#2595,
#2596,#2597,#2598,#2599,#2600,#2601,#2602,#2603,#2604,#2605,#2606,#2607,
#2608,#2609,#2610,#2611,#2612,#2613,#2614,#2615,#2616),.UNSPECIFIED.,.F.,
 .F.,(4,1,1,1,1,1,1,1,1,1,1,1,1,1,1,1,1,1,1,1,1,1,1,1,1,1,1,1,1,1,1,1,1,
1,1,1,1,1,1,1,1,1,1,1,1,1,1,1,1,1,1,1,1,1,1,1,1,1,1,1,4),(0.829220015252177,
0.830365239115416,0.831510462978656,0.832083074910276,0.832655686841896,
0.833800910705136,0.834946134568376,0.836091358431616,0.837236582294856,
0.837809194226476,0.838095500192286,0.838381806158096,0.838668112123906,
0.838954418089716,0.839240724055526,0.839527030021336,0.840099641952956,
0.840672253884576,0.841244865816196,0.841817477747816,0.842390089679436,
0.842962701611056,0.844107925474296,0.845253149337536,0.845825761269156,
0.846398373200776,0.846970985132396,0.847543597064016,0.849834044790495,
0.852124492516975,0.854414940243455,0.855560164106695,0.856705387969935,
0.857850611833175,0.858423223764795,0.858995835696415,0.859568447628035,
0.860141059559655,0.861286283422895,0.862431507286135,0.863576731149375,
0.865867178875855,0.868157626602334,0.870448074328814,0.872738522055294,
0.873883745918534,0.875028969781774,0.876174193645014,0.877319417508254,
0.878464641371494,0.879609865234734,0.881900312961214,0.884190760687694,
0.886481208414173,0.888771656140653,0.891062103867133,0.893352551593613,
0.895642999320093,0.897933447046573,0.900223894773053,0.902514342499533),
 .UNSPECIFIED.);
#316=B_SPLINE_CURVE_WITH_KNOTS('',3,(#2618,#2619,#2620,#2621,#2622,#2623,
#2624,#2625,#2626,#2627,#2628,#2629,#2630,#2631,#2632,#2633,#2634,#2635,
#2636,#2637,#2638,#2639,#2640,#2641,#2642,#2643,#2644,#2645,#2646,#2647,
#2648,#2649,#2650,#2651,#2652,#2653,#2654,#2655,#2656,#2657,#2658,#2659,
#2660,#2661),.UNSPECIFIED.,.F.,.F.,(4,1,1,1,1,1,1,1,1,1,1,1,1,1,1,1,1,1,
1,1,1,1,1,1,1,1,1,1,1,1,1,1,1,1,1,1,1,1,1,1,1,4),(0.722599953069407,0.723023237395029,
0.723446521720651,0.724293090371894,0.724716374697516,0.725139659023138,
0.725986227674381,0.726832796325625,0.727679364976868,0.728525933628112,
0.729372502279355,0.731065639581842,0.732758776884329,0.734451914186816,
0.73529848283806,0.736145051489303,0.736991620140547,0.73783818879179,0.738684757443034,
0.739531326094278,0.741224463396765,0.742917600699252,0.744610738001739,
0.746303875304226,0.7496901499092,0.753076424514174,0.754769561816661,0.756462699119148,
0.757309267770391,0.758155836421635,0.759002405072878,0.759848973724122,
0.760695542375365,0.761542111026609,0.762388679677852,0.763235248329096,
0.764928385631583,0.76662152293407,0.768314660236557,0.770007797539044,
0.773394072144018,0.776780346748992),.UNSPECIFIED.);
#317=B_SPLINE_CURVE_WITH_KNOTS('',3,(#2665,#2666,#2667,#2668,#2669,#2670,
#2671,#2672,#2673,#2674,#2675,#2676,#2677,#2678,#2679,#2680,#2681,#2682,
#2683,#2684,#2685,#2686,#2687,#2688,#2689,#2690,#2691,#2692,#2693,#2694,
#2695,#2696,#2697,#2698,#2699,#2700,#2701,#2702,#2703,#2704,#2705,#2706,
#2707,#2708,#2709,#2710,#2711,#2712,#2713,#2714,#2715,#2716,#2717,#2718,
#2719,#2720,#2721,#2722,#2723,#2724,#2725,#2726,#2727,#2728,#2729,#2730,
#2731,#2732,#2733,#2734,#2735,#2736,#2737,#2738,#2739),.UNSPECIFIED.,.F.,
 .F.,(4,1,1,1,1,1,1,1,1,1,1,1,1,1,1,1,1,1,1,1,1,1,1,1,1,1,1,1,1,1,1,1,1,
1,1,1,1,1,1,1,1,1,1,1,1,1,1,1,1,1,1,1,1,1,1,1,1,1,1,1,1,1,1,1,1,1,1,1,1,
1,1,1,4),(0.564019749839904,0.566346045219392,0.56867234059888,0.570998635978367,
0.573324931357855,0.575651226737344,0.577977522116831,0.582630112875807,
0.584956408255295,0.587282703634783,0.589608999014271,0.590772146704015,
0.591935294393759,0.593098442083503,0.594261589773247,0.596587885152735,
0.598914180532223,0.601240475911711,0.603566771291199,0.605893066670687,
0.608219362050175,0.610545657429663,0.611708805119407,0.612871952809151,
0.615198248188639,0.617524543568127,0.618687691257871,0.619850838947615,
0.620432412792487,0.621013986637359,0.622177134327103,0.622467921249539,
0.622758708171975,0.623340282016847,0.623921855861719,0.624503429706591,
0.624794216629027,0.625085003551463,0.625375790473899,0.625666577396335,
0.625957364318771,0.626248151241207,0.626829725086079,0.627411298930951,
0.627702085853387,0.627847479314605,0.627992872775823,0.628138266237041,
0.628283659698259,0.628429053159477,0.628574446620695,0.628865233543131,
0.629156020465567,0.629737594310439,0.630028381232875,0.630319168155311,
0.630609955077747,0.630900742000183,0.631191528922619,0.631482315845055,
0.632063889689927,0.632354676612363,0.632645463534799,0.633227037379671,
0.633808611224543,0.634099398146979,0.634390185069415,0.634971758914287,
0.635553332759159,0.636134906604031,0.636716480448903,0.637298054293775,
0.638461201983519),.UNSPECIFIED.);
#318=B_SPLINE_CURVE_WITH_KNOTS('',3,(#2741,#2742,#2743,#2744,#2745,#2746,
#2747,#2748,#2749,#2750,#2751,#2752,#2753,#2754,#2755,#2756,#2757,#2758,
#2759,#2760,#2761,#2762,#2763,#2764,#2765,#2766,#2767,#2768,#2769,#2770,
#2771,#2772,#2773,#2774,#2775,#2776,#2777,#2778,#2779,#2780,#2781,#2782,
#2783,#2784,#2785,#2786,#2787,#2788,#2789,#2790,#2791,#2792,#2793,#2794,
#2795,#2796,#2797,#2798,#2799,#2800,#2801,#2802,#2803),.UNSPECIFIED.,.F.,
 .F.,(4,1,1,1,1,1,1,1,1,1,1,1,1,1,1,1,1,1,1,1,1,1,1,1,1,1,1,1,1,1,1,1,1,
1,1,1,1,1,1,1,1,1,1,1,1,1,1,1,1,1,1,1,1,1,1,1,1,1,1,1,4),(0.427011837756379,
0.430137765917006,0.433263694077632,0.434826658157945,0.436389622238259,
0.437952586318572,0.438734068358728,0.439515550398885,0.441078514479198,
0.442641478559512,0.443422960599668,0.444204442639825,0.445767406720138,
0.447330370800451,0.448111852840609,0.448893334880765,0.449674816920921,
0.450065557941,0.450456298961078,0.451237781001235,0.452019263041392,0.452800745081548,
0.453582227121705,0.454363709161862,0.455145191202018,0.456708155282331,
0.458271119362645,0.461397047523271,0.462960011603585,0.464522975683898,
0.467648903844525,0.470774832005151,0.472337796085464,0.473900760165778,
0.474682242205934,0.475463724246091,0.476245206286248,0.477026688326404,
0.478589652406718,0.480152616487031,0.483278544647658,0.486404472808284,
0.487967436888597,0.489530400968911,0.491093365049224,0.492656329129537,
0.494219293209851,0.495782257290164,0.497345221370477,0.49890818545079,
0.500471149531104,0.502034113611417,0.50359707769173,0.505160041772044,
0.50828596993267,0.511411898093297,0.514537826253923,0.51766375441455,0.520789682575177,
0.523915610735803,0.52704153889643),.UNSPECIFIED.);
#319=B_SPLINE_CURVE_WITH_KNOTS('',3,(#2805,#2806,#2807,#2808,#2809,#2810,
#2811,#2812,#2813,#2814,#2815,#2816,#2817,#2818,#2819,#2820,#2821,#2822,
#2823,#2824,#2825,#2826,#2827,#2828,#2829,#2830,#2831,#2832,#2833,#2834,
#2835,#2836,#2837,#2838,#2839,#2840,#2841,#2842,#2843,#2844,#2845,#2846,
#2847,#2848,#2849,#2850,#2851,#2852),.UNSPECIFIED.,.F.,.F.,(4,1,1,1,1,1,
1,1,1,1,1,1,1,1,1,1,1,1,1,1,1,1,1,1,1,1,1,1,1,1,1,1,1,1,1,1,1,1,1,1,1,1,
1,1,1,4),(0.321366643458748,0.323570452695521,0.324672357313908,0.325774261932295,
0.327978071169068,0.329079975787455,0.330181880405841,0.331283785024228,
0.332385689642614,0.332936641951807,0.333487594261001,0.334589498879387,
0.335691403497774,0.336793308116161,0.337344260425354,0.337895212734547,
0.338446165043741,0.338997117352934,0.339548069662127,0.340099021971321,
0.341200926589707,0.342302831208093,0.343404735826481,0.344506640444867,
0.345608545063254,0.34671044968164,0.347812354300026,0.348914258918413,
0.3500161635368,0.352219972773573,0.354423782010347,0.35662759124712,0.357729495865507,
0.358831400483893,0.361035209720666,0.36323901895744,0.365442828194212,
0.369850446667759,0.374258065141305,0.378665683614852,0.383073302088399,
0.385277111325172,0.387480920561944,0.388582825180332,0.389684729798718,
0.391888539035491),.UNSPECIFIED.);
#320=B_SPLINE_CURVE_WITH_KNOTS('',3,(#2855,#2856,#2857,#2858,#2859,#2860,
#2861,#2862,#2863,#2864,#2865,#2866,#2867,#2868,#2869,#2870,#2871,#2872,
#2873,#2874,#2875,#2876,#2877,#2878,#2879,#2880,#2881,#2882,#2883,#2884,
#2885,#2886,#2887,#2888,#2889,#2890,#2891,#2892,#2893,#2894,#2895,#2896,
#2897,#2898,#2899,#2900,#2901,#2902,#2903,#2904,#2905,#2906,#2907,#2908,
#2909,#2910,#2911,#2912,#2913,#2914,#2915,#2916,#2917),.UNSPECIFIED.,.F.,
 .F.,(4,1,1,1,1,1,1,1,1,1,1,1,1,1,1,1,1,1,1,1,1,1,1,1,1,1,1,1,1,1,1,1,1,
1,1,1,1,1,1,1,1,1,1,1,1,1,1,1,1,1,1,1,1,1,1,1,1,1,1,1,4),(0.427011837756379,
0.430137765917006,0.433263694077632,0.434826658157945,0.436389622238259,
0.437952586318572,0.438734068358728,0.439515550398885,0.441078514479198,
0.442641478559512,0.443422960599668,0.444204442639825,0.445767406720138,
0.447330370800451,0.448111852840609,0.448893334880765,0.449674816920921,
0.450065557941,0.450456298961078,0.451237781001235,0.452019263041392,0.452800745081548,
0.453582227121705,0.454363709161862,0.455145191202018,0.456708155282331,
0.458271119362645,0.461397047523271,0.462960011603585,0.464522975683898,
0.467648903844525,0.470774832005151,0.472337796085464,0.473900760165778,
0.474682242205934,0.475463724246091,0.476245206286248,0.477026688326404,
0.478589652406718,0.480152616487031,0.483278544647658,0.486404472808284,
0.487967436888597,0.489530400968911,0.491093365049224,0.492656329129537,
0.494219293209851,0.495782257290164,0.497345221370477,0.49890818545079,
0.500471149531104,0.502034113611417,0.50359707769173,0.505160041772044,
0.50828596993267,0.511411898093297,0.514537826253923,0.51766375441455,0.520789682575177,
0.523915610735803,0.52704153889643),.UNSPECIFIED.);
#321=B_SPLINE_CURVE_WITH_KNOTS('',3,(#2919,#2920,#2921,#2922,#2923,#2924,
#2925,#2926,#2927,#2928,#2929,#2930,#2931,#2932,#2933,#2934,#2935,#2936,
#2937,#2938,#2939,#2940,#2941,#2942,#2943,#2944,#2945,#2946,#2947,#2948,
#2949,#2950,#2951,#2952,#2953,#2954,#2955,#2956,#2957,#2958,#2959,#2960,
#2961,#2962,#2963,#2964,#2965,#2966,#2967,#2968,#2969,#2970,#2971,#2972,
#2973,#2974,#2975,#2976,#2977,#2978,#2979,#2980,#2981,#2982,#2983,#2984,
#2985,#2986,#2987,#2988,#2989,#2990,#2991,#2992,#2993),.UNSPECIFIED.,.F.,
 .F.,(4,1,1,1,1,1,1,1,1,1,1,1,1,1,1,1,1,1,1,1,1,1,1,1,1,1,1,1,1,1,1,1,1,
1,1,1,1,1,1,1,1,1,1,1,1,1,1,1,1,1,1,1,1,1,1,1,1,1,1,1,1,1,1,1,1,1,1,1,1,
1,1,1,4),(0.564019749839904,0.566346045219392,0.56867234059888,0.570998635978367,
0.573324931357855,0.575651226737344,0.577977522116831,0.582630112875807,
0.584956408255295,0.587282703634783,0.589608999014271,0.590772146704015,
0.591935294393759,0.593098442083503,0.594261589773247,0.596587885152735,
0.598914180532223,0.601240475911711,0.603566771291199,0.605893066670687,
0.608219362050175,0.610545657429663,0.611708805119407,0.612871952809151,
0.615198248188639,0.617524543568127,0.618687691257871,0.619850838947615,
0.620432412792487,0.621013986637359,0.622177134327103,0.622467921249539,
0.622758708171975,0.623340282016847,0.623921855861719,0.624503429706591,
0.624794216629027,0.625085003551463,0.625375790473899,0.625666577396335,
0.625957364318771,0.626248151241207,0.626829725086079,0.627411298930951,
0.627702085853387,0.627847479314605,0.627992872775823,0.628138266237041,
0.628283659698259,0.628429053159477,0.628574446620695,0.628865233543131,
0.629156020465567,0.629737594310439,0.630028381232875,0.630319168155311,
0.630609955077747,0.630900742000183,0.631191528922619,0.631482315845055,
0.632063889689927,0.632354676612363,0.632645463534799,0.633227037379671,
0.633808611224543,0.634099398146979,0.634390185069415,0.634971758914287,
0.635553332759159,0.636134906604031,0.636716480448903,0.637298054293775,
0.638461201983519),.UNSPECIFIED.);
#322=B_SPLINE_CURVE_WITH_KNOTS('',3,(#2997,#2998,#2999,#3000,#3001,#3002,
#3003,#3004,#3005,#3006,#3007,#3008,#3009,#3010,#3011,#3012,#3013,#3014,
#3015,#3016,#3017,#3018,#3019,#3020,#3021,#3022,#3023,#3024,#3025,#3026,
#3027,#3028,#3029,#3030,#3031,#3032,#3033,#3034,#3035,#3036,#3037,#3038,
#3039,#3040),.UNSPECIFIED.,.F.,.F.,(4,1,1,1,1,1,1,1,1,1,1,1,1,1,1,1,1,1,
1,1,1,1,1,1,1,1,1,1,1,1,1,1,1,1,1,1,1,1,1,1,1,4),(0.722599953069407,0.723023237395029,
0.723446521720651,0.724293090371894,0.724716374697516,0.725139659023138,
0.725986227674381,0.726832796325625,0.727679364976868,0.728525933628112,
0.729372502279355,0.731065639581842,0.732758776884329,0.734451914186816,
0.73529848283806,0.736145051489303,0.736991620140547,0.73783818879179,0.738684757443034,
0.739531326094278,0.741224463396765,0.742917600699252,0.744610738001739,
0.746303875304226,0.7496901499092,0.753076424514174,0.754769561816661,0.756462699119148,
0.757309267770391,0.758155836421635,0.759002405072878,0.759848973724122,
0.760695542375365,0.761542111026609,0.762388679677852,0.763235248329096,
0.764928385631583,0.76662152293407,0.768314660236557,0.770007797539044,
0.773394072144018,0.776780346748992),.UNSPECIFIED.);
#323=B_SPLINE_CURVE_WITH_KNOTS('',3,(#3042,#3043,#3044,#3045,#3046,#3047,
#3048,#3049,#3050,#3051,#3052,#3053,#3054,#3055,#3056,#3057,#3058,#3059,
#3060,#3061,#3062,#3063,#3064,#3065,#3066,#3067,#3068,#3069,#3070,#3071,
#3072,#3073,#3074,#3075,#3076,#3077,#3078,#3079,#3080,#3081,#3082,#3083,
#3084,#3085,#3086,#3087,#3088,#3089,#3090,#3091,#3092,#3093,#3094,#3095,
#3096,#3097,#3098,#3099,#3100,#3101,#3102,#3103,#3104),.UNSPECIFIED.,.F.,
 .F.,(4,1,1,1,1,1,1,1,1,1,1,1,1,1,1,1,1,1,1,1,1,1,1,1,1,1,1,1,1,1,1,1,1,
1,1,1,1,1,1,1,1,1,1,1,1,1,1,1,1,1,1,1,1,1,1,1,1,1,1,1,4),(0.829220015252177,
0.830365239115416,0.831510462978656,0.832083074910276,0.832655686841896,
0.833800910705136,0.834946134568376,0.836091358431616,0.837236582294856,
0.837809194226476,0.838095500192286,0.838381806158096,0.838668112123906,
0.838954418089716,0.839240724055526,0.839527030021336,0.840099641952956,
0.840672253884576,0.841244865816196,0.841817477747816,0.842390089679436,
0.842962701611056,0.844107925474296,0.845253149337536,0.845825761269156,
0.846398373200776,0.846970985132396,0.847543597064016,0.849834044790495,
0.852124492516975,0.854414940243455,0.855560164106695,0.856705387969935,
0.857850611833175,0.858423223764795,0.858995835696415,0.859568447628035,
0.860141059559655,0.861286283422895,0.862431507286135,0.863576731149375,
0.865867178875855,0.868157626602334,0.870448074328814,0.872738522055294,
0.873883745918534,0.875028969781774,0.876174193645014,0.877319417508254,
0.878464641371494,0.879609865234734,0.881900312961214,0.884190760687694,
0.886481208414173,0.888771656140653,0.891062103867133,0.893352551593613,
0.895642999320093,0.897933447046573,0.900223894773053,0.902514342499533),
 .UNSPECIFIED.);
#324=B_SPLINE_CURVE_WITH_KNOTS('',3,(#3108,#3109,#3110,#3111,#3112,#3113,
#3114,#3115,#3116,#3117,#3118,#3119,#3120,#3121,#3122,#3123,#3124,#3125,
#3126,#3127,#3128,#3129,#3130,#3131,#3132,#3133,#3134,#3135,#3136,#3137,
#3138,#3139,#3140,#3141,#3142,#3143,#3144,#3145,#3146,#3147,#3148,#3149,
#3150,#3151,#3152),.UNSPECIFIED.,.F.,.F.,(4,1,1,1,1,1,1,1,1,1,1,1,1,1,1,
1,1,1,1,1,1,1,1,1,1,1,1,1,1,1,1,1,1,1,1,1,1,1,1,1,1,1,4),(0.955347999811526,
0.956159266305959,0.956970532800392,0.957376166047608,0.957781799294824,
0.958187432542041,0.958593065789257,0.958998699036473,0.959404332283689,
0.959809965530906,0.960215598778122,0.960621232025338,0.960824048648947,
0.961026865272555,0.961432498519771,0.961838131766987,0.962040948390595,
0.962243765014204,0.962446581637812,0.96264939826142,0.962852214885028,
0.963055031508636,0.963257848132244,0.963460664755853,0.963663481379461,
0.963866298003069,0.964069114626677,0.964271931250285,0.964474747873893,
0.964677564497502,0.965083197744718,0.965286014368326,0.965488830991934,
0.965691647615542,0.96589446423915,0.966097280862759,0.966300097486367,
0.966705730733583,0.967111363980799,0.967516997228016,0.967719813851624,
0.967922630475232,0.968328263722448),.UNSPECIFIED.);
#325=B_SPLINE_CURVE_WITH_KNOTS('',3,(#3154,#3155,#3156,#3157,#3158,#3159,
#3160,#3161,#3162,#3163,#3164,#3165,#3166,#3167,#3168,#3169,#3170,#3171,
#3172,#3173,#3174,#3175,#3176,#3177,#3178,#3179,#3180,#3181,#3182,#3183,
#3184,#3185,#3186,#3187,#3188,#3189,#3190,#3191,#3192,#3193,#3194,#3195,
#3196,#3197,#3198,#3199,#3200,#3201,#3202,#3203,#3204,#3205,#3206,#3207,
#3208,#3209,#3210,#3211,#3212,#3213,#3214,#3215,#3216,#3217,#3218,#3219,
#3220,#3221,#3222,#3223,#3224,#3225,#3226,#3227,#3228,#3229,#3230,#3231,
#3232,#3233,#3234,#3235,#3236,#3237,#3238,#3239,#3240,#3241,#3242,#3243,
#3244,#3245,#3246,#3247,#3248,#3249,#3250,#3251,#3252,#3253,#3254,#3255,
#3256,#3257,#3258,#3259,#3260,#3261,#3262,#3263,#3264,#3265,#3266,#3267,
#3268,#3269,#3270,#3271,#3272,#3273,#3274,#3275,#3276),.UNSPECIFIED.,.F.,
 .F.,(4,1,1,1,1,1,1,1,1,1,1,1,1,1,1,1,1,1,1,1,1,1,1,1,1,1,1,1,1,1,1,1,1,
1,1,1,1,1,1,1,1,1,1,1,1,1,1,1,1,1,1,1,1,1,1,1,1,1,1,1,1,1,1,1,1,1,1,1,1,
1,1,1,1,1,1,1,1,1,1,1,1,1,1,1,1,1,1,1,1,1,1,1,1,1,1,1,1,1,1,1,1,1,1,1,1,
1,1,1,1,1,1,1,1,1,1,1,1,1,1,1,4),(0.999751092281239,0.999925619335145,1.0000128828621,
1.00010014638905,1.000187409916,1.00027467344296,1.00036193696991,1.00044920049686,
1.00053646402382,1.00062372755077,1.00071099107772,1.00079825460468,1.00088551813163,
1.00097278165858,1.00114730871249,1.00132183576639,1.0014963628203,1.00167088987421,
1.00175815340116,1.00184541692811,1.00193268045507,1.00201994398202,1.00219447103593,
1.00236899808983,1.00245626161679,1.00254352514374,1.00271805219764,1.00289257925155,
1.00306710630546,1.00324163335936,1.00359068746718,1.00393974157499,1.0042887956828,
1.00463784979061,1.00498690389843,1.00533595800624,1.00603406622186,1.00673217443749,
1.00743028265311,1.00812839086874,1.00952460729999,1.01092082373124,1.01231704016249,
1.01371325659374,1.01510947302499,1.01650568945624,1.01790190588749,1.01929812231874,
1.02069433874999,1.02139244696561,1.02209055518124,1.02278866339686,1.02348677161249,
1.02488298804374,1.02627920447499,1.02767542090624,1.02907163733749,1.03046785376874,
1.03116596198436,1.03186407019999,1.0322131243078,1.03256217841561,1.03291123252342,
1.03326028663124,1.03343481368514,1.03360934073905,1.03378386779295,1.03395839484686,
1.03413292190077,1.03430744895467,1.03448197600858,1.03456923953553,1.03465650306249,
1.03483103011639,1.0350055571703,1.0351800842242,1.03526734775116,1.03535461127811,
1.03552913833202,1.03570366538592,1.03587819243983,1.03605271949374,1.03613998302069,
1.03622724654764,1.03640177360155,1.03657630065545,1.03675082770936,1.03683809123631,
1.03692535476327,1.03701261829022,1.03709988181717,1.03718714534413,1.03727440887108,
1.03736167239803,1.03744893592499,1.03762346297889,1.03771072650585,1.0377979900328,
1.0379725170867,1.03814704414061,1.03832157119452,1.03840883472147,1.03849609824842,
1.03867062530233,1.03884515235624,1.03901967941014,1.03919420646405,1.03954326057186,
1.03971778762577,1.03989231467967,1.04006684173358,1.04024136878749,1.04041589584139,
1.0405904228953,1.04093947700311,1.04128853111092,1.04163758521874,1.04198663932655,
1.04233569343436,1.04303380164999,1.04443001808124),.UNSPECIFIED.);
#326=B_SPLINE_CURVE_WITH_KNOTS('',3,(#3280,#3281,#3282,#3283,#3284,#3285,
#3286,#3287,#3288,#3289,#3290,#3291,#3292,#3293,#3294,#3295,#3296,#3297,
#3298,#3299,#3300,#3301,#3302,#3303,#3304,#3305,#3306,#3307,#3308,#3309,
#3310,#3311,#3312,#3313,#3314,#3315,#3316,#3317,#3318,#3319,#3320,#3321,
#3322,#3323,#3324,#3325,#3326,#3327,#3328,#3329,#3330,#3331,#3332,#3333,
#3334,#3335,#3336,#3337,#3338,#3339,#3340,#3341,#3342,#3343,#3344,#3345,
#3346),.UNSPECIFIED.,.F.,.F.,(4,1,1,1,1,1,1,1,1,1,1,1,1,1,1,1,1,1,1,1,1,
1,1,1,1,1,1,1,1,1,1,1,1,1,1,1,1,1,1,1,1,1,1,1,1,1,1,1,1,1,1,1,1,1,1,1,1,
1,1,1,1,1,1,1,4),(0.0914922850400798,0.0948962358733655,0.0983001867066511,
0.101704137539937,0.105108088373222,0.108512039206508,0.110214014623151,
0.111915990039794,0.113617965456437,0.114468953164758,0.115319940873079,
0.116170928581401,0.117021916289722,0.118723891706365,0.120425867123008,
0.122127842539651,0.123829817956294,0.124680805664615,0.125531793372936,
0.125957287227097,0.126382781081258,0.126808274935419,0.127233768789579,
0.12765926264374,0.128084756497901,0.128510250352061,0.128722997279142,
0.128935744206222,0.129361238060383,0.129786731914544,0.129999478841624,
0.130212225768704,0.130637719622865,0.131063213477026,0.131488707331186,
0.131701454258267,0.131914201185347,0.132126948112427,0.132339695039508,
0.132552441966588,0.132765188893668,0.132977935820749,0.133190682747829,
0.133403429674909,0.13361617660199,0.13382892352907,0.134041670456151,0.134467164310311,
0.134679911237392,0.134892658164472,0.135318152018633,0.135743645872793,
0.135956392799874,0.136169139726954,0.136594633581115,0.137020127435276,
0.137445621289436,0.137871115143597,0.138296608997758,0.139147596706079,
0.140849572122722,0.142551547539365,0.143402535247686,0.144253522956008,
0.14595549837265),.UNSPECIFIED.);
#327=B_SPLINE_CURVE_WITH_KNOTS('',3,(#3348,#3349,#3350,#3351,#3352,#3353,
#3354,#3355,#3356,#3357,#3358,#3359,#3360,#3361,#3362,#3363,#3364,#3365,
#3366,#3367,#3368,#3369,#3370,#3371,#3372,#3373,#3374,#3375,#3376),
 .UNSPECIFIED.,.F.,.F.,(4,1,1,1,1,1,1,1,1,1,1,1,1,1,1,1,1,1,1,1,1,1,1,1,
1,1,4),(0.200394938088489,0.20691903183457,0.213443125580652,0.216705172453692,
0.219967219326732,0.223229266199773,0.226491313072814,0.228122336509334,
0.229753359945853,0.231384383382374,0.233015406818894,0.234646430255414,
0.236277453691935,0.237908477128455,0.239539500564975,0.241170524001495,
0.242801547438016,0.244432570874536,0.246063594311056,0.246879106029316,
0.247694617747577,0.249325641184096,0.250141152902357,0.250956664620617,
0.251772176338877,0.252179932198007,0.252587688057137),.UNSPECIFIED.);
#328=EDGE_LOOP('',(#64,#65,#66,#67));
#329=EDGE_LOOP('',(#68,#69,#70,#71));
#330=EDGE_LOOP('',(#72,#73,#74,#75));
#331=EDGE_LOOP('',(#76,#77,#78,#79));
#332=EDGE_LOOP('',(#80,#81,#82,#83));
#333=EDGE_LOOP('',(#84,#85,#86,#87));
#334=EDGE_LOOP('',(#88,#89,#90,#91));
#335=EDGE_LOOP('',(#92,#93,#94,#95));
#336=EDGE_LOOP('',(#96));
#337=EDGE_LOOP('',(#97));
#338=EDGE_LOOP('',(#98,#99,#100,#101,#102,#103,#104,#105));
#339=EDGE_LOOP('',(#106));
#340=EDGE_LOOP('',(#107,#108,#109,#110,#111,#112,#113,#114,#115,#116,#117,
#118));
#341=EDGE_LOOP('',(#119,#120,#121,#122,#123,#124,#125,#126));
#342=EDGE_LOOP('',(#127));
#343=EDGE_LOOP('',(#128,#129,#130,#131,#132,#133,#134,#135,#136,#137,#138,
#139));
#344=EDGE_LOOP('',(#140,#141,#142,#143));
#345=EDGE_LOOP('',(#144,#145,#146,#147));
#346=EDGE_LOOP('',(#148,#149,#150,#151));
#347=EDGE_LOOP('',(#152,#153,#154,#155));
#348=EDGE_LOOP('',(#156,#157,#158,#159));
#349=EDGE_LOOP('',(#160,#161,#162,#163));
#350=EDGE_LOOP('',(#164,#165,#166,#167));
#351=EDGE_LOOP('',(#168,#169,#170,#171));
#352=EDGE_LOOP('',(#172,#173,#174,#175));
#353=EDGE_LOOP('',(#176,#177,#178,#179));
#354=EDGE_LOOP('',(#180,#181,#182,#183));
#355=EDGE_LOOP('',(#184,#185,#186,#187));
#356=FACE_BOUND('',#328,.T.);
#357=FACE_BOUND('',#329,.T.);
#358=FACE_BOUND('',#330,.T.);
#359=FACE_BOUND('',#331,.T.);
#360=FACE_BOUND('',#332,.T.);
#361=FACE_BOUND('',#333,.T.);
#362=FACE_BOUND('',#334,.T.);
#363=FACE_BOUND('',#335,.T.);
#364=FACE_BOUND('',#336,.T.);
#365=FACE_BOUND('',#337,.T.);
#366=FACE_BOUND('',#338,.T.);
#367=FACE_BOUND('',#339,.T.);
#368=FACE_BOUND('',#340,.T.);
#369=FACE_BOUND('',#341,.T.);
#370=FACE_BOUND('',#342,.T.);
#371=FACE_BOUND('',#343,.T.);
#372=FACE_BOUND('',#344,.T.);
#373=FACE_BOUND('',#345,.T.);
#374=FACE_BOUND('',#346,.T.);
#375=FACE_BOUND('',#347,.T.);
#376=FACE_BOUND('',#348,.T.);
#377=FACE_BOUND('',#349,.T.);
#378=FACE_BOUND('',#350,.T.);
#379=FACE_BOUND('',#351,.T.);
#380=FACE_BOUND('',#352,.T.);
#381=FACE_BOUND('',#353,.T.);
#382=FACE_BOUND('',#354,.T.);
#383=FACE_BOUND('',#355,.T.);
#384=B_SPLINE_SURFACE_WITH_KNOTS('',3,1,((#498,#499),(#500,#501),(#502,
#503),(#504,#505),(#506,#507),(#508,#509),(#510,#511),(#512,#513),(#514,
#515),(#516,#517),(#518,#519),(#520,#521),(#522,#523),(#524,#525),(#526,
#527),(#528,#529),(#530,#531),(#532,#533),(#534,#535),(#536,#537),(#538,
#539),(#540,#541),(#542,#543),(#544,#545),(#546,#547),(#548,#549),(#550,
#551),(#552,#553),(#554,#555),(#556,#557),(#558,#559),(#560,#561),(#562,
#563),(#564,#565),(#566,#567),(#568,#569),(#570,#571)),
 .SURF_OF_LINEAR_EXTRUSION.,.F.,.F.,.F.,(4,1,1,1,1,1,1,1,1,1,1,1,1,1,1,
1,1,1,1,1,1,1,1,1,1,1,1,1,1,1,1,1,1,1,4),(2,2),(0.553922510113184,0.561568244989103,
0.569213979865022,0.576859714740941,0.58450544961686,0.58832831705482,0.59215118449278,
0.599796919368699,0.603619786806658,0.607442654244618,0.611265521682577,
0.615088389120537,0.618911256558497,0.620822690277476,0.622734123996456,
0.624645557715436,0.626556991434416,0.627512708293906,0.628468425153395,
0.629424142012885,0.630379858872375,0.632291292591355,0.634202726310335,
0.636114160029315,0.638025593748294,0.641848461186254,0.643759894905234,
0.645671328624214,0.649494196062173,0.653317063500133,0.657139930938092,
0.660962798376052,0.664785665814011,0.668608533251971,0.67625426812789),
(0.,1.),.UNSPECIFIED.);
#385=B_SPLINE_SURFACE_WITH_KNOTS('',3,1,((#702,#703),(#704,#705),(#706,
#707),(#708,#709),(#710,#711),(#712,#713),(#714,#715),(#716,#717),(#718,
#719),(#720,#721),(#722,#723),(#724,#725),(#726,#727),(#728,#729),(#730,
#731),(#732,#733),(#734,#735),(#736,#737),(#738,#739),(#740,#741),(#742,
#743),(#744,#745)),.SURF_OF_LINEAR_EXTRUSION.,.F.,.F.,.F.,(4,1,1,1,1,1,
1,1,1,1,1,1,1,1,1,1,1,1,1,4),(2,2),(0.703495714087316,0.70946329212437,
0.715430870161424,0.718414659179951,0.721398448198478,0.724382237217005,
0.727366026235531,0.733333604272585,0.739301182309639,0.745268760346693,
0.751236338383747,0.757203916420801,0.760187705439328,0.763171494457855,
0.769139072494909,0.775106650531963,0.781074228569016,0.78704180660607,
0.793009384643124,0.798976962680178),(0.,1.),.UNSPECIFIED.);
#386=B_SPLINE_SURFACE_WITH_KNOTS('',3,1,((#821,#822),(#823,#824),(#825,
#826),(#827,#828),(#829,#830),(#831,#832),(#833,#834),(#835,#836),(#837,
#838),(#839,#840),(#841,#842),(#843,#844),(#845,#846),(#847,#848),(#849,
#850),(#851,#852),(#853,#854),(#855,#856),(#857,#858),(#859,#860),(#861,
#862),(#863,#864),(#865,#866),(#867,#868),(#869,#870),(#871,#872),(#873,
#874),(#875,#876),(#877,#878),(#879,#880),(#881,#882),(#883,#884),(#885,
#886),(#887,#888)),.SURF_OF_LINEAR_EXTRUSION.,.F.,.F.,.F.,(4,1,1,1,1,1,
1,1,1,1,1,1,1,1,1,1,1,1,1,1,1,1,1,1,1,1,1,1,1,1,1,4),(2,2),(0.817413568418396,
0.821143213790811,0.823008036477018,0.824872859163226,0.828602504535641,
0.832332149908056,0.836061795280471,0.837926617966678,0.839791440652886,
0.841656263339093,0.843521086025301,0.847250731397716,0.85098037677013,
0.854710022142545,0.85843966751496,0.862169312887375,0.869628603632205,
0.877087894377035,0.88081753974945,0.884547185121865,0.892006475866695,
0.899465766611525,0.90319541198394,0.906925057356355,0.910654702728769,
0.914384348101184,0.918113993473599,0.921843638846014,0.925573284218429,
0.929302929590844,0.933032574963259,0.936762220335674),(0.,1.),
 .UNSPECIFIED.);
#387=B_SPLINE_SURFACE_WITH_KNOTS('',3,1,((#1028,#1029),(#1030,#1031),(#1032,
#1033),(#1034,#1035),(#1036,#1037),(#1038,#1039),(#1040,#1041),(#1042,#1043),
(#1044,#1045),(#1046,#1047),(#1048,#1049),(#1050,#1051),(#1052,#1053),(#1054,
#1055),(#1056,#1057),(#1058,#1059),(#1060,#1061),(#1062,#1063),(#1064,#1065),
(#1066,#1067)),.SURF_OF_LINEAR_EXTRUSION.,.F.,.F.,.F.,(4,1,1,1,1,1,1,1,
1,1,1,1,1,1,1,1,1,4),(2,2),(0.942437310185608,0.947015266636225,0.949304244861534,
0.951593223086843,0.953882201312152,0.956171179537461,0.95846015776277,
0.960749135988078,0.961893625100733,0.963038114213387,0.964182603326042,
0.965327092438696,0.96647158155135,0.967616070664005,0.969905048889314,
0.972194027114623,0.974483005339931,0.979060961790549),(0.,1.),
 .UNSPECIFIED.);
#388=B_SPLINE_SURFACE_WITH_KNOTS('',3,1,((#1135,#1136),(#1137,#1138),(#1139,
#1140),(#1141,#1142),(#1143,#1144),(#1145,#1146),(#1147,#1148),(#1149,#1150),
(#1151,#1152),(#1153,#1154),(#1155,#1156),(#1157,#1158),(#1159,#1160),(#1161,
#1162),(#1163,#1164),(#1165,#1166),(#1167,#1168),(#1169,#1170),(#1171,#1172),
(#1173,#1174),(#1175,#1176),(#1177,#1178),(#1179,#1180),(#1181,#1182),(#1183,
#1184),(#1185,#1186),(#1187,#1188),(#1189,#1190),(#1191,#1192),(#1193,#1194),
(#1195,#1196),(#1197,#1198),(#1199,#1200),(#1201,#1202),(#1203,#1204),(#1205,
#1206),(#1207,#1208),(#1209,#1210),(#1211,#1212),(#1213,#1214),(#1215,#1216),
(#1217,#1218),(#1219,#1220),(#1221,#1222),(#1223,#1224),(#1225,#1226),(#1227,
#1228),(#1229,#1230),(#1231,#1232),(#1233,#1234),(#1235,#1236),(#1237,#1238),
(#1239,#1240),(#1241,#1242),(#1243,#1244),(#1245,#1246),(#1247,#1248),(#1249,
#1250),(#1251,#1252)),.SURF_OF_LINEAR_EXTRUSION.,.F.,.F.,.F.,(4,1,1,1,1,
1,1,1,1,1,1,1,1,1,1,1,1,1,1,1,1,1,1,1,1,1,1,1,1,1,1,1,1,1,1,1,1,1,1,1,1,
1,1,1,1,1,1,1,1,1,1,1,1,1,1,1,4),(2,2),(0.99302593787338,0.994285960256781,
0.995545982640183,0.996806005023584,0.998066027406985,0.998696038598686,
0.999326049790387,0.999956060982087,1.00058607217379,1.00121608336549,1.00184609455719,
1.00247610574889,1.00310611694059,1.00436613932399,1.00562616170739,1.00688618409079,
1.0081462064742,1.010666251241,1.0131862960078,1.0157063407746,1.01822638554141,
1.02074643030821,1.02326647507501,1.02578651984182,1.02830656460862,1.02956658699202,
1.03082660937542,1.03208663175882,1.03334665414222,1.03460667652562,1.03523668771733,
1.03586669890903,1.03649671010073,1.03712672129243,1.03775673248413,1.03838674367583,
1.03901675486753,1.03964676605923,1.04090678844263,1.04216681082603,1.04342683320943,
1.04594687797624,1.04846692274304,1.05098696750984,1.05350701227664,1.05476703466005,
1.05602705704345,1.05854710181025,1.06106714657705,1.06358719134386,1.06610723611066,
1.06736725849406,1.06862728087746,1.06988730326086,1.07114732564426,1.07240734802766,
1.07366737041107),(0.,1.),.UNSPECIFIED.);
#389=B_SPLINE_SURFACE_WITH_KNOTS('',3,1,((#1434,#1435),(#1436,#1437),(#1438,
#1439),(#1440,#1441),(#1442,#1443),(#1444,#1445),(#1446,#1447),(#1448,#1449),
(#1450,#1451),(#1452,#1453),(#1454,#1455),(#1456,#1457),(#1458,#1459),(#1460,
#1461),(#1462,#1463),(#1464,#1465),(#1466,#1467),(#1468,#1469),(#1470,#1471),
(#1472,#1473),(#1474,#1475),(#1476,#1477),(#1478,#1479),(#1480,#1481),(#1482,
#1483),(#1484,#1485),(#1486,#1487),(#1488,#1489),(#1490,#1491),(#1492,#1493),
(#1494,#1495)),.SURF_OF_LINEAR_EXTRUSION.,.F.,.F.,.F.,(4,1,1,1,1,1,1,1,
1,1,1,1,1,1,1,1,1,1,1,1,1,1,1,1,1,1,1,1,4),(2,2),(0.0837478938975533,0.088477402259011,
0.0932069106204687,0.0979364189819264,0.102665927343384,0.107395435704842,
0.112124944066299,0.114489698247028,0.116854452427757,0.119219206608486,
0.121583960789215,0.123948714969944,0.126313469150673,0.128678223331401,
0.129860600421766,0.13104297751213,0.132225354602495,0.133407731692859,
0.134590108783224,0.135772485873588,0.138137240054317,0.140501994235046,
0.142866748415775,0.145231502596503,0.147596256777232,0.149961010957961,
0.15232576513869,0.154690519319419,0.159420027680877),(0.,1.),
 .UNSPECIFIED.);
#390=B_SPLINE_SURFACE_WITH_KNOTS('',3,1,((#1595,#1596),(#1597,#1598),(#1599,
#1600),(#1601,#1602),(#1603,#1604),(#1605,#1606),(#1607,#1608),(#1609,#1610),
(#1611,#1612),(#1613,#1614),(#1615,#1616),(#1617,#1618),(#1619,#1620),(#1621,
#1622),(#1623,#1624),(#1625,#1626),(#1627,#1628),(#1629,#1630)),
 .SURF_OF_LINEAR_EXTRUSION.,.F.,.F.,.F.,(4,1,1,1,1,1,1,1,1,1,1,1,1,1,1,
4),(2,2),(0.171870051951226,0.178088311681801,0.184306571412375,0.196743090873524,
0.209179610334673,0.221616129795822,0.227834389526396,0.234052649256971,
0.240270908987545,0.24648916871812,0.249598298583407,0.252707428448694,
0.255816558313981,0.258925688179269,0.265143947909843,0.271362207640418),
(0.,1.),.UNSPECIFIED.);
#391=B_SPLINE_SURFACE_WITH_KNOTS('',3,1,((#1702,#1703),(#1704,#1705),(#1706,
#1707),(#1708,#1709),(#1710,#1711),(#1712,#1713),(#1714,#1715),(#1716,#1717),
(#1718,#1719),(#1720,#1721),(#1722,#1723),(#1724,#1725),(#1726,#1727),(#1728,
#1729),(#1730,#1731),(#1732,#1733),(#1734,#1735),(#1736,#1737),(#1738,#1739),
(#1740,#1741),(#1742,#1743),(#1744,#1745),(#1746,#1747),(#1748,#1749),(#1750,
#1751),(#1752,#1753),(#1754,#1755),(#1756,#1757),(#1758,#1759),(#1760,#1761),
(#1762,#1763),(#1764,#1765),(#1766,#1767),(#1768,#1769),(#1770,#1771),(#1772,
#1773),(#1774,#1775),(#1776,#1777),(#1778,#1779),(#1780,#1781),(#1782,#1783),
(#1784,#1785),(#1786,#1787),(#1788,#1789),(#1790,#1791),(#1792,#1793),(#1794,
#1795),(#1796,#1797),(#1798,#1799),(#1800,#1801),(#1802,#1803),(#1804,#1805),
(#1806,#1807),(#1808,#1809),(#1810,#1811),(#1812,#1813)),
 .SURF_OF_LINEAR_EXTRUSION.,.F.,.F.,.F.,(4,1,1,1,1,1,1,1,1,1,1,1,1,1,1,
1,1,1,1,1,1,1,1,1,1,1,1,1,1,1,1,1,1,1,1,1,1,1,1,1,1,1,1,1,1,1,1,1,1,1,1,
1,1,4),(2,2),(0.299513972833854,0.306873424482006,0.314232876130158,0.317912601954234,
0.32159232777831,0.325272053602386,0.328951779426462,0.332631505250538,
0.336311231074614,0.339990956898691,0.343670682722767,0.347350408546843,
0.351030134370919,0.354709860194995,0.358389586019071,0.362069311843147,
0.365749037667223,0.373108489315376,0.380467940963528,0.38782739261168,
0.391507118435756,0.395186844259832,0.398866570083908,0.402546295907984,
0.406226021732061,0.409905747556137,0.413585473380213,0.417265199204289,
0.420944925028365,0.424624650852441,0.431984102500593,0.439343554148745,
0.443023279972821,0.446703005796898,0.450382731620974,0.45406245744505,
0.457742183269126,0.461421909093202,0.468781360741354,0.47246108656543,
0.476140812389506,0.479820538213583,0.483500264037659,0.490859715685811,
0.494539441509887,0.498219167333963,0.505578618982115,0.512938070630267,
0.52029752227842,0.523977248102496,0.527656973926572,0.531336699750648,
0.533176562662686,0.535016425574724),(0.,1.),.UNSPECIFIED.);
#392=B_SPLINE_SURFACE_WITH_KNOTS('',3,1,((#2008,#2009),(#2010,#2011),(#2012,
#2013),(#2014,#2015),(#2016,#2017),(#2018,#2019),(#2020,#2021),(#2022,#2023),
(#2024,#2025),(#2026,#2027),(#2028,#2029),(#2030,#2031),(#2032,#2033),(#2034,
#2035),(#2036,#2037),(#2038,#2039),(#2040,#2041),(#2042,#2043),(#2044,#2045),
(#2046,#2047),(#2048,#2049),(#2050,#2051),(#2052,#2053),(#2054,#2055),(#2056,
#2057),(#2058,#2059),(#2060,#2061),(#2062,#2063),(#2064,#2065),(#2066,#2067),
(#2068,#2069),(#2070,#2071),(#2072,#2073),(#2074,#2075),(#2076,#2077),(#2078,
#2079),(#2080,#2081),(#2082,#2083),(#2084,#2085),(#2086,#2087),(#2088,#2089),
(#2090,#2091),(#2092,#2093),(#2094,#2095),(#2096,#2097),(#2098,#2099),(#2100,
#2101),(#2102,#2103),(#2104,#2105),(#2106,#2107),(#2108,#2109),(#2110,#2111),
(#2112,#2113),(#2114,#2115),(#2116,#2117)),.SURF_OF_LINEAR_EXTRUSION.,.T.,
 .F.,.F.,(1,1,1,1,1,1,1,1,1,1,1,1,1,1,1,1,1,1,1,1,1,1,1,1,1,1,1,1,1,1,1,
1,1,1,1,1,1,1,1,1,1,1,1,1,1,1,1,1,1,1,1,1,1,1,1,1,1,1,1),(2,2),(-0.0498823116121228,
-0.0353364622343098,-0.014657037916866,0.,0.0212550978822089,0.0375562732662279,
0.0558372758340084,0.0705308105929671,0.0812866848276428,0.116282569270008,
0.132994163274893,0.149187737644994,0.165899329486516,0.18694405822067,
0.213575994654005,0.236213272713283,0.252269249327195,0.27548104973944,
0.28748568523512,0.315220042671555,0.338254532672278,0.358838711229274,
0.389635047304547,0.409963137632383,0.431474882044634,0.450585320916787,
0.47576683322309,0.495702556415557,0.512438815480328,0.533690904558924,
0.545044199675815,0.565467763654725,0.59153206343381,0.611390893962706,
0.628368021135321,0.64466919651934,0.666802538537002,0.688642800400211,
0.704470972830175,0.722808366817171,0.737501908623662,0.757925469385625,
0.78049279991719,0.80736577479257,0.824295547432848,0.83853173543168,0.85895529797143,
0.878858173585503,0.895951993676011,0.912663583276908,0.9240168783938,0.937326732767779,
0.950117688387877,0.96466353776569,0.985342962083134,1.,1.02125509788221,
1.03755627326623,1.05583727583401),(0.,1.),.UNSPECIFIED.);
#393=B_SPLINE_SURFACE_WITH_KNOTS('',3,1,((#3377,#3378),(#3379,#3380),(#3381,
#3382),(#3383,#3384),(#3385,#3386),(#3387,#3388),(#3389,#3390),(#3391,#3392),
(#3393,#3394),(#3395,#3396),(#3397,#3398),(#3399,#3400),(#3401,#3402),(#3403,
#3404),(#3405,#3406),(#3407,#3408),(#3409,#3410),(#3411,#3412),(#3413,#3414),
(#3415,#3416),(#3417,#3418),(#3419,#3420),(#3421,#3422)),
 .SURF_OF_LINEAR_EXTRUSION.,.F.,.F.,.F.,(4,1,1,1,1,1,1,1,1,1,1,1,1,1,1,
1,1,1,1,1,4),(2,2),(0.321366643458748,0.325774261932294,0.330181880405841,
0.332385689642614,0.334589498879387,0.33679330811616,0.338997117352934,
0.341200926589707,0.34340473582648,0.345608545063253,0.347812354300027,
0.352219972773573,0.35662759124712,0.361035209720666,0.365442828194212,
0.369850446667759,0.374258065141305,0.378665683614852,0.383073302088398,
0.387480920561944,0.391888539035491),(0.,1.),.UNSPECIFIED.);
#394=B_SPLINE_SURFACE_WITH_KNOTS('',3,1,((#3425,#3426),(#3427,#3428),(#3429,
#3430),(#3431,#3432),(#3433,#3434),(#3435,#3436),(#3437,#3438),(#3439,#3440),
(#3441,#3442),(#3443,#3444),(#3445,#3446),(#3447,#3448),(#3449,#3450),(#3451,
#3452),(#3453,#3454),(#3455,#3456),(#3457,#3458),(#3459,#3460),(#3461,#3462),
(#3463,#3464),(#3465,#3466),(#3467,#3468),(#3469,#3470),(#3471,#3472),(#3473,
#3474),(#3475,#3476),(#3477,#3478),(#3479,#3480),(#3481,#3482),(#3483,#3484)),
 .SURF_OF_LINEAR_EXTRUSION.,.F.,.F.,.F.,(4,1,1,1,1,1,1,1,1,1,1,1,1,1,1,
1,1,1,1,1,1,1,1,1,1,1,1,4),(2,2),(0.427011837756379,0.433263694077632,0.436389622238259,
0.439515550398885,0.442641478559512,0.445767406720139,0.448893334880765,
0.452019263041392,0.455145191202018,0.458271119362645,0.461397047523271,
0.464522975683898,0.467648903844525,0.470774832005151,0.473900760165778,
0.477026688326404,0.480152616487031,0.483278544647658,0.486404472808284,
0.489530400968911,0.492656329129537,0.495782257290164,0.498908185450791,
0.502034113611417,0.508285969932671,0.514537826253924,0.520789682575177,
0.52704153889643),(0.,1.),.UNSPECIFIED.);
#395=B_SPLINE_SURFACE_WITH_KNOTS('',3,1,((#3486,#3487),(#3488,#3489),(#3490,
#3491),(#3492,#3493),(#3494,#3495),(#3496,#3497),(#3498,#3499),(#3500,#3501),
(#3502,#3503),(#3504,#3505),(#3506,#3507),(#3508,#3509),(#3510,#3511),(#3512,
#3513),(#3514,#3515),(#3516,#3517),(#3518,#3519),(#3520,#3521),(#3522,#3523),
(#3524,#3525),(#3526,#3527),(#3528,#3529),(#3530,#3531),(#3532,#3533),(#3534,
#3535),(#3536,#3537),(#3538,#3539),(#3540,#3541),(#3542,#3543),(#3544,#3545),
(#3546,#3547),(#3548,#3549)),.SURF_OF_LINEAR_EXTRUSION.,.F.,.F.,.F.,(4,
1,1,1,1,1,1,1,1,1,1,1,1,1,1,1,1,1,1,1,1,1,1,1,1,1,1,1,1,4),(2,2),(0.564019749839904,
0.56867234059888,0.573324931357856,0.577977522116832,0.582630112875808,
0.587282703634784,0.589608999014272,0.59193529439376,0.596587885152736,
0.601240475911712,0.605893066670688,0.610545657429663,0.612871952809152,
0.615198248188639,0.617524543568127,0.619850838947615,0.622177134327103,
0.623340282016847,0.624503429706591,0.625666577396335,0.626829725086079,
0.627992872775823,0.629156020465567,0.630319168155311,0.631482315845055,
0.632645463534799,0.633808611224543,0.634971758914287,0.636134906604031,
0.638461201983519),(0.,1.),.UNSPECIFIED.);
#396=B_SPLINE_SURFACE_WITH_KNOTS('',3,1,((#3553,#3554),(#3555,#3556),(#3557,
#3558),(#3559,#3560),(#3561,#3562),(#3563,#3564),(#3565,#3566),(#3567,#3568),
(#3569,#3570),(#3571,#3572),(#3573,#3574),(#3575,#3576),(#3577,#3578),(#3579,
#3580),(#3581,#3582),(#3583,#3584),(#3585,#3586),(#3587,#3588)),
 .SURF_OF_LINEAR_EXTRUSION.,.F.,.F.,.F.,(4,1,1,1,1,1,1,1,1,1,1,1,1,1,1,
4),(2,2),(0.722599953069407,0.725986227674381,0.729372502279355,0.732758776884329,
0.736145051489303,0.739531326094277,0.742917600699251,0.746303875304225,
0.749690149909199,0.753076424514174,0.756462699119148,0.759848973724122,
0.763235248329096,0.76662152293407,0.770007797539044,0.776780346748992),
(0.,1.),.UNSPECIFIED.);
#397=B_SPLINE_SURFACE_WITH_KNOTS('',3,1,((#3590,#3591),(#3592,#3593),(#3594,
#3595),(#3596,#3597),(#3598,#3599),(#3600,#3601),(#3602,#3603),(#3604,#3605),
(#3606,#3607),(#3608,#3609),(#3610,#3611),(#3612,#3613),(#3614,#3615),(#3616,
#3617),(#3618,#3619),(#3620,#3621),(#3622,#3623),(#3624,#3625),(#3626,#3627),
(#3628,#3629),(#3630,#3631),(#3632,#3633),(#3634,#3635),(#3636,#3637),(#3638,
#3639),(#3640,#3641),(#3642,#3643),(#3644,#3645),(#3646,#3647),(#3648,#3649)),
 .SURF_OF_LINEAR_EXTRUSION.,.F.,.F.,.F.,(4,1,1,1,1,1,1,1,1,1,1,1,1,1,1,
1,1,1,1,1,1,1,1,1,1,1,1,4),(2,2),(0.829220015252177,0.831510462978657,0.833800910705137,
0.836091358431617,0.837236582294856,0.838381806158096,0.839527030021336,
0.840672253884576,0.841817477747816,0.842962701611056,0.845253149337536,
0.847543597064016,0.849834044790496,0.852124492516976,0.854414940243456,
0.856705387969935,0.858995835696415,0.861286283422895,0.865867178875855,
0.870448074328815,0.875028969781774,0.877319417508254,0.879609865234734,
0.881900312961214,0.884190760687694,0.893352551593613,0.897933447046573,
0.902514342499533),(0.,1.),.UNSPECIFIED.);
#398=B_SPLINE_SURFACE_WITH_KNOTS('',3,1,((#3653,#3654),(#3655,#3656),(#3657,
#3658),(#3659,#3660),(#3661,#3662),(#3663,#3664),(#3665,#3666),(#3667,#3668),
(#3669,#3670),(#3671,#3672),(#3673,#3674),(#3675,#3676),(#3677,#3678),(#3679,
#3680),(#3681,#3682),(#3683,#3684)),.SURF_OF_LINEAR_EXTRUSION.,.F.,.F.,
 .F.,(4,1,1,1,1,1,1,1,1,1,1,1,1,4),(2,2),(0.955347999811526,0.956970532800391,
0.958593065789257,0.960215598778122,0.961026865272554,0.961838131766987,
0.962649398261419,0.963460664755852,0.964271931250285,0.965083197744717,
0.96589446423915,0.966705730733583,0.967516997228015,0.968328263722448),
(0.,1.),.UNSPECIFIED.);
#399=B_SPLINE_SURFACE_WITH_KNOTS('',3,1,((#3686,#3687),(#3688,#3689),(#3690,
#3691),(#3692,#3693),(#3694,#3695),(#3696,#3697),(#3698,#3699),(#3700,#3701),
(#3702,#3703),(#3704,#3705),(#3706,#3707),(#3708,#3709),(#3710,#3711),(#3712,
#3713),(#3714,#3715),(#3716,#3717),(#3718,#3719),(#3720,#3721),(#3722,#3723),
(#3724,#3725),(#3726,#3727),(#3728,#3729),(#3730,#3731),(#3732,#3733),(#3734,
#3735),(#3736,#3737),(#3738,#3739),(#3740,#3741),(#3742,#3743),(#3744,#3745),
(#3746,#3747),(#3748,#3749),(#3750,#3751),(#3752,#3753),(#3754,#3755),(#3756,
#3757),(#3758,#3759),(#3760,#3761),(#3762,#3763),(#3764,#3765),(#3766,#3767),
(#3768,#3769),(#3770,#3771),(#3772,#3773),(#3774,#3775),(#3776,#3777),(#3778,
#3779),(#3780,#3781),(#3782,#3783),(#3784,#3785),(#3786,#3787),(#3788,#3789),
(#3790,#3791)),.SURF_OF_LINEAR_EXTRUSION.,.F.,.F.,.F.,(4,1,1,1,1,1,1,1,
1,1,1,1,1,1,1,1,1,1,1,1,1,1,1,1,1,1,1,1,1,1,1,1,1,1,1,1,1,1,1,1,1,1,1,1,
1,1,1,1,1,1,4),(2,2),(0.999751092281239,1.00010014638905,1.00044920049686,
1.00079825460468,1.00114730871249,1.0014963628203,1.00184541692811,1.00219447103593,
1.00254352514374,1.00324163335936,1.00393974157499,1.00533595800624,1.00673217443749,
1.00812839086874,1.00952460729999,1.01092082373124,1.01371325659374,1.01650568945624,
1.01929812231874,1.02069433874999,1.02209055518124,1.02488298804374,1.02627920447499,
1.02767542090624,1.02907163733749,1.03046785376874,1.03186407019999,1.03256217841561,
1.03326028663124,1.03395839484686,1.03430744895467,1.03465650306249,1.0350055571703,
1.03535461127811,1.03570366538592,1.03605271949374,1.03675082770936,1.03709988181717,
1.03744893592499,1.03762346297889,1.0377979900328,1.03814704414061,1.03832157119452,
1.03849609824842,1.03884515235624,1.03919420646405,1.03954326057186,1.04024136878749,
1.04163758521874,1.04303380164999,1.04443001808124),(0.,1.),
 .UNSPECIFIED.);
#400=B_SPLINE_SURFACE_WITH_KNOTS('',3,1,((#3795,#3796),(#3797,#3798),(#3799,
#3800),(#3801,#3802),(#3803,#3804),(#3805,#3806),(#3807,#3808),(#3809,#3810),
(#3811,#3812),(#3813,#3814),(#3815,#3816),(#3817,#3818),(#3819,#3820),(#3821,
#3822),(#3823,#3824),(#3825,#3826),(#3827,#3828),(#3829,#3830),(#3831,#3832),
(#3833,#3834),(#3835,#3836),(#3837,#3838),(#3839,#3840),(#3841,#3842),(#3843,
#3844),(#3845,#3846),(#3847,#3848),(#3849,#3850),(#3851,#3852),(#3853,#3854)),
 .SURF_OF_LINEAR_EXTRUSION.,.F.,.F.,.F.,(4,1,1,1,1,1,1,1,1,1,1,1,1,1,1,
1,1,1,1,1,1,1,1,1,1,1,1,4),(2,2),(0.0914922850400798,0.0983001867066511,
0.105108088373222,0.108512039206508,0.111915990039794,0.115319940873079,
0.117021916289722,0.118723891706365,0.120425867123008,0.122127842539651,
0.123829817956294,0.125531793372936,0.127233768789579,0.128084756497901,
0.128935744206222,0.129786731914544,0.130637719622865,0.131488707331186,
0.132339695039508,0.133190682747829,0.134041670456151,0.134892658164472,
0.135743645872793,0.137445621289436,0.139147596706079,0.140849572122722,
0.142551547539365,0.14595549837265),(0.,1.),.UNSPECIFIED.);
#401=B_SPLINE_SURFACE_WITH_KNOTS('',3,1,((#3856,#3857),(#3858,#3859),(#3860,
#3861),(#3862,#3863),(#3864,#3865),(#3866,#3867),(#3868,#3869),(#3870,#3871),
(#3872,#3873),(#3874,#3875),(#3876,#3877),(#3878,#3879),(#3880,#3881),(#3882,
#3883)),.SURF_OF_LINEAR_EXTRUSION.,.F.,.F.,.F.,(4,1,1,1,1,1,1,1,1,1,1,4),
(2,2),(0.200394938088489,0.20691903183457,0.213443125580651,0.219967219326732,
0.226491313072813,0.233015406818894,0.236277453691935,0.239539500564975,
0.242801547438016,0.246063594311056,0.249325641184097,0.252587688057137),
(0.,1.),.UNSPECIFIED.);
#402=ADVANCED_FACE('',(#356),#384,.T.);
#403=ADVANCED_FACE('',(#357),#385,.T.);
#404=ADVANCED_FACE('',(#358),#386,.T.);
#405=ADVANCED_FACE('',(#359),#387,.T.);
#406=ADVANCED_FACE('',(#360),#388,.T.);
#407=ADVANCED_FACE('',(#361),#389,.T.);
#408=ADVANCED_FACE('',(#362),#390,.T.);
#409=ADVANCED_FACE('',(#363),#391,.T.);
#410=ADVANCED_FACE('',(#364,#365),#392,.F.);
#411=ADVANCED_FACE('',(#366,#367),#21,.F.);
#412=ADVANCED_FACE('',(#368,#369),#22,.F.);
#413=ADVANCED_FACE('',(#370,#371),#23,.T.);
#414=ADVANCED_FACE('',(#372),#393,.F.);
#415=ADVANCED_FACE('',(#373),#394,.F.);
#416=ADVANCED_FACE('',(#374),#395,.F.);
#417=ADVANCED_FACE('',(#375),#12,.F.);
#418=ADVANCED_FACE('',(#376),#396,.F.);
#419=ADVANCED_FACE('',(#377),#397,.F.);
#420=ADVANCED_FACE('',(#378),#13,.T.);
#421=ADVANCED_FACE('',(#379),#398,.F.);
#422=ADVANCED_FACE('',(#380),#399,.F.);
#423=ADVANCED_FACE('',(#381),#14,.T.);
#424=ADVANCED_FACE('',(#382),#400,.F.);
#425=ADVANCED_FACE('',(#383),#401,.F.);
#426=CLOSED_SHELL('',(#402,#403,#404,#405,#406,#407,#408,#409,#410,#411,
#412,#413,#414,#415,#416,#417,#418,#419,#420,#421,#422,#423,#424,#425));
#427=STYLED_ITEM('',(#428),#435);
#428=PRESENTATION_STYLE_ASSIGNMENT((#429));
#429=SURFACE_STYLE_USAGE(.BOTH.,#430);
#430=SURFACE_SIDE_STYLE('',(#431));
#431=SURFACE_STYLE_FILL_AREA(#432);
#432=FILL_AREA_STYLE('',(#433));
#433=FILL_AREA_STYLE_COLOUR('',#434);
#434=COLOUR_RGB('',0.615686274509804,0.811764705882353,0.929411764705882);
#435=MANIFOLD_SOLID_BREP('Part 1',#426);
#436=SHAPE_DEFINITION_REPRESENTATION(#3890,#437);
#437=SHAPE_REPRESENTATION('Part 1',(#438),#3885);
#438=AXIS2_PLACEMENT_3D('',#497,#451,#452);
#439=AXIS2_PLACEMENT_3D('',#2230,#461,#462);
#440=AXIS2_PLACEMENT_3D('',#2231,#463,#464);
#441=AXIS2_PLACEMENT_3D('',#2380,#465,#466);
#442=AXIS2_PLACEMENT_3D('',#2552,#467,#468);
#443=AXIS2_PLACEMENT_3D('',#2663,#469,#470);
#444=AXIS2_PLACEMENT_3D('',#2804,#471,#472);
#445=AXIS2_PLACEMENT_3D('',#2995,#473,#474);
#446=AXIS2_PLACEMENT_3D('',#3106,#475,#476);
#447=AXIS2_PLACEMENT_3D('',#3278,#477,#478);
#448=AXIS2_PLACEMENT_3D('',#3551,#483,#484);
#449=AXIS2_PLACEMENT_3D('',#3651,#488,#489);
#450=AXIS2_PLACEMENT_3D('',#3793,#493,#494);
#451=DIRECTION('',(0.,0.,1.));
#452=DIRECTION('',(1.,0.,0.));
#453=DIRECTION('',(0.,0.,-1.));
#454=DIRECTION('',(0.,0.,-1.));
#455=DIRECTION('',(0.,0.,-1.));
#456=DIRECTION('',(0.,0.,-1.));
#457=DIRECTION('',(0.,0.,-1.));
#458=DIRECTION('',(0.,0.,-1.));
#459=DIRECTION('',(0.,0.,-1.));
#460=DIRECTION('',(0.,0.,-1.));
#461=DIRECTION('',(0.,0.,-1.));
#462=DIRECTION('',(-1.,0.,0.));
#463=DIRECTION('',(0.,0.,-1.));
#464=DIRECTION('',(-1.,0.,0.));
#465=DIRECTION('',(0.,0.,1.));
#466=DIRECTION('',(1.,0.,0.));
#467=DIRECTION('',(0.,0.,1.));
#468=DIRECTION('',(1.,0.,0.));
#469=DIRECTION('',(0.,0.,1.));
#470=DIRECTION('',(1.,0.,0.));
#471=DIRECTION('',(0.,0.,-1.));
#472=DIRECTION('',(-1.,0.,0.));
#473=DIRECTION('',(0.,0.,1.));
#474=DIRECTION('',(1.,0.,0.));
#475=DIRECTION('',(0.,0.,1.));
#476=DIRECTION('',(1.,0.,0.));
#477=DIRECTION('',(0.,0.,1.));
#478=DIRECTION('',(1.,0.,0.));
#479=DIRECTION('',(0.,0.,1.));
#480=DIRECTION('',(0.,0.,1.));
#481=DIRECTION('',(0.,0.,1.));
#482=DIRECTION('',(0.,0.,1.));
#483=DIRECTION('',(0.,0.,1.));
#484=DIRECTION('',(0.679554508018615,-0.733625020450896,0.));
#485=DIRECTION('',(0.,0.,1.));
#486=DIRECTION('',(0.,0.,1.));
#487=DIRECTION('',(0.,0.,1.));
#488=DIRECTION('',(0.,0.,1.));
#489=DIRECTION('',(-0.998402421246498,0.056503143710161,0.));
#490=DIRECTION('',(0.,0.,1.));
#491=DIRECTION('',(0.,0.,1.));
#492=DIRECTION('',(0.,0.,1.));
#493=DIRECTION('',(0.,0.,1.));
#494=DIRECTION('',(0.992612606982251,-0.121326882676098,0.));
#495=DIRECTION('',(0.,0.,1.));
#496=DIRECTION('',(0.,0.,1.));
#497=CARTESIAN_POINT('',(0.,0.,0.));
#498=CARTESIAN_POINT('',(-0.0134991727034951,-0.0323893201906195,0.0127));
#499=CARTESIAN_POINT('',(-0.0134991727034951,-0.0323893201906195,0.));
#500=CARTESIAN_POINT('',(-0.0141275601181324,-0.0322834856526447,0.0127));
#501=CARTESIAN_POINT('',(-0.0141275601181324,-0.0322834856526447,0.));
#502=CARTESIAN_POINT('',(-0.0158814049494341,-0.0320960993353123,0.0127));
#503=CARTESIAN_POINT('',(-0.0158814049494341,-0.0320960993353123,1.73472347597681E-18));
#504=CARTESIAN_POINT('',(-0.0190639669333949,-0.0315179904135435,0.0127));
#505=CARTESIAN_POINT('',(-0.0190639669333949,-0.0315179904135435,0.));
#506=CARTESIAN_POINT('',(-0.0220036429196909,-0.030596807893252,0.0127));
#507=CARTESIAN_POINT('',(-0.0220036429196909,-0.030596807893252,1.73472347597681E-18));
#508=CARTESIAN_POINT('',(-0.0242626458415323,-0.0297422783371176,0.0127));
#509=CARTESIAN_POINT('',(-0.0242626458415323,-0.0297422783371176,5.20417042793042E-18));
#510=CARTESIAN_POINT('',(-0.0259030612557763,-0.0290808490144088,0.0127));
#511=CARTESIAN_POINT('',(-0.0259030612557763,-0.0290808490144088,-1.73472347597681E-18));
#512=CARTESIAN_POINT('',(-0.0273884586918177,-0.0284779211953725,0.0127));
#513=CARTESIAN_POINT('',(-0.0273884586918177,-0.0284779211953725,5.20417042793042E-18));
#514=CARTESIAN_POINT('',(-0.0287845022865623,-0.0279245607028443,0.0127));
#515=CARTESIAN_POINT('',(-0.0287845022865623,-0.0279245607028443,3.46944695195361E-18));
#516=CARTESIAN_POINT('',(-0.0301963411131671,-0.0271932311070055,0.0127));
#517=CARTESIAN_POINT('',(-0.0301963411131671,-0.0271932311070055,3.46944695195361E-18));
#518=CARTESIAN_POINT('',(-0.031241947315986,-0.0265075500180239,0.0127));
#519=CARTESIAN_POINT('',(-0.031241947315986,-0.0265075500180239,1.73472347597681E-18));
#520=CARTESIAN_POINT('',(-0.0322538079986379,-0.0256409789811242,0.0127));
#521=CARTESIAN_POINT('',(-0.0322538079986379,-0.0256409789811242,-3.46944695195361E-18));
#522=CARTESIAN_POINT('',(-0.0331854303271952,-0.0245989992319543,0.0127));
#523=CARTESIAN_POINT('',(-0.0331854303271952,-0.0245989992319543,1.73472347597681E-18));
#524=CARTESIAN_POINT('',(-0.033847521391964,-0.0236531834114044,0.0127));
#525=CARTESIAN_POINT('',(-0.033847521391964,-0.0236531834114044,0.));
#526=CARTESIAN_POINT('',(-0.0342832862678333,-0.0228479349891113,0.0127));
#527=CARTESIAN_POINT('',(-0.0342832862678333,-0.0228479349891113,1.73472347597681E-18));
#528=CARTESIAN_POINT('',(-0.034552584426055,-0.0222034149075563,0.0127));
#529=CARTESIAN_POINT('',(-0.034552584426055,-0.0222034149075563,3.46944695195361E-18));
#530=CARTESIAN_POINT('',(-0.0347439748731755,-0.0214809193223054,0.0127));
#531=CARTESIAN_POINT('',(-0.0347439748731755,-0.0214809193223054,3.46944695195361E-18));
#532=CARTESIAN_POINT('',(-0.0347838926635812,-0.0207334423439372,0.0127));
#533=CARTESIAN_POINT('',(-0.0347838926635812,-0.0207334423439372,-5.20417042793042E-18));
#534=CARTESIAN_POINT('',(-0.0346292754816457,-0.0200211899438902,0.0127));
#535=CARTESIAN_POINT('',(-0.0346292754816457,-0.0200211899438902,3.46944695195361E-18));
#536=CARTESIAN_POINT('',(-0.0343621983122972,-0.0194494509274055,0.0127));
#537=CARTESIAN_POINT('',(-0.0343621983122972,-0.0194494509274055,-3.46944695195361E-18));
#538=CARTESIAN_POINT('',(-0.0339670907439869,-0.0189697203524799,0.0127));
#539=CARTESIAN_POINT('',(-0.0339670907439869,-0.0189697203524799,1.73472347597681E-18));
#540=CARTESIAN_POINT('',(-0.0334031979933962,-0.0185293890128669,0.0127));
#541=CARTESIAN_POINT('',(-0.0334031979933962,-0.0185293890128669,5.20417042793042E-18));
#542=CARTESIAN_POINT('',(-0.0327598148139584,-0.0182559404990071,0.0127));
#543=CARTESIAN_POINT('',(-0.0327598148139584,-0.0182559404990071,-3.46944695195361E-18));
#544=CARTESIAN_POINT('',(-0.0321281828608864,-0.0181059793331909,0.0127));
#545=CARTESIAN_POINT('',(-0.0321281828608864,-0.0181059793331909,3.46944695195361E-18));
#546=CARTESIAN_POINT('',(-0.0315665078728204,-0.0180238677055433,0.0127));
#547=CARTESIAN_POINT('',(-0.0315665078728204,-0.0180238677055433,-3.46944695195361E-18));
#548=CARTESIAN_POINT('',(-0.0308782246743802,-0.0179492004763211,0.0127));
#549=CARTESIAN_POINT('',(-0.0308782246743802,-0.0179492004763211,6.93889390390723E-18));
#550=CARTESIAN_POINT('',(-0.0302705359805976,-0.0178795091540544,0.0127));
#551=CARTESIAN_POINT('',(-0.0302705359805976,-0.0178795091540544,-3.46944695195361E-18));
#552=CARTESIAN_POINT('',(-0.0298009741849156,-0.0177760660309484,0.0127));
#553=CARTESIAN_POINT('',(-0.0298009741849156,-0.0177760660309484,0.));
#554=CARTESIAN_POINT('',(-0.0294733737905059,-0.0176670109363226,0.0127));
#555=CARTESIAN_POINT('',(-0.0294733737905059,-0.0176670109363226,1.73472347597681E-18));
#556=CARTESIAN_POINT('',(-0.0290185841917094,-0.0174282934765787,0.0127));
#557=CARTESIAN_POINT('',(-0.0290185841917094,-0.0174282934765787,1.73472347597681E-18));
#558=CARTESIAN_POINT('',(-0.0283604037072002,-0.0169223714216676,0.0127));
#559=CARTESIAN_POINT('',(-0.0283604037072002,-0.0169223714216676,0.));
#560=CARTESIAN_POINT('',(-0.0275833019915171,-0.016204754103852,0.0127));
#561=CARTESIAN_POINT('',(-0.0275833019915171,-0.016204754103852,1.73472347597681E-18));
#562=CARTESIAN_POINT('',(-0.0266699181424555,-0.0153305588019071,0.0127));
#563=CARTESIAN_POINT('',(-0.0266699181424555,-0.0153305588019071,3.46944695195361E-18));
#564=CARTESIAN_POINT('',(-0.0255922500569345,-0.0143680485451511,0.0127));
#565=CARTESIAN_POINT('',(-0.0255922500569345,-0.0143680485451511,0.));
#566=CARTESIAN_POINT('',(-0.0238285313844708,-0.0130713661053004,0.0127));
#567=CARTESIAN_POINT('',(-0.0238285313844708,-0.0130713661053004,0.));
#568=CARTESIAN_POINT('',(-0.0224613315549978,-0.0123015784647801,0.0127));
#569=CARTESIAN_POINT('',(-0.0224613315549978,-0.0123015784647801,0.));
#570=CARTESIAN_POINT('',(-0.0216982195154371,-0.0118482213256315,0.0127));
#571=CARTESIAN_POINT('',(-0.0216982195154371,-0.0118482213256315,0.));
#572=CARTESIAN_POINT('',(-0.0134991727034951,-0.0323893201906195,0.));
#573=CARTESIAN_POINT('',(-0.0138133664108137,-0.0323364029216321,0.));
#574=CARTESIAN_POINT('',(-0.0145711640971822,-0.0322317565292841,0.));
#575=CARTESIAN_POINT('',(-0.0157198150381329,-0.0320860467809235,0.));
#576=CARTESIAN_POINT('',(-0.0167102123287303,-0.0319385477715328,0.));
#577=CARTESIAN_POINT('',(-0.0174823669382192,-0.0318054469130167,0.));
#578=CARTESIAN_POINT('',(-0.0182605477248871,-0.0316451626360651,0.));
#579=CARTESIAN_POINT('',(-0.0192800325470439,-0.0314035259183561,0.));
#580=CARTESIAN_POINT('',(-0.0205292574589325,-0.0310546257613144,0.));
#581=CARTESIAN_POINT('',(-0.0219757520780737,-0.0305843808979873,0.));
#582=CARTESIAN_POINT('',(-0.0233607192668314,-0.0300844450591791,0.));
#583=CARTESIAN_POINT('',(-0.0246731378470654,-0.0295764345054148,0.));
#584=CARTESIAN_POINT('',(-0.0256953846860547,-0.0291647725166553,0.));
#585=CARTESIAN_POINT('',(-0.0264647320211918,-0.028852607676041,0.));
#586=CARTESIAN_POINT('',(-0.0270112477712884,-0.0286319464500707,0.));
#587=CARTESIAN_POINT('',(-0.02754825596985,-0.0284163090877199,0.));
#588=CARTESIAN_POINT('',(-0.0282579951378688,-0.0281255502305501,0.));
#589=CARTESIAN_POINT('',(-0.0291387547687994,-0.0277413563602937,0.));
#590=CARTESIAN_POINT('',(-0.0301958072883298,-0.0271935708258764,0.));
#591=CARTESIAN_POINT('',(-0.0310682927478467,-0.0266210643760888,0.));
#592=CARTESIAN_POINT('',(-0.0317468807840846,-0.0260755750379777,0.));
#593=CARTESIAN_POINT('',(-0.0322437263949125,-0.0256191144302262,0.));
#594=CARTESIAN_POINT('',(-0.0327208232739991,-0.0251184324155916,0.));
#595=CARTESIAN_POINT('',(-0.0331680695908984,-0.024587861372098,0.));
#596=CARTESIAN_POINT('',(-0.0335823672747436,-0.0240311182522524,0.));
#597=CARTESIAN_POINT('',(-0.0339565297490255,-0.0234520001424369,0.));
#598=CARTESIAN_POINT('',(-0.0342833354067704,-0.0228478111300586,0.));
#599=CARTESIAN_POINT('',(-0.034552320732213,-0.0222037815071603,0.));
#600=CARTESIAN_POINT('',(-0.0347128705467073,-0.0216002775703116,0.));
#601=CARTESIAN_POINT('',(-0.0347665489396939,-0.0210342636445272,0.));
#602=CARTESIAN_POINT('',(-0.0347460501116313,-0.0205554679862325,0.));
#603=CARTESIAN_POINT('',(-0.0346471792813009,-0.0201084150522198,0.));
#604=CARTESIAN_POINT('',(-0.0344981365748208,-0.0197385542822037,0.));
#605=CARTESIAN_POINT('',(-0.0343458691619626,-0.0194606392456622,0.));
#606=CARTESIAN_POINT('',(-0.034163546252149,-0.0192076027411375,0.));
#607=CARTESIAN_POINT('',(-0.0338971617962079,-0.0189158453758451,0.));
#608=CARTESIAN_POINT('',(-0.033544643746603,-0.0186388883744435,0.));
#609=CARTESIAN_POINT('',(-0.0331433797972424,-0.0184208270769841,0.));
#610=CARTESIAN_POINT('',(-0.0326559669755749,-0.0182304764215789,0.));
#611=CARTESIAN_POINT('',(-0.032127690098621,-0.0181061269330133,0.));
#612=CARTESIAN_POINT('',(-0.0315666713848737,-0.0180238714859686,0.));
#613=CARTESIAN_POINT('',(-0.0310501341880419,-0.0179677045621028,0.));
#614=CARTESIAN_POINT('',(-0.030574861959229,-0.0179150019208578,0.));
#615=CARTESIAN_POINT('',(-0.0301530292638644,-0.017853476548461,0.));
#616=CARTESIAN_POINT('',(-0.0298009576244259,-0.0177761062245462,0.));
#617=CARTESIAN_POINT('',(-0.0295554563988797,-0.017694285760405,0.));
#618=CARTESIAN_POINT('',(-0.0292907444723913,-0.0175714395571234,0.));
#619=CARTESIAN_POINT('',(-0.0290046493260389,-0.0174007635074302,0.));
#620=CARTESIAN_POINT('',(-0.0286897304077555,-0.0171758061694093,0.));
#621=CARTESIAN_POINT('',(-0.0282307870260335,-0.0168024921161878,0.));
#622=CARTESIAN_POINT('',(-0.0275830172569888,-0.0162048732750161,0.));
#623=CARTESIAN_POINT('',(-0.0268231027161029,-0.0154761769245825,0.));
#624=CARTESIAN_POINT('',(-0.026129423968754,-0.0148494258090643,0.));
#625=CARTESIAN_POINT('',(-0.0256551913559779,-0.0144471885999986,0.));
#626=CARTESIAN_POINT('',(-0.0252489604768783,-0.0141243202070764,0.));
#627=CARTESIAN_POINT('',(-0.0249291490911036,-0.0138821061256966,0.));
#628=CARTESIAN_POINT('',(-0.024597693950912,-0.0136443808255492,0.));
#629=CARTESIAN_POINT('',(-0.0241538877046093,-0.0133409142573308,0.));
#630=CARTESIAN_POINT('',(-0.0235944386508828,-0.0129807919341689,0.));
#631=CARTESIAN_POINT('',(-0.0227098591656235,-0.0124416387707532,0.));
#632=CARTESIAN_POINT('',(-0.0220797755352174,-0.0120748998952058,0.));
#633=CARTESIAN_POINT('',(-0.0216982195154371,-0.0118482213256315,0.));
#634=CARTESIAN_POINT('',(-0.0134991727034951,-0.0323893201906196,0.));
#635=CARTESIAN_POINT('',(-0.021698219515437,-0.0118482213256315,0.));
#636=CARTESIAN_POINT('',(-0.0134991727034951,-0.0323893201906196,0.0127));
#637=CARTESIAN_POINT('',(-0.0134991727034951,-0.0323893201906196,0.0127));
#638=CARTESIAN_POINT('',(-0.0134991727034951,-0.0323893201906195,0.0127));
#639=CARTESIAN_POINT('',(-0.0138133664108137,-0.0323364029216321,0.0127));
#640=CARTESIAN_POINT('',(-0.0145711640971822,-0.0322317565292841,0.0127));
#641=CARTESIAN_POINT('',(-0.0157198150381329,-0.0320860467809235,0.0127));
#642=CARTESIAN_POINT('',(-0.0167102123287303,-0.0319385477715328,0.0127));
#643=CARTESIAN_POINT('',(-0.0174823669382192,-0.0318054469130167,0.0127));
#644=CARTESIAN_POINT('',(-0.0182605477248871,-0.0316451626360651,0.0127));
#645=CARTESIAN_POINT('',(-0.0192800325470439,-0.0314035259183561,0.0127));
#646=CARTESIAN_POINT('',(-0.0205292574589325,-0.0310546257613144,0.0127));
#647=CARTESIAN_POINT('',(-0.0219757520780737,-0.0305843808979873,0.0127));
#648=CARTESIAN_POINT('',(-0.0233607192668314,-0.0300844450591791,0.0127));
#649=CARTESIAN_POINT('',(-0.0246731378470654,-0.0295764345054148,0.0127));
#650=CARTESIAN_POINT('',(-0.0256953846860547,-0.0291647725166553,0.0127));
#651=CARTESIAN_POINT('',(-0.0264647320211918,-0.028852607676041,0.0127));
#652=CARTESIAN_POINT('',(-0.0270112477712884,-0.0286319464500707,0.0127));
#653=CARTESIAN_POINT('',(-0.02754825596985,-0.0284163090877199,0.0127));
#654=CARTESIAN_POINT('',(-0.0282579951378688,-0.0281255502305501,0.0127));
#655=CARTESIAN_POINT('',(-0.0291387547687994,-0.0277413563602937,0.0127));
#656=CARTESIAN_POINT('',(-0.0301958072883298,-0.0271935708258764,0.0127));
#657=CARTESIAN_POINT('',(-0.0310682927478467,-0.0266210643760888,0.0127));
#658=CARTESIAN_POINT('',(-0.0317468807840846,-0.0260755750379777,0.0127));
#659=CARTESIAN_POINT('',(-0.0322437263949125,-0.0256191144302262,0.0127));
#660=CARTESIAN_POINT('',(-0.0327208232739991,-0.0251184324155916,0.0127));
#661=CARTESIAN_POINT('',(-0.0331680695908984,-0.024587861372098,0.0127));
#662=CARTESIAN_POINT('',(-0.0335823672747436,-0.0240311182522524,0.0127));
#663=CARTESIAN_POINT('',(-0.0339565297490255,-0.0234520001424369,0.0127));
#664=CARTESIAN_POINT('',(-0.0342833354067704,-0.0228478111300586,0.0127));
#665=CARTESIAN_POINT('',(-0.034552320732213,-0.0222037815071603,0.0127));
#666=CARTESIAN_POINT('',(-0.0347128705467073,-0.0216002775703116,0.0127));
#667=CARTESIAN_POINT('',(-0.0347665489396939,-0.0210342636445272,0.0127));
#668=CARTESIAN_POINT('',(-0.0347460501116313,-0.0205554679862325,0.0127));
#669=CARTESIAN_POINT('',(-0.0346471792813009,-0.0201084150522198,0.0127));
#670=CARTESIAN_POINT('',(-0.0344981365748208,-0.0197385542822037,0.0127));
#671=CARTESIAN_POINT('',(-0.0343458691619626,-0.0194606392456622,0.0127));
#672=CARTESIAN_POINT('',(-0.034163546252149,-0.0192076027411375,0.0127));
#673=CARTESIAN_POINT('',(-0.0338971617962079,-0.0189158453758451,0.0127));
#674=CARTESIAN_POINT('',(-0.033544643746603,-0.0186388883744435,0.0127));
#675=CARTESIAN_POINT('',(-0.0331433797972424,-0.0184208270769841,0.0127));
#676=CARTESIAN_POINT('',(-0.0326559669755749,-0.0182304764215789,0.0127));
#677=CARTESIAN_POINT('',(-0.032127690098621,-0.0181061269330133,0.0127));
#678=CARTESIAN_POINT('',(-0.0315666713848737,-0.0180238714859686,0.0127));
#679=CARTESIAN_POINT('',(-0.0310501341880419,-0.0179677045621028,0.0127));
#680=CARTESIAN_POINT('',(-0.030574861959229,-0.0179150019208578,0.0127));
#681=CARTESIAN_POINT('',(-0.0301530292638644,-0.017853476548461,0.0127));
#682=CARTESIAN_POINT('',(-0.0298009576244259,-0.0177761062245462,0.0127));
#683=CARTESIAN_POINT('',(-0.0295554563988797,-0.017694285760405,0.0127));
#684=CARTESIAN_POINT('',(-0.0292907444723913,-0.0175714395571234,0.0127));
#685=CARTESIAN_POINT('',(-0.0290046493260389,-0.0174007635074302,0.0127));
#686=CARTESIAN_POINT('',(-0.0286897304077555,-0.0171758061694093,0.0127));
#687=CARTESIAN_POINT('',(-0.0282307870260335,-0.0168024921161878,0.0127));
#688=CARTESIAN_POINT('',(-0.0275830172569888,-0.0162048732750161,0.0127));
#689=CARTESIAN_POINT('',(-0.0268231027161029,-0.0154761769245825,0.0127));
#690=CARTESIAN_POINT('',(-0.026129423968754,-0.0148494258090643,0.0127));
#691=CARTESIAN_POINT('',(-0.0256551913559779,-0.0144471885999986,0.0127));
#692=CARTESIAN_POINT('',(-0.0252489604768783,-0.0141243202070764,0.0127));
#693=CARTESIAN_POINT('',(-0.0249291490911036,-0.0138821061256966,0.0127));
#694=CARTESIAN_POINT('',(-0.024597693950912,-0.0136443808255492,0.0127));
#695=CARTESIAN_POINT('',(-0.0241538877046093,-0.0133409142573308,0.0127));
#696=CARTESIAN_POINT('',(-0.0235944386508828,-0.0129807919341689,0.0127));
#697=CARTESIAN_POINT('',(-0.0227098591656235,-0.0124416387707532,0.0127));
#698=CARTESIAN_POINT('',(-0.0220797755352174,-0.0120748998952058,0.0127));
#699=CARTESIAN_POINT('',(-0.0216982195154371,-0.0118482213256315,0.0127));
#700=CARTESIAN_POINT('',(-0.021698219515437,-0.0118482213256315,0.0127));
#701=CARTESIAN_POINT('',(-0.021698219515437,-0.0118482213256315,0.0127));
#702=CARTESIAN_POINT('',(-0.0216982195154374,-0.0118482213256312,0.0127));
#703=CARTESIAN_POINT('',(-0.0216982195154374,-0.0118482213256312,0.));
#704=CARTESIAN_POINT('',(-0.0222418385468811,-0.0116588275868517,0.0127));
#705=CARTESIAN_POINT('',(-0.0222418385468811,-0.0116588275868517,0.));
#706=CARTESIAN_POINT('',(-0.023392777767724,-0.0112745831367304,0.0127));
#707=CARTESIAN_POINT('',(-0.023392777767724,-0.0112745831367304,1.73472347597681E-18));
#708=CARTESIAN_POINT('',(-0.0248200084531361,-0.0107069911138785,0.0127));
#709=CARTESIAN_POINT('',(-0.0248200084531361,-0.0107069911138785,-3.46944695195361E-18));
#710=CARTESIAN_POINT('',(-0.0259262380758785,-0.010073506021029,0.0127));
#711=CARTESIAN_POINT('',(-0.0259262380758785,-0.010073506021029,5.20417042793042E-18));
#712=CARTESIAN_POINT('',(-0.0267267460130165,-0.00944920889932422,0.0127));
#713=CARTESIAN_POINT('',(-0.0267267460130165,-0.00944920889932422,1.73472347597681E-18));
#714=CARTESIAN_POINT('',(-0.0274418447602982,-0.00856660233056703,0.0127));
#715=CARTESIAN_POINT('',(-0.0274418447602982,-0.00856660233056703,3.46944695195361E-18));
#716=CARTESIAN_POINT('',(-0.0280250402777132,-0.00721000493294554,0.0127));
#717=CARTESIAN_POINT('',(-0.0280250402777132,-0.00721000493294554,-5.20417042793042E-18));
#718=CARTESIAN_POINT('',(-0.0280902385493025,-0.00549200653842867,0.0127));
#719=CARTESIAN_POINT('',(-0.0280902385493025,-0.00549200653842867,3.46944695195361E-18));
#720=CARTESIAN_POINT('',(-0.0276071016045622,-0.00364162051913487,0.0127));
#721=CARTESIAN_POINT('',(-0.0276071016045622,-0.00364162051913487,0.));
#722=CARTESIAN_POINT('',(-0.0267521985022082,-0.00177316460027103,0.0127));
#723=CARTESIAN_POINT('',(-0.0267521985022082,-0.00177316460027103,1.73472347597681E-18));
#724=CARTESIAN_POINT('',(-0.0255387920383958,8.02390629112202E-6,0.0127));
#725=CARTESIAN_POINT('',(-0.0255387920383958,8.02390629112202E-6,5.20417042793042E-18));
#726=CARTESIAN_POINT('',(-0.0242181736925701,0.00132021668962513,0.0127));
#727=CARTESIAN_POINT('',(-0.0242181736925701,0.00132021668962513,-1.73472347597681E-18));
#728=CARTESIAN_POINT('',(-0.0229529218441887,0.00213485001617759,0.0127));
#729=CARTESIAN_POINT('',(-0.0229529218441887,0.00213485001617759,0.));
#730=CARTESIAN_POINT('',(-0.0217390390582346,0.00272265202321533,0.0127));
#731=CARTESIAN_POINT('',(-0.0217390390582346,0.00272265202321533,-1.73472347597681E-18));
#732=CARTESIAN_POINT('',(-0.0203450159566244,0.00323831161038632,0.0127));
#733=CARTESIAN_POINT('',(-0.0203450159566244,0.00323831161038632,-1.73472347597681E-18));
#734=CARTESIAN_POINT('',(-0.0188596751204424,0.00388891417491995,0.0127));
#735=CARTESIAN_POINT('',(-0.0188596751204424,0.00388891417491995,3.46944695195361E-18));
#736=CARTESIAN_POINT('',(-0.0174289580956484,0.00483593010533089,0.0127));
#737=CARTESIAN_POINT('',(-0.0174289580956484,0.00483593010533089,3.46944695195361E-18));
#738=CARTESIAN_POINT('',(-0.0157439840864591,0.00658502586734315,0.0127));
#739=CARTESIAN_POINT('',(-0.0157439840864591,0.00658502586734315,1.73472347597681E-18));
#740=CARTESIAN_POINT('',(-0.0142139965309896,0.00869135190246534,0.0127));
#741=CARTESIAN_POINT('',(-0.0142139965309896,0.00869135190246534,3.46944695195361E-18));
#742=CARTESIAN_POINT('',(-0.0135282296933681,0.0100015037007845,0.0127));
#743=CARTESIAN_POINT('',(-0.0135282296933681,0.0100015037007845,0.));
#744=CARTESIAN_POINT('',(-0.0133209075357223,0.0105153733739453,0.0127));
#745=CARTESIAN_POINT('',(-0.0133209075357223,0.0105153733739453,0.));
#746=CARTESIAN_POINT('',(-0.0216982195154374,-0.0118482213256312,0.));
#747=CARTESIAN_POINT('',(-0.0219700290311592,-0.0117535244562414,0.));
#748=CARTESIAN_POINT('',(-0.0225331156443118,-0.0115617439724301,0.));
#749=CARTESIAN_POINT('',(-0.0233902230274497,-0.0112621608329097,0.));
#750=CARTESIAN_POINT('',(-0.0242489268434639,-0.010932367764073,0.));
#751=CARTESIAN_POINT('',(-0.0250965319264615,-0.0105489723048561,0.));
#752=CARTESIAN_POINT('',(-0.0259265631408272,-0.010073756323215,0.));
#753=CARTESIAN_POINT('',(-0.0265923269281226,-0.00955217207586112,0.));
#754=CARTESIAN_POINT('',(-0.0270860323453354,-0.00900981097325327,0.));
#755=CARTESIAN_POINT('',(-0.0275137808585822,-0.00839571968644896,0.));
#756=CARTESIAN_POINT('',(-0.0278792266775043,-0.00755139921555203,0.));
#757=CARTESIAN_POINT('',(-0.0280523315352701,-0.00651584439227244,0.));
#758=CARTESIAN_POINT('',(-0.0280208427940077,-0.00552014178421295,0.));
#759=CARTESIAN_POINT('',(-0.0278443537138668,-0.00456683975557486,0.));
#760=CARTESIAN_POINT('',(-0.0274670571665522,-0.00333014150634758,0.));
#761=CARTESIAN_POINT('',(-0.0268948719181866,-0.0020849568637465,0.));
#762=CARTESIAN_POINT('',(-0.0261445536774308,-0.00088191761882072,0.));
#763=CARTESIAN_POINT('',(-0.0254923932867081,-1.70664289630009E-5,0.));
#764=CARTESIAN_POINT('',(-0.0247472898549328,0.000791769605858629,0.));
#765=CARTESIAN_POINT('',(-0.0240447823608637,0.00140026740202408,0.));
#766=CARTESIAN_POINT('',(-0.0234233266779529,0.00183400959394594,0.));
#767=CARTESIAN_POINT('',(-0.0229584913328129,0.00211268967598177,0.));
#768=CARTESIAN_POINT('',(-0.0224987658527495,0.00235420830955591,0.));
#769=CARTESIAN_POINT('',(-0.0218986737042437,0.00263518544111643,0.));
#770=CARTESIAN_POINT('',(-0.0211790840997381,0.00292871938238522,0.));
#771=CARTESIAN_POINT('',(-0.0200983925968269,0.00334736288329923,0.));
#772=CARTESIAN_POINT('',(-0.0191100806742516,0.0037769437318577,0.));
#773=CARTESIAN_POINT('',(-0.018260470779921,0.00429451780308979,0.));
#774=CARTESIAN_POINT('',(-0.0177660568285168,0.00465389655644361,0.));
#775=CARTESIAN_POINT('',(-0.0172646253496434,0.0050629308441233,0.));
#776=CARTESIAN_POINT('',(-0.0165868166843638,0.00570829077963824,0.));
#777=CARTESIAN_POINT('',(-0.0154887594196469,0.00693707374530259,0.));
#778=CARTESIAN_POINT('',(-0.0144691992699665,0.00834209161866543,0.));
#779=CARTESIAN_POINT('',(-0.0136993696651345,0.00967057776958399,0.));
#780=CARTESIAN_POINT('',(-0.0134245686145452,0.0102584385373649,0.));
#781=CARTESIAN_POINT('',(-0.0133209075357223,0.0105153733739453,0.));
#782=CARTESIAN_POINT('',(-0.0133209075357215,0.0105153733739472,0.));
#783=CARTESIAN_POINT('',(-0.0216982195154374,-0.0118482213256312,0.0127));
#784=CARTESIAN_POINT('',(-0.0219700290311592,-0.0117535244562414,0.0127));
#785=CARTESIAN_POINT('',(-0.0225331156443118,-0.0115617439724301,0.0127));
#786=CARTESIAN_POINT('',(-0.0233902230274497,-0.0112621608329097,0.0127));
#787=CARTESIAN_POINT('',(-0.0242489268434639,-0.010932367764073,0.0127));
#788=CARTESIAN_POINT('',(-0.0250965319264615,-0.0105489723048561,0.0127));
#789=CARTESIAN_POINT('',(-0.0259265631408272,-0.010073756323215,0.0127));
#790=CARTESIAN_POINT('',(-0.0265923269281226,-0.00955217207586112,0.0127));
#791=CARTESIAN_POINT('',(-0.0270860323453354,-0.00900981097325327,0.0127));
#792=CARTESIAN_POINT('',(-0.0275137808585822,-0.00839571968644896,0.0127));
#793=CARTESIAN_POINT('',(-0.0278792266775043,-0.00755139921555203,0.0127));
#794=CARTESIAN_POINT('',(-0.0280523315352701,-0.00651584439227244,0.0127));
#795=CARTESIAN_POINT('',(-0.0280208427940077,-0.00552014178421295,0.0127));
#796=CARTESIAN_POINT('',(-0.0278443537138668,-0.00456683975557486,0.0127));
#797=CARTESIAN_POINT('',(-0.0274670571665522,-0.00333014150634758,0.0127));
#798=CARTESIAN_POINT('',(-0.0268948719181866,-0.0020849568637465,0.0127));
#799=CARTESIAN_POINT('',(-0.0261445536774308,-0.00088191761882072,0.0127));
#800=CARTESIAN_POINT('',(-0.0254923932867081,-1.70664289630009E-5,0.0127));
#801=CARTESIAN_POINT('',(-0.0247472898549328,0.000791769605858629,0.0127));
#802=CARTESIAN_POINT('',(-0.0240447823608637,0.00140026740202408,0.0127));
#803=CARTESIAN_POINT('',(-0.0234233266779529,0.00183400959394594,0.0127));
#804=CARTESIAN_POINT('',(-0.0229584913328129,0.00211268967598177,0.0127));
#805=CARTESIAN_POINT('',(-0.0224987658527495,0.00235420830955591,0.0127));
#806=CARTESIAN_POINT('',(-0.0218986737042437,0.00263518544111643,0.0127));
#807=CARTESIAN_POINT('',(-0.0211790840997381,0.00292871938238522,0.0127));
#808=CARTESIAN_POINT('',(-0.0200983925968269,0.00334736288329923,0.0127));
#809=CARTESIAN_POINT('',(-0.0191100806742516,0.0037769437318577,0.0127));
#810=CARTESIAN_POINT('',(-0.018260470779921,0.00429451780308979,0.0127));
#811=CARTESIAN_POINT('',(-0.0177660568285168,0.00465389655644361,0.0127));
#812=CARTESIAN_POINT('',(-0.0172646253496434,0.0050629308441233,0.0127));
#813=CARTESIAN_POINT('',(-0.0165868166843638,0.00570829077963824,0.0127));
#814=CARTESIAN_POINT('',(-0.0154887594196469,0.00693707374530259,0.0127));
#815=CARTESIAN_POINT('',(-0.0144691992699665,0.00834209161866543,0.0127));
#816=CARTESIAN_POINT('',(-0.0136993696651345,0.00967057776958399,0.0127));
#817=CARTESIAN_POINT('',(-0.0134245686145452,0.0102584385373649,0.0127));
#818=CARTESIAN_POINT('',(-0.0133209075357223,0.0105153733739453,0.0127));
#819=CARTESIAN_POINT('',(-0.0133209075357215,0.0105153733739472,0.0127));
#820=CARTESIAN_POINT('',(-0.0133209075357215,0.0105153733739472,0.0127));
#821=CARTESIAN_POINT('',(-0.0133209075357214,0.0105153733739493,0.0127));
#822=CARTESIAN_POINT('',(-0.0133209075357214,0.0105153733739493,3.46944695195361E-18));
#823=CARTESIAN_POINT('',(-0.0136599135959442,0.0105339050180603,0.0127));
#824=CARTESIAN_POINT('',(-0.0136599135959442,0.0105339050180603,3.46944695195361E-18));
#825=CARTESIAN_POINT('',(-0.0142617718460481,0.0105646423470071,0.0127));
#826=CARTESIAN_POINT('',(-0.0142617718460481,0.0105646423470071,-3.46944695195361E-18));
#827=CARTESIAN_POINT('',(-0.0151932006417627,0.0107218723399712,0.0127));
#828=CARTESIAN_POINT('',(-0.0151932006417627,0.0107218723399712,8.67361737988404E-18));
#829=CARTESIAN_POINT('',(-0.0162491122764538,0.0110557698381331,0.0127));
#830=CARTESIAN_POINT('',(-0.0162491122764538,0.0110557698381331,5.20417042793042E-18));
#831=CARTESIAN_POINT('',(-0.0173812293192087,0.0117911444058281,0.0127));
#832=CARTESIAN_POINT('',(-0.0173812293192087,0.0117911444058281,3.46944695195361E-18));
#833=CARTESIAN_POINT('',(-0.0183471755171348,0.0130343680664592,0.0127));
#834=CARTESIAN_POINT('',(-0.0183471755171348,0.0130343680664592,6.93889390390723E-18));
#835=CARTESIAN_POINT('',(-0.0187296343574808,0.0144016811102375,0.0127));
#836=CARTESIAN_POINT('',(-0.0187296343574808,0.0144016811102375,5.20417042793042E-18));
#837=CARTESIAN_POINT('',(-0.0185805320146654,0.0156338395810645,0.0127));
#838=CARTESIAN_POINT('',(-0.0185805320146654,0.0156338395810645,3.46944695195361E-18));
#839=CARTESIAN_POINT('',(-0.0181883415346287,0.0165104374144097,0.0127));
#840=CARTESIAN_POINT('',(-0.0181883415346287,0.0165104374144097,3.46944695195361E-18));
#841=CARTESIAN_POINT('',(-0.0176852444050196,0.0171437116044371,0.0127));
#842=CARTESIAN_POINT('',(-0.0176852444050196,0.0171437116044371,5.20417042793042E-18));
#843=CARTESIAN_POINT('',(-0.0169736981341394,0.0177944924976354,0.0127));
#844=CARTESIAN_POINT('',(-0.0169736981341394,0.0177944924976354,3.46944695195361E-18));
#845=CARTESIAN_POINT('',(-0.0160587466876515,0.0183859916429031,0.0127));
#846=CARTESIAN_POINT('',(-0.0160587466876515,0.0183859916429031,5.20417042793042E-18));
#847=CARTESIAN_POINT('',(-0.0149533603514986,0.0189800326533033,0.0127));
#848=CARTESIAN_POINT('',(-0.0149533603514986,0.0189800326533033,8.67361737988404E-18));
#849=CARTESIAN_POINT('',(-0.0138973769185804,0.0195331969705289,0.0127));
#850=CARTESIAN_POINT('',(-0.0138973769185804,0.0195331969705289,0.));
#851=CARTESIAN_POINT('',(-0.0130092565239797,0.020063316122706,0.0127));
#852=CARTESIAN_POINT('',(-0.0130092565239797,0.020063316122706,6.93889390390723E-18));
#853=CARTESIAN_POINT('',(-0.0121365758563426,0.0207581018111375,0.0127));
#854=CARTESIAN_POINT('',(-0.0121365758563426,0.0207581018111375,-1.73472347597681E-18));
#855=CARTESIAN_POINT('',(-0.0111800465180882,0.0218548481466069,0.0127));
#856=CARTESIAN_POINT('',(-0.0111800465180882,0.0218548481466069,6.93889390390723E-18));
#857=CARTESIAN_POINT('',(-0.0103258820379952,0.0231521783962605,0.0127));
#858=CARTESIAN_POINT('',(-0.0103258820379952,0.0231521783962605,5.20417042793042E-18));
#859=CARTESIAN_POINT('',(-0.00954587037210998,0.0242564214455174,0.0127));
#860=CARTESIAN_POINT('',(-0.00954587037210998,0.0242564214455174,3.46944695195361E-18));
#861=CARTESIAN_POINT('',(-0.00880143805982077,0.0252307029903915,0.0127));
#862=CARTESIAN_POINT('',(-0.00880143805982077,0.0252307029903915,3.46944695195361E-18));
#863=CARTESIAN_POINT('',(-0.00797174061569249,0.0263001378949457,0.0127));
#864=CARTESIAN_POINT('',(-0.00797174061569249,0.0263001378949457,3.46944695195361E-18));
#865=CARTESIAN_POINT('',(-0.00726859865639833,0.0274053068862797,0.0127));
#866=CARTESIAN_POINT('',(-0.00726859865639833,0.0274053068862797,8.67361737988404E-18));
#867=CARTESIAN_POINT('',(-0.0067811249556595,0.0283795173826654,0.0127));
#868=CARTESIAN_POINT('',(-0.0067811249556595,0.0283795173826654,1.73472347597681E-18));
#869=CARTESIAN_POINT('',(-0.00650541512013857,0.0290498945738856,0.0127));
#870=CARTESIAN_POINT('',(-0.00650541512013857,0.0290498945738856,8.67361737988404E-18));
#871=CARTESIAN_POINT('',(-0.00634769331317537,0.0296159122464575,0.0127));
#872=CARTESIAN_POINT('',(-0.00634769331317537,0.0296159122464575,1.73472347597681E-18));
#873=CARTESIAN_POINT('',(-0.00632587776069341,0.0298287297711211,0.0127));
#874=CARTESIAN_POINT('',(-0.00632587776069341,0.0298287297711211,5.20417042793042E-18));
#875=CARTESIAN_POINT('',(-0.0063368348767734,0.0301696525656227,0.0127));
#876=CARTESIAN_POINT('',(-0.0063368348767734,0.0301696525656227,0.));
#877=CARTESIAN_POINT('',(-0.00641404682518432,0.0309037072272591,0.0127));
#878=CARTESIAN_POINT('',(-0.00641404682518432,0.0309037072272591,3.46944695195361E-18));
#879=CARTESIAN_POINT('',(-0.00627586670022521,0.0320549497530717,0.0127));
#880=CARTESIAN_POINT('',(-0.00627586670022521,0.0320549497530717,0.));
#881=CARTESIAN_POINT('',(-0.00600981099540717,0.0328616049042572,0.0127));
#882=CARTESIAN_POINT('',(-0.00600981099540717,0.0328616049042572,6.93889390390723E-18));
#883=CARTESIAN_POINT('',(-0.00580437952095318,0.0335038635518265,0.0127));
#884=CARTESIAN_POINT('',(-0.00580437952095318,0.0335038635518265,0.));
#885=CARTESIAN_POINT('',(-0.00575782257665711,0.0337495966691816,0.0127));
#886=CARTESIAN_POINT('',(-0.00575782257665711,0.0337495966691816,5.20417042793042E-18));
#887=CARTESIAN_POINT('',(-0.00575395606420661,0.0337868638449222,0.0127));
#888=CARTESIAN_POINT('',(-0.00575395606420661,0.0337868638449222,5.20417042793042E-18));
#889=CARTESIAN_POINT('',(-0.0133209075357214,0.0105153733739493,0.));
#890=CARTESIAN_POINT('',(-0.0134904105658328,0.0105246391960048,0.));
#891=CARTESIAN_POINT('',(-0.0138609460835072,0.0105447919375585,0.));
#892=CARTESIAN_POINT('',(-0.0143881108825499,0.0105933584658773,0.));
#893=CARTESIAN_POINT('',(-0.0148453361118667,0.0106639076315789,0.));
#894=CARTESIAN_POINT('',(-0.0152058623158113,0.010739045049422,0.));
#895=CARTESIAN_POINT('',(-0.0155837806046969,0.0108436468394586,0.));
#896=CARTESIAN_POINT('',(-0.0161074475978379,0.0110368960569238,0.));
#897=CARTESIAN_POINT('',(-0.0167033116120807,0.0113521359392752,0.));
#898=CARTESIAN_POINT('',(-0.017332192850873,0.0118354767543047,0.));
#899=CARTESIAN_POINT('',(-0.0178626986462993,0.0124135976578714,0.));
#900=CARTESIAN_POINT('',(-0.0182845509254566,0.0130847251880441,0.));
#901=CARTESIAN_POINT('',(-0.0185751551651719,0.01385126198061,0.));
#902=CARTESIAN_POINT('',(-0.0186927862829358,0.0147118717011798,0.));
#903=CARTESIAN_POINT('',(-0.0185990624023229,0.015475919950395,0.));
#904=CARTESIAN_POINT('',(-0.0183845446017653,0.0160787279823589,0.));
#905=CARTESIAN_POINT('',(-0.0181745825789336,0.0164787651378533,0.));
#906=CARTESIAN_POINT('',(-0.0179362676407,0.0168255123093679,0.));
#907=CARTESIAN_POINT('',(-0.0175965988603755,0.0172258931927938,0.));
#908=CARTESIAN_POINT('',(-0.0171515316945374,0.0176321024842515,0.));
#909=CARTESIAN_POINT('',(-0.0166075616963089,0.0180289315860146,0.));
#910=CARTESIAN_POINT('',(-0.0158746627150702,0.0184862153263009,0.));
#911=CARTESIAN_POINT('',(-0.0149528158966768,0.0189798838669632,0.));
#912=CARTESIAN_POINT('',(-0.0140748604384211,0.019440232428347,0.));
#913=CARTESIAN_POINT('',(-0.0134507503064068,0.0197996731846451,0.));
#914=CARTESIAN_POINT('',(-0.0131050182670108,0.0200200688289426,0.));
#915=CARTESIAN_POINT('',(-0.012865391576975,0.0201893748961656,0.));
#916=CARTESIAN_POINT('',(-0.0126343233455288,0.0203651757394306,0.));
#917=CARTESIAN_POINT('',(-0.0123605375392339,0.0205964729821633,0.));
#918=CARTESIAN_POINT('',(-0.0120509740743046,0.0208929298046123,0.));
#919=CARTESIAN_POINT('',(-0.0116583450723485,0.0213132022835772,0.));
#920=CARTESIAN_POINT('',(-0.0111967320917595,0.0218844553546732,0.));
#921=CARTESIAN_POINT('',(-0.0106655209028186,0.0226330164886115,0.));
#922=CARTESIAN_POINT('',(-0.0102634428542791,0.0232302990829008,0.));
#923=CARTESIAN_POINT('',(-0.00998302634055764,0.0236366951947912,0.));
#924=CARTESIAN_POINT('',(-0.00979028227738009,0.0239114100502192,0.));
#925=CARTESIAN_POINT('',(-0.00945267781189523,0.0243768085598045,0.));
#926=CARTESIAN_POINT('',(-0.00898810912891013,0.0249867440795524,0.));
#927=CARTESIAN_POINT('',(-0.00846758594171894,0.025661631040358,0.));
#928=CARTESIAN_POINT('',(-0.00799001242608637,0.0263072441354365,0.));
#929=CARTESIAN_POINT('',(-0.00762723092925718,0.0268454579323277,0.));
#930=CARTESIAN_POINT('',(-0.00735134391126185,0.0273002525706082,0.));
#931=CARTESIAN_POINT('',(-0.00708403049143659,0.0277740988716261,0.));
#932=CARTESIAN_POINT('',(-0.00684221355615684,0.0282566870440163,0.));
#933=CARTESIAN_POINT('',(-0.00664344124086157,0.0287156847625265,0.));
#934=CARTESIAN_POINT('',(-0.0065201603605586,0.029038048493634,0.));
#935=CARTESIAN_POINT('',(-0.00642639606629325,0.0293271291876025,0.));
#936=CARTESIAN_POINT('',(-0.00637522459376774,0.0295279388345413,0.));
#937=CARTESIAN_POINT('',(-0.00635034958472617,0.0296554209257235,0.));
#938=CARTESIAN_POINT('',(-0.00633939613641223,0.029729631519884,0.));
#939=CARTESIAN_POINT('',(-0.00633402949511757,0.0297856133614108,0.));
#940=CARTESIAN_POINT('',(-0.00632984293895288,0.0298697310396042,0.));
#941=CARTESIAN_POINT('',(-0.00633136415564221,0.0299955635779193,0.));
#942=CARTESIAN_POINT('',(-0.00634629271254893,0.030219475032936,0.));
#943=CARTESIAN_POINT('',(-0.00637072908713339,0.0305375835512075,0.));
#944=CARTESIAN_POINT('',(-0.00638278030844718,0.0308881170612492,0.));
#945=CARTESIAN_POINT('',(-0.00637129406623635,0.0312135881933752,0.));
#946=CARTESIAN_POINT('',(-0.00634809996707571,0.0314773299422808,0.));
#947=CARTESIAN_POINT('',(-0.00630647116027603,0.0317531673634745,0.));
#948=CARTESIAN_POINT('',(-0.00625553263118163,0.032000227532643,0.));
#949=CARTESIAN_POINT('',(-0.00619872293648984,0.0322310336497562,0.));
#950=CARTESIAN_POINT('',(-0.00611912339643549,0.0325175856839622,0.));
#951=CARTESIAN_POINT('',(-0.00601799594211846,0.032842342870808,0.));
#952=CARTESIAN_POINT('',(-0.00590815754703447,0.0331832271921012,0.));
#953=CARTESIAN_POINT('',(-0.00582153290808036,0.0334698097346134,0.));
#954=CARTESIAN_POINT('',(-0.00576758400437312,0.0336870562088673,0.));
#955=CARTESIAN_POINT('',(-0.00575588932043186,0.0337682302570519,0.));
#956=CARTESIAN_POINT('',(-0.00575395606420661,0.0337868638449222,0.));
#957=CARTESIAN_POINT('',(-0.00575395606420662,0.0337868638449222,0.));
#958=CARTESIAN_POINT('',(-0.0133209075357214,0.0105153733739493,0.0127));
#959=CARTESIAN_POINT('',(-0.0134904105658328,0.0105246391960048,0.0127));
#960=CARTESIAN_POINT('',(-0.0138609460835072,0.0105447919375585,0.0127));
#961=CARTESIAN_POINT('',(-0.0143881108825499,0.0105933584658773,0.0127));
#962=CARTESIAN_POINT('',(-0.0148453361118667,0.0106639076315789,0.0127));
#963=CARTESIAN_POINT('',(-0.0152058623158113,0.010739045049422,0.0127));
#964=CARTESIAN_POINT('',(-0.0155837806046969,0.0108436468394586,0.0127));
#965=CARTESIAN_POINT('',(-0.0161074475978379,0.0110368960569238,0.0127));
#966=CARTESIAN_POINT('',(-0.0167033116120807,0.0113521359392752,0.0127));
#967=CARTESIAN_POINT('',(-0.017332192850873,0.0118354767543047,0.0127));
#968=CARTESIAN_POINT('',(-0.0178626986462993,0.0124135976578714,0.0127));
#969=CARTESIAN_POINT('',(-0.0182845509254566,0.0130847251880441,0.0127));
#970=CARTESIAN_POINT('',(-0.0185751551651719,0.01385126198061,0.0127));
#971=CARTESIAN_POINT('',(-0.0186927862829358,0.0147118717011798,0.0127));
#972=CARTESIAN_POINT('',(-0.0185990624023229,0.015475919950395,0.0127));
#973=CARTESIAN_POINT('',(-0.0183845446017653,0.0160787279823589,0.0127));
#974=CARTESIAN_POINT('',(-0.0181745825789336,0.0164787651378533,0.0127));
#975=CARTESIAN_POINT('',(-0.0179362676407,0.0168255123093679,0.0127));
#976=CARTESIAN_POINT('',(-0.0175965988603755,0.0172258931927938,0.0127));
#977=CARTESIAN_POINT('',(-0.0171515316945374,0.0176321024842515,0.0127));
#978=CARTESIAN_POINT('',(-0.0166075616963089,0.0180289315860146,0.0127));
#979=CARTESIAN_POINT('',(-0.0158746627150702,0.0184862153263009,0.0127));
#980=CARTESIAN_POINT('',(-0.0149528158966768,0.0189798838669632,0.0127));
#981=CARTESIAN_POINT('',(-0.0140748604384211,0.019440232428347,0.0127));
#982=CARTESIAN_POINT('',(-0.0134507503064068,0.0197996731846451,0.0127));
#983=CARTESIAN_POINT('',(-0.0131050182670108,0.0200200688289426,0.0127));
#984=CARTESIAN_POINT('',(-0.012865391576975,0.0201893748961656,0.0127));
#985=CARTESIAN_POINT('',(-0.0126343233455288,0.0203651757394306,0.0127));
#986=CARTESIAN_POINT('',(-0.0123605375392339,0.0205964729821633,0.0127));
#987=CARTESIAN_POINT('',(-0.0120509740743046,0.0208929298046123,0.0127));
#988=CARTESIAN_POINT('',(-0.0116583450723485,0.0213132022835772,0.0127));
#989=CARTESIAN_POINT('',(-0.0111967320917595,0.0218844553546732,0.0127));
#990=CARTESIAN_POINT('',(-0.0106655209028186,0.0226330164886115,0.0127));
#991=CARTESIAN_POINT('',(-0.0102634428542791,0.0232302990829008,0.0127));
#992=CARTESIAN_POINT('',(-0.00998302634055764,0.0236366951947912,0.0127));
#993=CARTESIAN_POINT('',(-0.00979028227738009,0.0239114100502192,0.0127));
#994=CARTESIAN_POINT('',(-0.00945267781189523,0.0243768085598045,0.0127));
#995=CARTESIAN_POINT('',(-0.00898810912891013,0.0249867440795524,0.0127));
#996=CARTESIAN_POINT('',(-0.00846758594171894,0.025661631040358,0.0127));
#997=CARTESIAN_POINT('',(-0.00799001242608637,0.0263072441354365,0.0127));
#998=CARTESIAN_POINT('',(-0.00762723092925718,0.0268454579323277,0.0127));
#999=CARTESIAN_POINT('',(-0.00735134391126185,0.0273002525706082,0.0127));
#1000=CARTESIAN_POINT('',(-0.00708403049143659,0.0277740988716261,0.0127));
#1001=CARTESIAN_POINT('',(-0.00684221355615684,0.0282566870440163,0.0127));
#1002=CARTESIAN_POINT('',(-0.00664344124086157,0.0287156847625265,0.0127));
#1003=CARTESIAN_POINT('',(-0.0065201603605586,0.029038048493634,0.0127));
#1004=CARTESIAN_POINT('',(-0.00642639606629325,0.0293271291876025,0.0127));
#1005=CARTESIAN_POINT('',(-0.00637522459376774,0.0295279388345413,0.0127));
#1006=CARTESIAN_POINT('',(-0.00635034958472617,0.0296554209257235,0.0127));
#1007=CARTESIAN_POINT('',(-0.00633939613641223,0.029729631519884,0.0127));
#1008=CARTESIAN_POINT('',(-0.00633402949511757,0.0297856133614108,0.0127));
#1009=CARTESIAN_POINT('',(-0.00632984293895288,0.0298697310396042,0.0127));
#1010=CARTESIAN_POINT('',(-0.00633136415564221,0.0299955635779193,0.0127));
#1011=CARTESIAN_POINT('',(-0.00634629271254893,0.030219475032936,0.0127));
#1012=CARTESIAN_POINT('',(-0.00637072908713339,0.0305375835512075,0.0127));
#1013=CARTESIAN_POINT('',(-0.00638278030844718,0.0308881170612492,0.0127));
#1014=CARTESIAN_POINT('',(-0.00637129406623635,0.0312135881933752,0.0127));
#1015=CARTESIAN_POINT('',(-0.00634809996707571,0.0314773299422808,0.0127));
#1016=CARTESIAN_POINT('',(-0.00630647116027603,0.0317531673634745,0.0127));
#1017=CARTESIAN_POINT('',(-0.00625553263118163,0.032000227532643,0.0127));
#1018=CARTESIAN_POINT('',(-0.00619872293648984,0.0322310336497562,0.0127));
#1019=CARTESIAN_POINT('',(-0.00611912339643549,0.0325175856839622,0.0127));
#1020=CARTESIAN_POINT('',(-0.00601799594211846,0.032842342870808,0.0127));
#1021=CARTESIAN_POINT('',(-0.00590815754703447,0.0331832271921012,0.0127));
#1022=CARTESIAN_POINT('',(-0.00582153290808036,0.0334698097346134,0.0127));
#1023=CARTESIAN_POINT('',(-0.00576758400437312,0.0336870562088673,0.0127));
#1024=CARTESIAN_POINT('',(-0.00575588932043186,0.0337682302570519,0.0127));
#1025=CARTESIAN_POINT('',(-0.00575395606420661,0.0337868638449222,0.0127));
#1026=CARTESIAN_POINT('',(-0.00575395606420662,0.0337868638449222,0.0127));
#1027=CARTESIAN_POINT('',(-0.00575395606420662,0.0337868638449222,0.0127));
#1028=CARTESIAN_POINT('',(-0.00575395606420635,0.0337868638449223,0.0127));
#1029=CARTESIAN_POINT('',(-0.00575395606420635,0.0337868638449223,3.46944695195361E-18));
#1030=CARTESIAN_POINT('',(-0.00576501667617987,0.0338172525787322,0.0127));
#1031=CARTESIAN_POINT('',(-0.00576501667617987,0.0338172525787322,3.46944695195361E-18));
#1032=CARTESIAN_POINT('',(-0.00583527723594326,0.0339710874752023,0.0127));
#1033=CARTESIAN_POINT('',(-0.00583527723594326,0.0339710874752023,0.));
#1034=CARTESIAN_POINT('',(-0.00612691385600417,0.0343865172050411,0.0127));
#1035=CARTESIAN_POINT('',(-0.00612691385600417,0.0343865172050411,5.20417042793042E-18));
#1036=CARTESIAN_POINT('',(-0.00643925469790082,0.0347953631385504,0.0127));
#1037=CARTESIAN_POINT('',(-0.00643925469790082,0.0347953631385504,5.20417042793042E-18));
#1038=CARTESIAN_POINT('',(-0.00682879200847923,0.035303432353591,0.0127));
#1039=CARTESIAN_POINT('',(-0.00682879200847923,0.035303432353591,1.73472347597681E-18));
#1040=CARTESIAN_POINT('',(-0.00723882862945634,0.0358793331271493,0.0127));
#1041=CARTESIAN_POINT('',(-0.00723882862945634,0.0358793331271493,-1.73472347597681E-18));
#1042=CARTESIAN_POINT('',(-0.00763245458403551,0.0365436104896363,0.0127));
#1043=CARTESIAN_POINT('',(-0.00763245458403551,0.0365436104896363,8.67361737988404E-18));
#1044=CARTESIAN_POINT('',(-0.00792744985010359,0.0372548149712766,0.0127));
#1045=CARTESIAN_POINT('',(-0.00792744985010359,0.0372548149712766,-1.73472347597681E-18));
#1046=CARTESIAN_POINT('',(-0.00803090545311066,0.0380867677404332,0.0127));
#1047=CARTESIAN_POINT('',(-0.00803090545311066,0.0380867677404332,6.93889390390723E-18));
#1048=CARTESIAN_POINT('',(-0.00792333956014319,0.0388808338488421,0.0127));
#1049=CARTESIAN_POINT('',(-0.00792333956014319,0.0388808338488421,0.));
#1050=CARTESIAN_POINT('',(-0.00748172573162929,0.0397067847660604,0.0127));
#1051=CARTESIAN_POINT('',(-0.00748172573162929,0.0397067847660604,-3.46944695195361E-18));
#1052=CARTESIAN_POINT('',(-0.00680869109351389,0.0402642697278811,0.0127));
#1053=CARTESIAN_POINT('',(-0.00680869109351389,0.0402642697278811,8.67361737988404E-18));
#1054=CARTESIAN_POINT('',(-0.00624668549300242,0.0405180988636813,0.0127));
#1055=CARTESIAN_POINT('',(-0.00624668549300242,0.0405180988636813,1.73472347597681E-18));
#1056=CARTESIAN_POINT('',(-0.0055972464654148,0.0407083636939812,0.0127));
#1057=CARTESIAN_POINT('',(-0.0055972464654148,0.0407083636939812,1.73472347597681E-18));
#1058=CARTESIAN_POINT('',(-0.00488443639087305,0.0408051124808414,0.0127));
#1059=CARTESIAN_POINT('',(-0.00488443639087305,0.0408051124808414,-1.73472347597681E-18));
#1060=CARTESIAN_POINT('',(-0.00404727217525715,0.0408594723098287,0.0127));
#1061=CARTESIAN_POINT('',(-0.00404727217525715,0.0408594723098287,3.46944695195361E-18));
#1062=CARTESIAN_POINT('',(-0.00295441169785937,0.0408992267062177,0.0127));
#1063=CARTESIAN_POINT('',(-0.00295441169785937,0.0408992267062177,3.46944695195361E-18));
#1064=CARTESIAN_POINT('',(-0.00220672076752956,0.040945513514701,0.0127));
#1065=CARTESIAN_POINT('',(-0.00220672076752956,0.040945513514701,3.46944695195361E-18));
#1066=CARTESIAN_POINT('',(-0.00184453568429324,0.0409991293760881,0.0127));
#1067=CARTESIAN_POINT('',(-0.00184453568429324,0.0409991293760881,3.46944695195361E-18));
#1068=CARTESIAN_POINT('',(-0.00575395606420635,0.0337868638449223,0.));
#1069=CARTESIAN_POINT('',(-0.00575948637019311,0.0338020582118272,0.));
#1070=CARTESIAN_POINT('',(-0.00578561212293598,0.0338660431917319,0.));
#1071=CARTESIAN_POINT('',(-0.00590864646190306,0.0340752821106087,0.));
#1072=CARTESIAN_POINT('',(-0.00609135633703192,0.0343355937509999,0.));
#1073=CARTESIAN_POINT('',(-0.00628137755740005,0.034589063259267,0.));
#1074=CARTESIAN_POINT('',(-0.00650514841505581,0.0348811122953578,0.));
#1075=CARTESIAN_POINT('',(-0.00682858811771417,0.0353031783275293,0.));
#1076=CARTESIAN_POINT('',(-0.00717013003286346,0.0357830407887744,0.));
#1077=CARTESIAN_POINT('',(-0.00743632887247302,0.0362120785906126,0.));
#1078=CARTESIAN_POINT('',(-0.00762821371504698,0.0365666021212129,0.));
#1079=CARTESIAN_POINT('',(-0.00780591213625469,0.0369723438778349,0.));
#1080=CARTESIAN_POINT('',(-0.00795428586474532,0.0374619507869655,0.));
#1081=CARTESIAN_POINT('',(-0.00801784481493469,0.0379837972541774,0.));
#1082=CARTESIAN_POINT('',(-0.00797715972188907,0.038482128772158,0.));
#1083=CARTESIAN_POINT('',(-0.00788087519315117,0.0388852811719314,0.));
#1084=CARTESIAN_POINT('',(-0.00770532893081898,0.0392936344419784,0.));
#1085=CARTESIAN_POINT('',(-0.00749446533330832,0.0396090327874679,0.));
#1086=CARTESIAN_POINT('',(-0.00729836340396814,0.0398311354146448,0.));
#1087=CARTESIAN_POINT('',(-0.00708706063957515,0.0400319297618179,0.));
#1088=CARTESIAN_POINT('',(-0.00682373450518735,0.0402250940542956,0.));
#1089=CARTESIAN_POINT('',(-0.00652851171148458,0.0403882894207618,0.));
#1090=CARTESIAN_POINT('',(-0.00616508056946759,0.0405434852389131,0.));
#1091=CARTESIAN_POINT('',(-0.00575931453695442,0.0406608424185051,0.));
#1092=CARTESIAN_POINT('',(-0.00531374089405847,0.0407449685410166,0.));
#1093=CARTESIAN_POINT('',(-0.00488626812273164,0.0407978575423334,0.));
#1094=CARTESIAN_POINT('',(-0.00446601283408691,0.0408325374594536,0.));
#1095=CARTESIAN_POINT('',(-0.00391066759162933,0.0408642400253492,0.));
#1096=CARTESIAN_POINT('',(-0.00322680727767616,0.0408898770427817,0.));
#1097=CARTESIAN_POINT('',(-0.00245906175660673,0.0409280885238611,0.));
#1098=CARTESIAN_POINT('',(-0.00202562822591143,0.0409723214453945,0.));
#1099=CARTESIAN_POINT('',(-0.00184453568429324,0.0409991293760881,0.));
#1100=CARTESIAN_POINT('',(-0.0018445356842933,0.0409991293760881,0.));
#1101=CARTESIAN_POINT('',(-0.00575395606420635,0.0337868638449223,0.0127));
#1102=CARTESIAN_POINT('',(-0.00575948637019311,0.0338020582118272,0.0127));
#1103=CARTESIAN_POINT('',(-0.00578561212293598,0.0338660431917319,0.0127));
#1104=CARTESIAN_POINT('',(-0.00590864646190306,0.0340752821106087,0.0127));
#1105=CARTESIAN_POINT('',(-0.00609135633703192,0.0343355937509999,0.0127));
#1106=CARTESIAN_POINT('',(-0.00628137755740005,0.034589063259267,0.0127));
#1107=CARTESIAN_POINT('',(-0.00650514841505581,0.0348811122953578,0.0127));
#1108=CARTESIAN_POINT('',(-0.00682858811771417,0.0353031783275293,0.0127));
#1109=CARTESIAN_POINT('',(-0.00717013003286346,0.0357830407887744,0.0127));
#1110=CARTESIAN_POINT('',(-0.00743632887247302,0.0362120785906126,0.0127));
#1111=CARTESIAN_POINT('',(-0.00762821371504698,0.0365666021212129,0.0127));
#1112=CARTESIAN_POINT('',(-0.00780591213625469,0.0369723438778349,0.0127));
#1113=CARTESIAN_POINT('',(-0.00795428586474532,0.0374619507869655,0.0127));
#1114=CARTESIAN_POINT('',(-0.00801784481493469,0.0379837972541774,0.0127));
#1115=CARTESIAN_POINT('',(-0.00797715972188907,0.038482128772158,0.0127));
#1116=CARTESIAN_POINT('',(-0.00788087519315117,0.0388852811719314,0.0127));
#1117=CARTESIAN_POINT('',(-0.00770532893081898,0.0392936344419784,0.0127));
#1118=CARTESIAN_POINT('',(-0.00749446533330832,0.0396090327874679,0.0127));
#1119=CARTESIAN_POINT('',(-0.00729836340396814,0.0398311354146448,0.0127));
#1120=CARTESIAN_POINT('',(-0.00708706063957515,0.0400319297618179,0.0127));
#1121=CARTESIAN_POINT('',(-0.00682373450518735,0.0402250940542956,0.0127));
#1122=CARTESIAN_POINT('',(-0.00652851171148458,0.0403882894207618,0.0127));
#1123=CARTESIAN_POINT('',(-0.00616508056946759,0.0405434852389131,0.0127));
#1124=CARTESIAN_POINT('',(-0.00575931453695442,0.0406608424185051,0.0127));
#1125=CARTESIAN_POINT('',(-0.00531374089405847,0.0407449685410166,0.0127));
#1126=CARTESIAN_POINT('',(-0.00488626812273164,0.0407978575423334,0.0127));
#1127=CARTESIAN_POINT('',(-0.00446601283408691,0.0408325374594536,0.0127));
#1128=CARTESIAN_POINT('',(-0.00391066759162933,0.0408642400253492,0.0127));
#1129=CARTESIAN_POINT('',(-0.00322680727767616,0.0408898770427817,0.0127));
#1130=CARTESIAN_POINT('',(-0.00245906175660673,0.0409280885238611,0.0127));
#1131=CARTESIAN_POINT('',(-0.00202562822591143,0.0409723214453945,0.0127));
#1132=CARTESIAN_POINT('',(-0.00184453568429324,0.0409991293760881,0.0127));
#1133=CARTESIAN_POINT('',(-0.0018445356842933,0.0409991293760881,0.0127));
#1134=CARTESIAN_POINT('',(-0.0018445356842933,0.0409991293760881,0.0127));
#1135=CARTESIAN_POINT('',(-0.00184453568429327,0.0409991293760881,0.0127));
#1136=CARTESIAN_POINT('',(-0.00184453568429327,0.0409991293760881,3.12250225675825E-17));
#1137=CARTESIAN_POINT('',(-0.00186066140256354,0.0410805710720785,0.0127));
#1138=CARTESIAN_POINT('',(-0.00186066140256354,0.0410805710720785,3.12250225675825E-17));
#1139=CARTESIAN_POINT('',(-0.00189780228516172,0.0412550341757472,0.0127));
#1140=CARTESIAN_POINT('',(-0.00189780228516172,0.0412550341757472,3.29597460435593E-17));
#1141=CARTESIAN_POINT('',(-0.00196192674562292,0.041545681392474,0.0127));
#1142=CARTESIAN_POINT('',(-0.00196192674562292,0.041545681392474,3.12250225675825E-17));
#1143=CARTESIAN_POINT('',(-0.00202594632569138,0.0418777949308007,0.0127));
#1144=CARTESIAN_POINT('',(-0.00202594632569138,0.0418777949308007,3.12250225675825E-17));
#1145=CARTESIAN_POINT('',(-0.0020727068132697,0.0422265546001391,0.0127));
#1146=CARTESIAN_POINT('',(-0.0020727068132697,0.0422265546001391,3.46944695195361E-17));
#1147=CARTESIAN_POINT('',(-0.00207059099422843,0.0426405322281638,0.0127));
#1148=CARTESIAN_POINT('',(-0.00207059099422843,0.0426405322281638,2.42861286636753E-17));
#1149=CARTESIAN_POINT('',(-0.00201102174074723,0.0430660272685604,0.0127));
#1150=CARTESIAN_POINT('',(-0.00201102174074723,0.0430660272685604,3.12250225675825E-17));
#1151=CARTESIAN_POINT('',(-0.00178343434285121,0.0436840374908374,0.0127));
#1152=CARTESIAN_POINT('',(-0.00178343434285121,0.0436840374908374,3.29597460435593E-17));
#1153=CARTESIAN_POINT('',(-0.00118544801259999,0.0443482755545841,0.0127));
#1154=CARTESIAN_POINT('',(-0.00118544801259999,0.0443482755545841,3.29597460435593E-17));
#1155=CARTESIAN_POINT('',(-0.000437507160031607,0.0446722140844484,0.0127));
#1156=CARTESIAN_POINT('',(-0.000437507160031607,0.0446722140844484,3.64291929955129E-17));
#1157=CARTESIAN_POINT('',(0.000156416454127845,0.0447253841754894,0.0127));
#1158=CARTESIAN_POINT('',(0.000156416454127845,0.0447253841754894,2.94902990916057E-17));
#1159=CARTESIAN_POINT('',(0.000578284302771534,0.0446765749262252,0.0127));
#1160=CARTESIAN_POINT('',(0.000578284302771534,0.0446765749262252,3.46944695195361E-17));
#1161=CARTESIAN_POINT('',(0.00099234885163863,0.044569384583973,0.0127));
#1162=CARTESIAN_POINT('',(0.00099234885163863,0.044569384583973,2.94902990916057E-17));
#1163=CARTESIAN_POINT('',(0.00135374346976855,0.0444163005707249,0.0127));
#1164=CARTESIAN_POINT('',(0.00135374346976855,0.0444163005707249,3.46944695195361E-17));
#1165=CARTESIAN_POINT('',(0.00171307975212606,0.0442271706399162,0.0127));
#1166=CARTESIAN_POINT('',(0.00171307975212606,0.0442271706399162,2.94902990916057E-17));
#1167=CARTESIAN_POINT('',(0.00205099367930944,0.0440248498271448,0.0127));
#1168=CARTESIAN_POINT('',(0.00205099367930944,0.0440248498271448,2.60208521396521E-17));
#1169=CARTESIAN_POINT('',(0.00250263861132493,0.0437355230436035,0.0127));
#1170=CARTESIAN_POINT('',(0.00250263861132493,0.0437355230436035,3.12250225675825E-17));
#1171=CARTESIAN_POINT('',(0.00309095214681839,0.0433381480849405,0.0127));
#1172=CARTESIAN_POINT('',(0.00309095214681839,0.0433381480849405,3.12250225675825E-17));
#1173=CARTESIAN_POINT('',(0.00384391808600621,0.0428317954618651,0.0127));
#1174=CARTESIAN_POINT('',(0.00384391808600621,0.0428317954618651,3.29597460435593E-17));
#1175=CARTESIAN_POINT('',(0.00462189567616486,0.0423371185086499,0.0127));
#1176=CARTESIAN_POINT('',(0.00462189567616486,0.0423371185086499,3.81639164714898E-17));
#1177=CARTESIAN_POINT('',(0.00539461233692706,0.0418983960609805,0.0127));
#1178=CARTESIAN_POINT('',(0.00539461233692706,0.0418983960609805,2.77555756156289E-17));
#1179=CARTESIAN_POINT('',(0.00610667841920917,0.0415653325160386,0.0127));
#1180=CARTESIAN_POINT('',(0.00610667841920917,0.0415653325160386,2.60208521396521E-17));
#1181=CARTESIAN_POINT('',(0.0067283459184176,0.0413635936042737,0.0127));
#1182=CARTESIAN_POINT('',(0.0067283459184176,0.0413635936042737,3.81639164714898E-17));
#1183=CARTESIAN_POINT('',(0.00738911480165278,0.0412215906850558,0.0127));
#1184=CARTESIAN_POINT('',(0.00738911480165278,0.0412215906850558,2.77555756156289E-17));
#1185=CARTESIAN_POINT('',(0.00791796372750302,0.0411472327889852,0.0127));
#1186=CARTESIAN_POINT('',(0.00791796372750302,0.0411472327889852,3.64291929955129E-17));
#1187=CARTESIAN_POINT('',(0.00832804243817152,0.0410981349833827,0.0127));
#1188=CARTESIAN_POINT('',(0.00832804243817152,0.0410981349833827,2.94902990916057E-17));
#1189=CARTESIAN_POINT('',(0.00863241081961861,0.0410615839742071,0.0127));
#1190=CARTESIAN_POINT('',(0.00863241081961861,0.0410615839742071,2.94902990916057E-17));
#1191=CARTESIAN_POINT('',(0.00894578161818023,0.0410182215319113,0.0127));
#1192=CARTESIAN_POINT('',(0.00894578161818023,0.0410182215319113,3.81639164714898E-17));
#1193=CARTESIAN_POINT('',(0.00929865000219423,0.0409493448820445,0.0127));
#1194=CARTESIAN_POINT('',(0.00929865000219423,0.0409493448820445,3.64291929955129E-17));
#1195=CARTESIAN_POINT('',(0.00969129000636534,0.0408367087776484,0.0127));
#1196=CARTESIAN_POINT('',(0.00969129000636534,0.0408367087776484,3.46944695195361E-17));
#1197=CARTESIAN_POINT('',(0.0101522335397864,0.0405936153646818,0.0127));
#1198=CARTESIAN_POINT('',(0.0101522335397864,0.0405936153646818,3.12250225675825E-17));
#1199=CARTESIAN_POINT('',(0.0105846228734734,0.0402457511854078,0.0127));
#1200=CARTESIAN_POINT('',(0.0105846228734734,0.0402457511854078,3.46944695195361E-17));
#1201=CARTESIAN_POINT('',(0.0110110934614696,0.0396100602656869,0.0127));
#1202=CARTESIAN_POINT('',(0.0110110934614696,0.0396100602656869,3.12250225675825E-17));
#1203=CARTESIAN_POINT('',(0.0111714649254768,0.0387828300006618,0.0127));
#1204=CARTESIAN_POINT('',(0.0111714649254768,0.0387828300006618,2.94902990916057E-17));
#1205=CARTESIAN_POINT('',(0.0110445693249168,0.0381039882233182,0.0127));
#1206=CARTESIAN_POINT('',(0.0110445693249168,0.0381039882233182,3.81639164714898E-17));
#1207=CARTESIAN_POINT('',(0.0108524625733983,0.037687899200317,0.0127));
#1208=CARTESIAN_POINT('',(0.0108524625733983,0.037687899200317,2.60208521396521E-17));
#1209=CARTESIAN_POINT('',(0.0106736169327387,0.0374118744178037,0.0127));
#1210=CARTESIAN_POINT('',(0.0106736169327387,0.0374118744178037,3.29597460435593E-17));
#1211=CARTESIAN_POINT('',(0.0104599064385167,0.037145457624366,0.0127));
#1212=CARTESIAN_POINT('',(0.0104599064385167,0.037145457624366,3.29597460435593E-17));
#1213=CARTESIAN_POINT('',(0.0102264506783762,0.036909354650656,0.0127));
#1214=CARTESIAN_POINT('',(0.0102264506783762,0.036909354650656,3.12250225675825E-17));
#1215=CARTESIAN_POINT('',(0.00996008394040633,0.0366709164188712,0.0127));
#1216=CARTESIAN_POINT('',(0.00996008394040633,0.0366709164188712,3.12250225675825E-17));
#1217=CARTESIAN_POINT('',(0.00960231785982371,0.0363732271263732,0.0127));
#1218=CARTESIAN_POINT('',(0.00960231785982371,0.0363732271263732,3.46944695195361E-17));
#1219=CARTESIAN_POINT('',(0.00913827669255146,0.0360052494310869,0.0127));
#1220=CARTESIAN_POINT('',(0.00913827669255146,0.0360052494310869,3.12250225675825E-17));
#1221=CARTESIAN_POINT('',(0.00858192196842496,0.0355516600416755,0.0127));
#1222=CARTESIAN_POINT('',(0.00858192196842496,0.0355516600416755,3.12250225675825E-17));
#1223=CARTESIAN_POINT('',(0.00808561493683039,0.0351042672472581,0.0127));
#1224=CARTESIAN_POINT('',(0.00808561493683039,0.0351042672472581,3.29597460435593E-17));
#1225=CARTESIAN_POINT('',(0.007784915452767,0.0347753703311078,0.0127));
#1226=CARTESIAN_POINT('',(0.007784915452767,0.0347753703311078,3.12250225675825E-17));
#1227=CARTESIAN_POINT('',(0.00764436526773211,0.0345792356254782,0.0127));
#1228=CARTESIAN_POINT('',(0.00764436526773211,0.0345792356254782,3.29597460435593E-17));
#1229=CARTESIAN_POINT('',(0.00758917894386021,0.0344802311252007,0.0127));
#1230=CARTESIAN_POINT('',(0.00758917894386021,0.0344802311252007,3.46944695195361E-17));
#1231=CARTESIAN_POINT('',(0.00756229484952031,0.0344025367591893,0.0127));
#1232=CARTESIAN_POINT('',(0.00756229484952031,0.0344025367591893,3.46944695195361E-17));
#1233=CARTESIAN_POINT('',(0.00753092464719311,0.0341923360453303,0.0127));
#1234=CARTESIAN_POINT('',(0.00753092464719311,0.0341923360453303,2.94902990916057E-17));
#1235=CARTESIAN_POINT('',(0.00753773902730506,0.0338479765255804,0.0127));
#1236=CARTESIAN_POINT('',(0.00753773902730506,0.0338479765255804,3.29597460435593E-17));
#1237=CARTESIAN_POINT('',(0.00757216324184744,0.0334464058766711,0.0127));
#1238=CARTESIAN_POINT('',(0.00757216324184744,0.0334464058766711,3.12250225675825E-17));
#1239=CARTESIAN_POINT('',(0.00759485948960386,0.0330340826522021,0.0127));
#1240=CARTESIAN_POINT('',(0.00759485948960386,0.0330340826522021,3.29597460435593E-17));
#1241=CARTESIAN_POINT('',(0.00759286043732304,0.03266046820984,0.0127));
#1242=CARTESIAN_POINT('',(0.00759286043732304,0.03266046820984,3.29597460435593E-17));
#1243=CARTESIAN_POINT('',(0.00754999261104122,0.0322068986768951,0.0127));
#1244=CARTESIAN_POINT('',(0.00754999261104122,0.0322068986768951,3.46944695195361E-17));
#1245=CARTESIAN_POINT('',(0.0073850704244047,0.0316293524883562,0.0127));
#1246=CARTESIAN_POINT('',(0.0073850704244047,0.0316293524883562,3.46944695195361E-17));
#1247=CARTESIAN_POINT('',(0.00716389522533548,0.0312055603356994,0.0127));
#1248=CARTESIAN_POINT('',(0.00716389522533548,0.0312055603356994,2.77555756156289E-17));
#1249=CARTESIAN_POINT('',(0.00703979251616009,0.0310194182306016,0.0127));
#1250=CARTESIAN_POINT('',(0.00703979251616009,0.0310194182306016,3.29597460435593E-17));
#1251=CARTESIAN_POINT('',(0.00698993502708375,0.0309471960001157,0.0127));
#1252=CARTESIAN_POINT('',(0.00698993502708375,0.0309471960001157,3.29597460435593E-17));
#1253=CARTESIAN_POINT('',(-0.00184453568429327,0.0409991293760881,0.));
#1254=CARTESIAN_POINT('',(-0.00186066140256354,0.0410805710720785,0.));
#1255=CARTESIAN_POINT('',(-0.0018978377255457,0.0412550384356881,0.));
#1256=CARTESIAN_POINT('',(-0.00195114187449021,0.0414972284748491,0.));
#1257=CARTESIAN_POINT('',(-0.00199410487748095,0.0417117583963564,0.));
#1258=CARTESIAN_POINT('',(-0.00202518718637729,0.0418881605126395,0.));
#1259=CARTESIAN_POINT('',(-0.00205291733618373,0.0420887672027692,0.));
#1260=CARTESIAN_POINT('',(-0.00207246189409188,0.042329833636366,0.));
#1261=CARTESIAN_POINT('',(-0.00207054013395308,0.0426396772409145,0.));
#1262=CARTESIAN_POINT('',(-0.00202087431088077,0.0429979983637648,0.));
#1263=CARTESIAN_POINT('',(-0.00189737436365821,0.043370006893662,0.));
#1264=CARTESIAN_POINT('',(-0.00173653669325185,0.0436898940442782,0.));
#1265=CARTESIAN_POINT('',(-0.00148668598808803,0.0440208697157169,0.));
#1266=CARTESIAN_POINT('',(-0.00116665835264395,0.044304082075346,0.));
#1267=CARTESIAN_POINT('',(-0.000809414154617512,0.0445121557765221,0.));
#1268=CARTESIAN_POINT('',(-0.000339714329502722,0.0446799710848889,0.));
#1269=CARTESIAN_POINT('',(0.000156849242116592,0.0447257715230572,0.));
#1270=CARTESIAN_POINT('',(0.000578073034610671,0.0446764286231472,0.));
#1271=CARTESIAN_POINT('',(0.000889244999075522,0.0445963800342805,0.));
#1272=CARTESIAN_POINT('',(0.00113546882843425,0.0445075058227747,0.));
#1273=CARTESIAN_POINT('',(0.0013448271636747,0.0444157472045758,0.));
#1274=CARTESIAN_POINT('',(0.00153334607607702,0.0443218796683621,0.));
#1275=CARTESIAN_POINT('',(0.00176943937854978,0.0441933662606124,0.));
#1276=CARTESIAN_POINT('',(0.00205095560662268,0.0440248877065138,0.));
#1277=CARTESIAN_POINT('',(0.00238982328825711,0.0438078118904979,0.));
#1278=CARTESIAN_POINT('',(0.00273761845846591,0.0435767065767324,0.));
#1279=CARTESIAN_POINT('',(0.00309692537006721,0.0433344192429016,0.));
#1280=CARTESIAN_POINT('',(0.00346738263877267,0.0430850022886239,0.));
#1281=CARTESIAN_POINT('',(0.00397357772616497,0.0427493468981128,0.));
#1282=CARTESIAN_POINT('',(0.00462218768817087,0.0423369875764936,0.));
#1283=CARTESIAN_POINT('',(0.00526495348231681,0.0419719116702773,0.));
#1284=CARTESIAN_POINT('',(0.00575215791573751,0.041731179112507,0.));
#1285=CARTESIAN_POINT('',(0.00609685363652801,0.0415812583588952,0.));
#1286=CARTESIAN_POINT('',(0.0064100994703327,0.0414671071813206,0.));
#1287=CARTESIAN_POINT('',(0.00684278452001171,0.0413383915094197,0.));
#1288=CARTESIAN_POINT('',(0.0072784642676504,0.0412454259451588,0.));
#1289=CARTESIAN_POINT('',(0.00770626072046026,0.0411770654957511,0.));
#1290=CARTESIAN_POINT('',(0.00802053221942354,0.0411349369026347,0.));
#1291=CARTESIAN_POINT('',(0.00832801061786218,0.0410981311748445,0.));
#1292=CARTESIAN_POINT('',(0.00863248928660222,0.0410616206433098,0.));
#1293=CARTESIAN_POINT('',(0.00889333118989702,0.0410253356605838,0.));
#1294=CARTESIAN_POINT('',(0.00912259964813124,0.0409839791742357,0.));
#1295=CARTESIAN_POINT('',(0.00931320788380131,0.0409416980189339,0.));
#1296=CARTESIAN_POINT('',(0.00953476845081971,0.0408790113668872,0.));
#1297=CARTESIAN_POINT('',(0.00980641477175742,0.0407765241390855,0.));
#1298=CARTESIAN_POINT('',(0.0101521435655148,0.0405940123584873,0.));
#1299=CARTESIAN_POINT('',(0.010512935501355,0.0403019808060037,0.));
#1300=CARTESIAN_POINT('',(0.0107971966320342,0.0399309722634942,0.));
#1301=CARTESIAN_POINT('',(0.0109771919366752,0.0395855668495205,0.));
#1302=CARTESIAN_POINT('',(0.0110944972660914,0.0391955825872461,0.));
#1303=CARTESIAN_POINT('',(0.0111347576040439,0.0388019127314086,0.));
#1304=CARTESIAN_POINT('',(0.0111079948060269,0.0384421349787804,0.));
#1305=CARTESIAN_POINT('',(0.0110125648207984,0.038035377746485,0.));
#1306=CARTESIAN_POINT('',(0.0108524545790351,0.0376876306233579,0.));
#1307=CARTESIAN_POINT('',(0.0106736313659543,0.0374120097778422,0.));
#1308=CARTESIAN_POINT('',(0.0105132843235718,0.0372117889595292,0.));
#1309=CARTESIAN_POINT('',(0.0103667086552469,0.0370519725276292,0.));
#1310=CARTESIAN_POINT('',(0.0101819466509,0.0368690596886343,0.));
#1311=CARTESIAN_POINT('',(0.00996014747680644,0.0366711332656539,0.));
#1312=CARTESIAN_POINT('',(0.00969164942702747,0.0364474917397933,0.));
#1313=CARTESIAN_POINT('',(0.00941707766828249,0.0362264500402938,0.));
#1314=CARTESIAN_POINT('',(0.00913824494121744,0.0360036438993101,0.));
#1315=CARTESIAN_POINT('',(0.0088600973987557,0.0357784547939187,0.));
#1316=CARTESIAN_POINT('',(0.00849916331651434,0.0354770798444407,0.));
#1317=CARTESIAN_POINT('',(0.00816862619553732,0.0351789356033319,0.));
#1318=CARTESIAN_POINT('',(0.00790469196453143,0.0349067527223518,0.));
#1319=CARTESIAN_POINT('',(0.00774950361176679,0.0347256291982481,0.));
#1320=CARTESIAN_POINT('',(0.00766322204242755,0.0346061397217953,0.));
#1321=CARTESIAN_POINT('',(0.00762140685240963,0.0345379533645608,0.));
#1322=CARTESIAN_POINT('',(0.00760517346161643,0.0345075496934392,0.));
#1323=CARTESIAN_POINT('',(0.00759259197429362,0.0344801658670367,0.));
#1324=CARTESIAN_POINT('',(0.00757783588344446,0.0344418916418179,0.));
#1325=CARTESIAN_POINT('',(0.00756191831297233,0.0343870968417857,0.));
#1326=CARTESIAN_POINT('',(0.0075459671585742,0.034297015111523,0.));
#1327=CARTESIAN_POINT('',(0.00753240591941055,0.0341351384441532,0.));
#1328=CARTESIAN_POINT('',(0.00753675486102494,0.0339056853770172,0.));
#1329=CARTESIAN_POINT('',(0.00755804193393834,0.0336064329264523,0.));
#1330=CARTESIAN_POINT('',(0.00757799734683224,0.033343542020095,0.));
#1331=CARTESIAN_POINT('',(0.00759457093951326,0.033033816063819,0.));
#1332=CARTESIAN_POINT('',(0.00759397398545198,0.0327234006888297,0.));
#1333=CARTESIAN_POINT('',(0.00757007956325233,0.0324325426315703,0.));
#1334=CARTESIAN_POINT('',(0.00753998885055661,0.0322305970949243,0.));
#1335=CARTESIAN_POINT('',(0.00750295480929408,0.0320571244057113,0.));
#1336=CARTESIAN_POINT('',(0.00746701958013288,0.0319196288045727,0.));
#1337=CARTESIAN_POINT('',(0.00742354367812808,0.0317818546170852,0.));
#1338=CARTESIAN_POINT('',(0.00732884682550905,0.031525235860986,0.));
#1339=CARTESIAN_POINT('',(0.00716428671970555,0.0312047892153655,0.));
#1340=CARTESIAN_POINT('',(0.0070397925161601,0.0310194182306016,0.));
#1341=CARTESIAN_POINT('',(0.00698993502708375,0.0309471960001157,0.));
#1342=CARTESIAN_POINT('',(0.00698993502708356,0.0309471960001154,0.));
#1343=CARTESIAN_POINT('',(-0.00184453568429327,0.0409991293760881,0.0127));
#1344=CARTESIAN_POINT('',(-0.00186066140256354,0.0410805710720785,0.0127));
#1345=CARTESIAN_POINT('',(-0.0018978377255457,0.0412550384356881,0.0127));
#1346=CARTESIAN_POINT('',(-0.00195114187449021,0.0414972284748491,0.0127));
#1347=CARTESIAN_POINT('',(-0.00199410487748095,0.0417117583963564,0.0127));
#1348=CARTESIAN_POINT('',(-0.00202518718637729,0.0418881605126395,0.0127));
#1349=CARTESIAN_POINT('',(-0.00205291733618373,0.0420887672027692,0.0127));
#1350=CARTESIAN_POINT('',(-0.00207246189409188,0.042329833636366,0.0127));
#1351=CARTESIAN_POINT('',(-0.00207054013395308,0.0426396772409145,0.0127));
#1352=CARTESIAN_POINT('',(-0.00202087431088077,0.0429979983637648,0.0127));
#1353=CARTESIAN_POINT('',(-0.00189737436365821,0.043370006893662,0.0127));
#1354=CARTESIAN_POINT('',(-0.00173653669325185,0.0436898940442782,0.0127));
#1355=CARTESIAN_POINT('',(-0.00148668598808803,0.0440208697157169,0.0127));
#1356=CARTESIAN_POINT('',(-0.00116665835264395,0.044304082075346,0.0127));
#1357=CARTESIAN_POINT('',(-0.000809414154617512,0.0445121557765221,0.0127));
#1358=CARTESIAN_POINT('',(-0.000339714329502722,0.0446799710848889,0.0127));
#1359=CARTESIAN_POINT('',(0.000156849242116592,0.0447257715230572,0.0127));
#1360=CARTESIAN_POINT('',(0.000578073034610671,0.0446764286231472,0.0127));
#1361=CARTESIAN_POINT('',(0.000889244999075522,0.0445963800342805,0.0127));
#1362=CARTESIAN_POINT('',(0.00113546882843425,0.0445075058227747,0.0127));
#1363=CARTESIAN_POINT('',(0.0013448271636747,0.0444157472045758,0.0127));
#1364=CARTESIAN_POINT('',(0.00153334607607702,0.0443218796683621,0.0127));
#1365=CARTESIAN_POINT('',(0.00176943937854978,0.0441933662606124,0.0127));
#1366=CARTESIAN_POINT('',(0.00205095560662268,0.0440248877065138,0.0127));
#1367=CARTESIAN_POINT('',(0.00238982328825711,0.0438078118904979,0.0127));
#1368=CARTESIAN_POINT('',(0.00273761845846591,0.0435767065767324,0.0127));
#1369=CARTESIAN_POINT('',(0.00309692537006721,0.0433344192429016,0.0127));
#1370=CARTESIAN_POINT('',(0.00346738263877267,0.0430850022886239,0.0127));
#1371=CARTESIAN_POINT('',(0.00397357772616497,0.0427493468981128,0.0127));
#1372=CARTESIAN_POINT('',(0.00462218768817087,0.0423369875764936,0.0127));
#1373=CARTESIAN_POINT('',(0.00526495348231681,0.0419719116702773,0.0127));
#1374=CARTESIAN_POINT('',(0.00575215791573751,0.041731179112507,0.0127));
#1375=CARTESIAN_POINT('',(0.00609685363652801,0.0415812583588952,0.0127));
#1376=CARTESIAN_POINT('',(0.0064100994703327,0.0414671071813206,0.0127));
#1377=CARTESIAN_POINT('',(0.00684278452001171,0.0413383915094197,0.0127));
#1378=CARTESIAN_POINT('',(0.0072784642676504,0.0412454259451588,0.0127));
#1379=CARTESIAN_POINT('',(0.00770626072046026,0.0411770654957511,0.0127));
#1380=CARTESIAN_POINT('',(0.00802053221942354,0.0411349369026347,0.0127));
#1381=CARTESIAN_POINT('',(0.00832801061786218,0.0410981311748445,0.0127));
#1382=CARTESIAN_POINT('',(0.00863248928660222,0.0410616206433098,0.0127));
#1383=CARTESIAN_POINT('',(0.00889333118989702,0.0410253356605838,0.0127));
#1384=CARTESIAN_POINT('',(0.00912259964813124,0.0409839791742357,0.0127));
#1385=CARTESIAN_POINT('',(0.00931320788380131,0.0409416980189339,0.0127));
#1386=CARTESIAN_POINT('',(0.00953476845081971,0.0408790113668872,0.0127));
#1387=CARTESIAN_POINT('',(0.00980641477175742,0.0407765241390855,0.0127));
#1388=CARTESIAN_POINT('',(0.0101521435655148,0.0405940123584873,0.0127));
#1389=CARTESIAN_POINT('',(0.010512935501355,0.0403019808060037,0.0127));
#1390=CARTESIAN_POINT('',(0.0107971966320342,0.0399309722634942,0.0127));
#1391=CARTESIAN_POINT('',(0.0109771919366752,0.0395855668495205,0.0127));
#1392=CARTESIAN_POINT('',(0.0110944972660914,0.0391955825872461,0.0127));
#1393=CARTESIAN_POINT('',(0.0111347576040439,0.0388019127314086,0.0127));
#1394=CARTESIAN_POINT('',(0.0111079948060269,0.0384421349787804,0.0127));
#1395=CARTESIAN_POINT('',(0.0110125648207984,0.038035377746485,0.0127));
#1396=CARTESIAN_POINT('',(0.0108524545790351,0.0376876306233579,0.0127));
#1397=CARTESIAN_POINT('',(0.0106736313659543,0.0374120097778422,0.0127));
#1398=CARTESIAN_POINT('',(0.0105132843235718,0.0372117889595292,0.0127));
#1399=CARTESIAN_POINT('',(0.0103667086552469,0.0370519725276292,0.0127));
#1400=CARTESIAN_POINT('',(0.0101819466509,0.0368690596886343,0.0127));
#1401=CARTESIAN_POINT('',(0.00996014747680644,0.0366711332656539,0.0127));
#1402=CARTESIAN_POINT('',(0.00969164942702747,0.0364474917397933,0.0127));
#1403=CARTESIAN_POINT('',(0.00941707766828249,0.0362264500402938,0.0127));
#1404=CARTESIAN_POINT('',(0.00913824494121744,0.0360036438993101,0.0127));
#1405=CARTESIAN_POINT('',(0.0088600973987557,0.0357784547939187,0.0127));
#1406=CARTESIAN_POINT('',(0.00849916331651434,0.0354770798444407,0.0127));
#1407=CARTESIAN_POINT('',(0.00816862619553732,0.0351789356033319,0.0127));
#1408=CARTESIAN_POINT('',(0.00790469196453143,0.0349067527223518,0.0127));
#1409=CARTESIAN_POINT('',(0.00774950361176679,0.0347256291982481,0.0127));
#1410=CARTESIAN_POINT('',(0.00766322204242755,0.0346061397217953,0.0127));
#1411=CARTESIAN_POINT('',(0.00762140685240963,0.0345379533645608,0.0127));
#1412=CARTESIAN_POINT('',(0.00760517346161643,0.0345075496934392,0.0127));
#1413=CARTESIAN_POINT('',(0.00759259197429362,0.0344801658670367,0.0127));
#1414=CARTESIAN_POINT('',(0.00757783588344446,0.0344418916418179,0.0127));
#1415=CARTESIAN_POINT('',(0.00756191831297233,0.0343870968417857,0.0127));
#1416=CARTESIAN_POINT('',(0.0075459671585742,0.034297015111523,0.0127));
#1417=CARTESIAN_POINT('',(0.00753240591941055,0.0341351384441532,0.0127));
#1418=CARTESIAN_POINT('',(0.00753675486102494,0.0339056853770172,0.0127));
#1419=CARTESIAN_POINT('',(0.00755804193393834,0.0336064329264523,0.0127));
#1420=CARTESIAN_POINT('',(0.00757799734683224,0.033343542020095,0.0127));
#1421=CARTESIAN_POINT('',(0.00759457093951326,0.033033816063819,0.0127));
#1422=CARTESIAN_POINT('',(0.00759397398545198,0.0327234006888297,0.0127));
#1423=CARTESIAN_POINT('',(0.00757007956325233,0.0324325426315703,0.0127));
#1424=CARTESIAN_POINT('',(0.00753998885055661,0.0322305970949243,0.0127));
#1425=CARTESIAN_POINT('',(0.00750295480929408,0.0320571244057113,0.0127));
#1426=CARTESIAN_POINT('',(0.00746701958013288,0.0319196288045727,0.0127));
#1427=CARTESIAN_POINT('',(0.00742354367812808,0.0317818546170852,0.0127));
#1428=CARTESIAN_POINT('',(0.00732884682550905,0.031525235860986,0.0127));
#1429=CARTESIAN_POINT('',(0.00716428671970555,0.0312047892153655,0.0127));
#1430=CARTESIAN_POINT('',(0.0070397925161601,0.0310194182306016,0.0127));
#1431=CARTESIAN_POINT('',(0.00698993502708375,0.0309471960001157,0.0127));
#1432=CARTESIAN_POINT('',(0.00698993502708356,0.0309471960001154,0.0127));
#1433=CARTESIAN_POINT('',(0.00698993502708356,0.0309471960001154,0.0127));
#1434=CARTESIAN_POINT('',(0.00698993502708347,0.0309471960001154,0.0127));
#1435=CARTESIAN_POINT('',(0.00698993502708347,0.0309471960001154,6.93889390390723E-18));
#1436=CARTESIAN_POINT('',(0.00706736090241731,0.0306865520732843,0.0127));
#1437=CARTESIAN_POINT('',(0.00706736090241731,0.0306865520732843,8.67361737988404E-18));
#1438=CARTESIAN_POINT('',(0.00744063977666105,0.029779317553681,0.0127));
#1439=CARTESIAN_POINT('',(0.00744063977666105,0.029779317553681,5.20417042793042E-18));
#1440=CARTESIAN_POINT('',(0.00852504005465447,0.0279211088494261,0.0127));
#1441=CARTESIAN_POINT('',(0.00852504005465447,0.0279211088494261,1.21430643318376E-17));
#1442=CARTESIAN_POINT('',(0.00997715122780259,0.0258153782132195,0.0127));
#1443=CARTESIAN_POINT('',(0.00997715122780259,0.0258153782132195,8.67361737988404E-18));
#1444=CARTESIAN_POINT('',(0.0116606343458359,0.0236813006347225,0.0127));
#1445=CARTESIAN_POINT('',(0.0116606343458359,0.0236813006347225,6.93889390390723E-18));
#1446=CARTESIAN_POINT('',(0.0134373437368819,0.0217173977262066,0.0127));
#1447=CARTESIAN_POINT('',(0.0134373437368819,0.0217173977262066,1.04083408558608E-17));
#1448=CARTESIAN_POINT('',(0.0148661452067539,0.0203949607991913,0.0127));
#1449=CARTESIAN_POINT('',(0.0148661452067539,0.0203949607991913,1.73472347597681E-18));
#1450=CARTESIAN_POINT('',(0.0158830078150245,0.019627686498458,0.0127));
#1451=CARTESIAN_POINT('',(0.0158830078150245,0.019627686498458,6.93889390390723E-18));
#1452=CARTESIAN_POINT('',(0.0165148924990601,0.0192410420637606,0.0127));
#1453=CARTESIAN_POINT('',(0.0165148924990601,0.0192410420637606,1.21430643318376E-17));
#1454=CARTESIAN_POINT('',(0.0170703880165033,0.0189903014783947,0.0127));
#1455=CARTESIAN_POINT('',(0.0170703880165033,0.0189903014783947,5.20417042793042E-18));
#1456=CARTESIAN_POINT('',(0.0175927138113828,0.0188157251950324,0.0127));
#1457=CARTESIAN_POINT('',(0.0175927138113828,0.0188157251950324,1.21430643318376E-17));
#1458=CARTESIAN_POINT('',(0.0180987663850747,0.0186880633913004,0.0127));
#1459=CARTESIAN_POINT('',(0.0180987663850747,0.0186880633913004,5.20417042793042E-18));
#1460=CARTESIAN_POINT('',(0.0186283893130404,0.0185663744330054,0.0127));
#1461=CARTESIAN_POINT('',(0.0186283893130404,0.0185663744330054,8.67361737988404E-18));
#1462=CARTESIAN_POINT('',(0.019166757876606,0.0184196813092572,0.0127));
#1463=CARTESIAN_POINT('',(0.019166757876606,0.0184196813092572,1.04083408558608E-17));
#1464=CARTESIAN_POINT('',(0.019749620649302,0.0181396882126152,0.0127));
#1465=CARTESIAN_POINT('',(0.019749620649302,0.0181396882126152,5.20417042793042E-18));
#1466=CARTESIAN_POINT('',(0.0202630746874688,0.0177570760778789,0.0127));
#1467=CARTESIAN_POINT('',(0.0202630746874688,0.0177570760778789,8.67361737988404E-18));
#1468=CARTESIAN_POINT('',(0.0207354347266519,0.0171278960453613,0.0127));
#1469=CARTESIAN_POINT('',(0.0207354347266519,0.0171278960453613,1.73472347597681E-18));
#1470=CARTESIAN_POINT('',(0.0209708572891879,0.016372477663403,0.0127));
#1471=CARTESIAN_POINT('',(0.0209708572891879,0.016372477663403,6.93889390390723E-18));
#1472=CARTESIAN_POINT('',(0.0209886848548338,0.0157596323431499,0.0127));
#1473=CARTESIAN_POINT('',(0.0209886848548338,0.0157596323431499,8.67361737988404E-18));
#1474=CARTESIAN_POINT('',(0.0208917114420337,0.01508567369407,0.0127));
#1475=CARTESIAN_POINT('',(0.0208917114420337,0.01508567369407,8.67361737988404E-18));
#1476=CARTESIAN_POINT('',(0.0206471883610802,0.0144032817982722,0.0127));
#1477=CARTESIAN_POINT('',(0.0206471883610802,0.0144032817982722,8.67361737988404E-18));
#1478=CARTESIAN_POINT('',(0.0202460261791328,0.0136637472536382,0.0127));
#1479=CARTESIAN_POINT('',(0.0202460261791328,0.0136637472536382,3.46944695195361E-18));
#1480=CARTESIAN_POINT('',(0.0197419714594328,0.0129640570910933,0.0127));
#1481=CARTESIAN_POINT('',(0.0197419714594328,0.0129640570910933,1.04083408558608E-17));
#1482=CARTESIAN_POINT('',(0.0191339124292019,0.012301500879335,0.0127));
#1483=CARTESIAN_POINT('',(0.0191339124292019,0.012301500879335,5.20417042793042E-18));
#1484=CARTESIAN_POINT('',(0.0184268688400495,0.0116958522671684,0.0127));
#1485=CARTESIAN_POINT('',(0.0184268688400495,0.0116958522671684,8.67361737988404E-18));
#1486=CARTESIAN_POINT('',(0.0175610032653574,0.0111646720255854,0.0127));
#1487=CARTESIAN_POINT('',(0.0175610032653574,0.0111646720255854,1.04083408558608E-17));
#1488=CARTESIAN_POINT('',(0.0167231719256524,0.0108294715064895,0.0127));
#1489=CARTESIAN_POINT('',(0.0167231719256524,0.0108294715064895,3.46944695195361E-18));
#1490=CARTESIAN_POINT('',(0.0157414134973307,0.0105462960475217,0.0127));
#1491=CARTESIAN_POINT('',(0.0157414134973307,0.0105462960475217,8.67361737988404E-18));
#1492=CARTESIAN_POINT('',(0.0151920353861524,0.0104237341708863,0.0127));
#1493=CARTESIAN_POINT('',(0.0151920353861524,0.0104237341708863,8.67361737988404E-18));
#1494=CARTESIAN_POINT('',(0.0149703153664937,0.0103550824747296,0.0127));
#1495=CARTESIAN_POINT('',(0.0149703153664937,0.0103550824747296,8.67361737988404E-18));
#1496=CARTESIAN_POINT('',(0.00698993502708347,0.0309471960001154,0.));
#1497=CARTESIAN_POINT('',(0.00702864796475039,0.0308168740366999,0.));
#1498=CARTESIAN_POINT('',(0.00715944596096149,0.0304537567569129,0.));
#1499=CARTESIAN_POINT('',(0.00762208445110452,0.0294730737589791,0.));
#1500=CARTESIAN_POINT('',(0.00852481170173729,0.0279199233777142,0.));
#1501=CARTESIAN_POINT('',(0.00997716541515446,0.0258157338185161,0.));
#1502=CARTESIAN_POINT('',(0.0113801991936472,0.0240368420407928,0.));
#1503=CARTESIAN_POINT('',(0.0125487245424184,0.0226995268020275,0.));
#1504=CARTESIAN_POINT('',(0.0134295922007327,0.0217645942141884,0.));
#1505=CARTESIAN_POINT('',(0.0142948214487429,0.0209234612945561,0.));
#1506=CARTESIAN_POINT('',(0.0149834916021388,0.0203228506800606,0.));
#1507=CARTESIAN_POINT('',(0.0155002887609595,0.0199162719992234,0.));
#1508=CARTESIAN_POINT('',(0.0158656833040887,0.0196519447910285,0.));
#1509=CARTESIAN_POINT('',(0.0162042626406655,0.019430879118263,0.));
#1510=CARTESIAN_POINT('',(0.0165043028916513,0.0192586807085442,0.));
#1511=CARTESIAN_POINT('',(0.0167914916204975,0.0191165542794555,0.));
#1512=CARTESIAN_POINT('',(0.0171580933446301,0.018960691884179,0.));
#1513=CARTESIAN_POINT('',(0.0175925977369819,0.0188159345760406,0.));
#1514=CARTESIAN_POINT('',(0.0180141214836816,0.0187092257625531,0.));
#1515=CARTESIAN_POINT('',(0.0183641461143378,0.018627383308816,0.));
#1516=CARTESIAN_POINT('',(0.018642735369805,0.0185602463254705,0.));
#1517=CARTESIAN_POINT('',(0.0189516676329975,0.0184755351971316,0.));
#1518=CARTESIAN_POINT('',(0.0193123859806086,0.0183503644188138,0.));
#1519=CARTESIAN_POINT('',(0.0197497138241702,0.0181397860393714,0.));
#1520=CARTESIAN_POINT('',(0.0201772769516681,0.0178199671625092,0.));
#1521=CARTESIAN_POINT('',(0.0204996357850782,0.017444046184355,0.));
#1522=CARTESIAN_POINT('',(0.0207051154858777,0.0171117640897331,0.));
#1523=CARTESIAN_POINT('',(0.0208555731546754,0.01675003537944,0.));
#1524=CARTESIAN_POINT('',(0.0209434404227124,0.01639023719876,0.));
#1525=CARTESIAN_POINT('',(0.0209782138927124,0.0160664548676431,0.));
#1526=CARTESIAN_POINT('',(0.0209774154361892,0.0156752033123653,0.));
#1527=CARTESIAN_POINT('',(0.0209160703701268,0.015253821831354,0.));
#1528=CARTESIAN_POINT('',(0.020792440315512,0.0148142357702774,0.));
#1529=CARTESIAN_POINT('',(0.0206340197313214,0.0144127856218797,0.));
#1530=CARTESIAN_POINT('',(0.0204468764408802,0.01403364826216,0.));
#1531=CARTESIAN_POINT('',(0.0201619092985834,0.0135470664458653,0.));
#1532=CARTESIAN_POINT('',(0.0197415954509585,0.0129639804362086,0.));
#1533=CARTESIAN_POINT('',(0.0192364913869293,0.0124122226599644,0.));
#1534=CARTESIAN_POINT('',(0.0187782414214805,0.0119981595626232,0.));
#1535=CARTESIAN_POINT('',(0.0184056447247218,0.0117048150702655,0.));
#1536=CARTESIAN_POINT('',(0.0180015707343896,0.0114321621299085,0.));
#1537=CARTESIAN_POINT('',(0.0175628536619656,0.0111885560801907,0.));
#1538=CARTESIAN_POINT('',(0.0171410684448794,0.0109976254253279,0.));
#1539=CARTESIAN_POINT('',(0.0166010798599367,0.0107938629085891,0.));
#1540=CARTESIAN_POINT('',(0.0159862992171165,0.0106162266055761,0.));
#1541=CARTESIAN_POINT('',(0.0153765129095414,0.0104681226938127,0.));
#1542=CARTESIAN_POINT('',(0.015081175376323,0.010389408322808,0.));
#1543=CARTESIAN_POINT('',(0.0149703153664937,0.0103550824747296,0.));
#1544=CARTESIAN_POINT('',(0.0149703153664937,0.0103550824747296,0.));
#1545=CARTESIAN_POINT('',(0.00698993502708347,0.0309471960001154,0.0127));
#1546=CARTESIAN_POINT('',(0.00702864796475039,0.0308168740366999,0.0127));
#1547=CARTESIAN_POINT('',(0.00715944596096149,0.0304537567569129,0.0127));
#1548=CARTESIAN_POINT('',(0.00762208445110452,0.0294730737589791,0.0127));
#1549=CARTESIAN_POINT('',(0.00852481170173729,0.0279199233777142,0.0127));
#1550=CARTESIAN_POINT('',(0.00997716541515446,0.0258157338185161,0.0127));
#1551=CARTESIAN_POINT('',(0.0113801991936472,0.0240368420407928,0.0127));
#1552=CARTESIAN_POINT('',(0.0125487245424184,0.0226995268020275,0.0127));
#1553=CARTESIAN_POINT('',(0.0134295922007327,0.0217645942141884,0.0127));
#1554=CARTESIAN_POINT('',(0.0142948214487429,0.0209234612945561,0.0127));
#1555=CARTESIAN_POINT('',(0.0149834916021388,0.0203228506800606,0.0127));
#1556=CARTESIAN_POINT('',(0.0155002887609595,0.0199162719992234,0.0127));
#1557=CARTESIAN_POINT('',(0.0158656833040887,0.0196519447910285,0.0127));
#1558=CARTESIAN_POINT('',(0.0162042626406655,0.019430879118263,0.0127));
#1559=CARTESIAN_POINT('',(0.0165043028916513,0.0192586807085442,0.0127));
#1560=CARTESIAN_POINT('',(0.0167914916204975,0.0191165542794555,0.0127));
#1561=CARTESIAN_POINT('',(0.0171580933446301,0.018960691884179,0.0127));
#1562=CARTESIAN_POINT('',(0.0175925977369819,0.0188159345760406,0.0127));
#1563=CARTESIAN_POINT('',(0.0180141214836816,0.0187092257625531,0.0127));
#1564=CARTESIAN_POINT('',(0.0183641461143378,0.018627383308816,0.0127));
#1565=CARTESIAN_POINT('',(0.018642735369805,0.0185602463254705,0.0127));
#1566=CARTESIAN_POINT('',(0.0189516676329975,0.0184755351971316,0.0127));
#1567=CARTESIAN_POINT('',(0.0193123859806086,0.0183503644188138,0.0127));
#1568=CARTESIAN_POINT('',(0.0197497138241702,0.0181397860393714,0.0127));
#1569=CARTESIAN_POINT('',(0.0201772769516681,0.0178199671625092,0.0127));
#1570=CARTESIAN_POINT('',(0.0204996357850782,0.017444046184355,0.0127));
#1571=CARTESIAN_POINT('',(0.0207051154858777,0.0171117640897331,0.0127));
#1572=CARTESIAN_POINT('',(0.0208555731546754,0.01675003537944,0.0127));
#1573=CARTESIAN_POINT('',(0.0209434404227124,0.01639023719876,0.0127));
#1574=CARTESIAN_POINT('',(0.0209782138927124,0.0160664548676431,0.0127));
#1575=CARTESIAN_POINT('',(0.0209774154361892,0.0156752033123653,0.0127));
#1576=CARTESIAN_POINT('',(0.0209160703701268,0.015253821831354,0.0127));
#1577=CARTESIAN_POINT('',(0.020792440315512,0.0148142357702774,0.0127));
#1578=CARTESIAN_POINT('',(0.0206340197313214,0.0144127856218797,0.0127));
#1579=CARTESIAN_POINT('',(0.0204468764408802,0.01403364826216,0.0127));
#1580=CARTESIAN_POINT('',(0.0201619092985834,0.0135470664458653,0.0127));
#1581=CARTESIAN_POINT('',(0.0197415954509585,0.0129639804362086,0.0127));
#1582=CARTESIAN_POINT('',(0.0192364913869293,0.0124122226599644,0.0127));
#1583=CARTESIAN_POINT('',(0.0187782414214805,0.0119981595626232,0.0127));
#1584=CARTESIAN_POINT('',(0.0184056447247218,0.0117048150702655,0.0127));
#1585=CARTESIAN_POINT('',(0.0180015707343896,0.0114321621299085,0.0127));
#1586=CARTESIAN_POINT('',(0.0175628536619656,0.0111885560801907,0.0127));
#1587=CARTESIAN_POINT('',(0.0171410684448794,0.0109976254253279,0.0127));
#1588=CARTESIAN_POINT('',(0.0166010798599367,0.0107938629085891,0.0127));
#1589=CARTESIAN_POINT('',(0.0159862992171165,0.0106162266055761,0.0127));
#1590=CARTESIAN_POINT('',(0.0153765129095414,0.0104681226938127,0.0127));
#1591=CARTESIAN_POINT('',(0.015081175376323,0.010389408322808,0.0127));
#1592=CARTESIAN_POINT('',(0.0149703153664937,0.0103550824747296,0.0127));
#1593=CARTESIAN_POINT('',(0.0149703153664937,0.0103550824747296,0.0127));
#1594=CARTESIAN_POINT('',(0.0149703153664937,0.0103550824747296,0.0127));
#1595=CARTESIAN_POINT('',(0.0149703153664937,0.0103550824747296,0.0127));
#1596=CARTESIAN_POINT('',(0.0149703153664937,0.0103550824747296,5.20417042793042E-18));
#1597=CARTESIAN_POINT('',(0.014973482765836,0.0100911664058532,0.0127));
#1598=CARTESIAN_POINT('',(0.014973482765836,0.0100911664058532,5.20417042793042E-18));
#1599=CARTESIAN_POINT('',(0.0151251927119054,0.00917821633637758,0.0127));
#1600=CARTESIAN_POINT('',(0.0151251927119054,0.00917821633637758,5.20417042793042E-18));
#1601=CARTESIAN_POINT('',(0.0161604368679025,0.00690864181864657,0.0127));
#1602=CARTESIAN_POINT('',(0.0161604368679025,0.00690864181864657,8.67361737988404E-18));
#1603=CARTESIAN_POINT('',(0.0183252274645747,0.0046557321748416,0.0127));
#1604=CARTESIAN_POINT('',(0.0183252274645747,0.0046557321748416,5.20417042793042E-18));
#1605=CARTESIAN_POINT('',(0.0221753677199849,0.00248908741435036,0.0127));
#1606=CARTESIAN_POINT('',(0.0221753677199849,0.00248908741435036,6.93889390390723E-18));
#1607=CARTESIAN_POINT('',(0.025688388372361,0.000920563900193171,0.0127));
#1608=CARTESIAN_POINT('',(0.025688388372361,0.000920563900193171,8.67361737988404E-18));
#1609=CARTESIAN_POINT('',(0.0282732249856022,-0.000568318565094701,0.0127));
#1610=CARTESIAN_POINT('',(0.0282732249856022,-0.000568318565094701,6.93889390390723E-18));
#1611=CARTESIAN_POINT('',(0.0300100184620687,-0.00198592618146305,0.0127));
#1612=CARTESIAN_POINT('',(0.0300100184620687,-0.00198592618146305,6.93889390390723E-18));
#1613=CARTESIAN_POINT('',(0.031296571446878,-0.00402169265949374,0.0127));
#1614=CARTESIAN_POINT('',(0.031296571446878,-0.00402169265949374,5.20417042793042E-18));
#1615=CARTESIAN_POINT('',(0.0315375308510015,-0.00611823245883963,0.0127));
#1616=CARTESIAN_POINT('',(0.0315375308510015,-0.00611823245883963,1.21430643318376E-17));
#1617=CARTESIAN_POINT('',(0.0310106134962841,-0.00779965125994745,0.0127));
#1618=CARTESIAN_POINT('',(0.0310106134962841,-0.00779965125994745,5.20417042793042E-18));
#1619=CARTESIAN_POINT('',(0.0302290001713471,-0.00894064042304651,0.0127));
#1620=CARTESIAN_POINT('',(0.0302290001713471,-0.00894064042304651,1.21430643318376E-17));
#1621=CARTESIAN_POINT('',(0.0292425540746504,-0.00979025822467796,0.0127));
#1622=CARTESIAN_POINT('',(0.0292425540746504,-0.00979025822467796,3.46944695195361E-18));
#1623=CARTESIAN_POINT('',(0.0278251548511236,-0.0106631308728012,0.0127));
#1624=CARTESIAN_POINT('',(0.0278251548511236,-0.0106631308728012,1.04083408558608E-17));
#1625=CARTESIAN_POINT('',(0.0258945147002851,-0.0114598448903814,0.0127));
#1626=CARTESIAN_POINT('',(0.0258945147002851,-0.0114598448903814,1.04083408558608E-17));
#1627=CARTESIAN_POINT('',(0.0243630091443421,-0.0119071992282562,0.0127));
#1628=CARTESIAN_POINT('',(0.0243630091443421,-0.0119071992282562,6.93889390390723E-18));
#1629=CARTESIAN_POINT('',(0.0236575332977246,-0.0120922281695309,0.0127));
#1630=CARTESIAN_POINT('',(0.0236575332977246,-0.0120922281695309,6.93889390390723E-18));
#1631=CARTESIAN_POINT('',(0.0149703153664937,0.0103550824747296,0.));
#1632=CARTESIAN_POINT('',(0.0149718990661649,0.0102231244402914,0.));
#1633=CARTESIAN_POINT('',(0.0150068350467026,0.00985897497378615,0.));
#1634=CARTESIAN_POINT('',(0.0151949280407564,0.009137031456854,0.));
#1635=CARTESIAN_POINT('',(0.0155134772595979,0.00832944143297859,0.));
#1636=CARTESIAN_POINT('',(0.0158728791516413,0.00764450762550109,0.));
#1637=CARTESIAN_POINT('',(0.016205146642171,0.00711891603241203,0.));
#1638=CARTESIAN_POINT('',(0.0165596914128672,0.00662138424302224,0.));
#1639=CARTESIAN_POINT('',(0.0172588384692697,0.00579742243317703,0.));
#1640=CARTESIAN_POINT('',(0.0184842341154532,0.00472213176840866,0.));
#1641=CARTESIAN_POINT('',(0.0202530605250061,0.00357023222135906,0.));
#1642=CARTESIAN_POINT('',(0.022221394116967,0.00252600416415345,0.));
#1643=CARTESIAN_POINT('',(0.0242790538544764,0.00154469215163202,0.));
#1644=CARTESIAN_POINT('',(0.0263350268771935,0.000549036215262547,0.));
#1645=CARTESIAN_POINT('',(0.0279521993432388,-0.000381668244486283,0.));
#1646=CARTESIAN_POINT('',(0.0291377937718059,-0.00127823298196251,0.));
#1647=CARTESIAN_POINT('',(0.0298175566308357,-0.00193274435549275,0.));
#1648=CARTESIAN_POINT('',(0.030305774450512,-0.00253227153894085,0.));
#1649=CARTESIAN_POINT('',(0.0307453482083642,-0.00318764167983421,0.));
#1650=CARTESIAN_POINT('',(0.0311701143066605,-0.00408256165952716,0.));
#1651=CARTESIAN_POINT('',(0.0314411747660595,-0.00527133291614218,0.));
#1652=CARTESIAN_POINT('',(0.0314121763050415,-0.00632863667628504,0.));
#1653=CARTESIAN_POINT('',(0.0312073310151757,-0.00717099561721575,0.));
#1654=CARTESIAN_POINT('',(0.0309612160036716,-0.00778510291816025,0.));
#1655=CARTESIAN_POINT('',(0.0306810865330647,-0.0082695382631065,0.));
#1656=CARTESIAN_POINT('',(0.030415653560903,-0.00863436471177456,0.));
#1657=CARTESIAN_POINT('',(0.0301235516140768,-0.00898255890898735,0.));
#1658=CARTESIAN_POINT('',(0.0297326883096021,-0.00936632420226838,0.));
#1659=CARTESIAN_POINT('',(0.0290671626911931,-0.0098988162514474,0.));
#1660=CARTESIAN_POINT('',(0.0281788970486388,-0.0104454978069524,0.));
#1661=CARTESIAN_POINT('',(0.0270530674792016,-0.0109802543794366,0.));
#1662=CARTESIAN_POINT('',(0.0255115370982514,-0.0115726207350881,0.));
#1663=CARTESIAN_POINT('',(0.0243630091443421,-0.0119071992282562,0.));
#1664=CARTESIAN_POINT('',(0.0236575332977246,-0.0120922281695309,0.));
#1665=CARTESIAN_POINT('',(0.0236575332977246,-0.0120922281695309,0.));
#1666=CARTESIAN_POINT('',(0.0149703153664937,0.0103550824747296,0.0127));
#1667=CARTESIAN_POINT('',(0.0149718990661649,0.0102231244402914,0.0127));
#1668=CARTESIAN_POINT('',(0.0150068350467026,0.00985897497378615,0.0127));
#1669=CARTESIAN_POINT('',(0.0151949280407564,0.009137031456854,0.0127));
#1670=CARTESIAN_POINT('',(0.0155134772595979,0.00832944143297859,0.0127));
#1671=CARTESIAN_POINT('',(0.0158728791516413,0.00764450762550109,0.0127));
#1672=CARTESIAN_POINT('',(0.016205146642171,0.00711891603241203,0.0127));
#1673=CARTESIAN_POINT('',(0.0165596914128672,0.00662138424302224,0.0127));
#1674=CARTESIAN_POINT('',(0.0172588384692697,0.00579742243317703,0.0127));
#1675=CARTESIAN_POINT('',(0.0184842341154532,0.00472213176840866,0.0127));
#1676=CARTESIAN_POINT('',(0.0202530605250061,0.00357023222135906,0.0127));
#1677=CARTESIAN_POINT('',(0.022221394116967,0.00252600416415345,0.0127));
#1678=CARTESIAN_POINT('',(0.0242790538544764,0.00154469215163202,0.0127));
#1679=CARTESIAN_POINT('',(0.0263350268771935,0.000549036215262547,0.0127));
#1680=CARTESIAN_POINT('',(0.0279521993432388,-0.000381668244486283,0.0127));
#1681=CARTESIAN_POINT('',(0.0291377937718059,-0.00127823298196251,0.0127));
#1682=CARTESIAN_POINT('',(0.0298175566308357,-0.00193274435549275,0.0127));
#1683=CARTESIAN_POINT('',(0.030305774450512,-0.00253227153894085,0.0127));
#1684=CARTESIAN_POINT('',(0.0307453482083642,-0.00318764167983421,0.0127));
#1685=CARTESIAN_POINT('',(0.0311701143066605,-0.00408256165952716,0.0127));
#1686=CARTESIAN_POINT('',(0.0314411747660595,-0.00527133291614218,0.0127));
#1687=CARTESIAN_POINT('',(0.0314121763050415,-0.00632863667628504,0.0127));
#1688=CARTESIAN_POINT('',(0.0312073310151757,-0.00717099561721575,0.0127));
#1689=CARTESIAN_POINT('',(0.0309612160036716,-0.00778510291816025,0.0127));
#1690=CARTESIAN_POINT('',(0.0306810865330647,-0.0082695382631065,0.0127));
#1691=CARTESIAN_POINT('',(0.030415653560903,-0.00863436471177456,0.0127));
#1692=CARTESIAN_POINT('',(0.0301235516140768,-0.00898255890898735,0.0127));
#1693=CARTESIAN_POINT('',(0.0297326883096021,-0.00936632420226838,0.0127));
#1694=CARTESIAN_POINT('',(0.0290671626911931,-0.0098988162514474,0.0127));
#1695=CARTESIAN_POINT('',(0.0281788970486388,-0.0104454978069524,0.0127));
#1696=CARTESIAN_POINT('',(0.0270530674792016,-0.0109802543794366,0.0127));
#1697=CARTESIAN_POINT('',(0.0255115370982514,-0.0115726207350881,0.0127));
#1698=CARTESIAN_POINT('',(0.0243630091443421,-0.0119071992282562,0.0127));
#1699=CARTESIAN_POINT('',(0.0236575332977246,-0.0120922281695309,0.0127));
#1700=CARTESIAN_POINT('',(0.0236575332977246,-0.0120922281695309,0.0127));
#1701=CARTESIAN_POINT('',(0.0236575332977246,-0.0120922281695309,0.0127));
#1702=CARTESIAN_POINT('',(0.0236575332977246,-0.0120922281695309,0.0127));
#1703=CARTESIAN_POINT('',(0.0236575332977246,-0.0120922281695309,1.04083408558608E-17));
#1704=CARTESIAN_POINT('',(0.0244062593660636,-0.012654567911617,0.0127));
#1705=CARTESIAN_POINT('',(0.0244062593660636,-0.012654567911617,8.67361737988404E-18));
#1706=CARTESIAN_POINT('',(0.026246145742207,-0.013897035333677,0.0127));
#1707=CARTESIAN_POINT('',(0.026246145742207,-0.013897035333677,1.21430643318376E-17));
#1708=CARTESIAN_POINT('',(0.0288180107185814,-0.0153610149763613,0.0127));
#1709=CARTESIAN_POINT('',(0.0288180107185814,-0.0153610149763613,1.56125112837913E-17));
#1710=CARTESIAN_POINT('',(0.0307038138663987,-0.0162706138150721,0.0127));
#1711=CARTESIAN_POINT('',(0.0307038138663987,-0.0162706138150721,8.67361737988404E-18));
#1712=CARTESIAN_POINT('',(0.0320647135621625,-0.016877057052238,0.0127));
#1713=CARTESIAN_POINT('',(0.0320647135621625,-0.016877057052238,1.04083408558608E-17));
#1714=CARTESIAN_POINT('',(0.033343138381743,-0.0174552082287351,0.0127));
#1715=CARTESIAN_POINT('',(0.033343138381743,-0.0174552082287351,8.67361737988404E-18));
#1716=CARTESIAN_POINT('',(0.0345381196304146,-0.018072419876791,0.0127));
#1717=CARTESIAN_POINT('',(0.0345381196304146,-0.018072419876791,1.21430643318376E-17));
#1718=CARTESIAN_POINT('',(0.0356536915006865,-0.0188350519888738,0.0127));
#1719=CARTESIAN_POINT('',(0.0356536915006865,-0.0188350519888738,1.04083408558608E-17));
#1720=CARTESIAN_POINT('',(0.0366816497680462,-0.0199617631831151,0.0127));
#1721=CARTESIAN_POINT('',(0.0366816497680462,-0.0199617631831151,8.67361737988404E-18));
#1722=CARTESIAN_POINT('',(0.0372264382558673,-0.0216204733414322,0.0127));
#1723=CARTESIAN_POINT('',(0.0372264382558673,-0.0216204733414322,1.04083408558608E-17));
#1724=CARTESIAN_POINT('',(0.0370833509590839,-0.0231723096277766,0.0127));
#1725=CARTESIAN_POINT('',(0.0370833509590839,-0.0231723096277766,1.04083408558608E-17));
#1726=CARTESIAN_POINT('',(0.0365649125000475,-0.0245765290698472,0.0127));
#1727=CARTESIAN_POINT('',(0.0365649125000475,-0.0245765290698472,1.21430643318376E-17));
#1728=CARTESIAN_POINT('',(0.0357491526787801,-0.0258696095325664,0.0127));
#1729=CARTESIAN_POINT('',(0.0357491526787801,-0.0258696095325664,1.04083408558608E-17));
#1730=CARTESIAN_POINT('',(0.0346800244794681,-0.0270565120116198,0.0127));
#1731=CARTESIAN_POINT('',(0.0346800244794681,-0.0270565120116198,1.04083408558608E-17));
#1732=CARTESIAN_POINT('',(0.0333684384981911,-0.0281235786447606,0.0127));
#1733=CARTESIAN_POINT('',(0.0333684384981911,-0.0281235786447606,1.38777878078145E-17));
#1734=CARTESIAN_POINT('',(0.0318550492483799,-0.0290109594046214,0.0127));
#1735=CARTESIAN_POINT('',(0.0318550492483799,-0.0290109594046214,1.21430643318376E-17));
#1736=CARTESIAN_POINT('',(0.0296999247559761,-0.0299472362022763,0.0127));
#1737=CARTESIAN_POINT('',(0.0296999247559761,-0.0299472362022763,8.67361737988404E-18));
#1738=CARTESIAN_POINT('',(0.0267977240674388,-0.0307627536914488,0.0127));
#1739=CARTESIAN_POINT('',(0.0267977240674388,-0.0307627536914488,1.38777878078145E-17));
#1740=CARTESIAN_POINT('',(0.0232501484024151,-0.0313178959187415,0.0127));
#1741=CARTESIAN_POINT('',(0.0232501484024151,-0.0313178959187415,1.21430643318376E-17));
#1742=CARTESIAN_POINT('',(0.0204741847872399,-0.0315143742941282,0.0127));
#1743=CARTESIAN_POINT('',(0.0204741847872399,-0.0315143742941282,1.21430643318376E-17));
#1744=CARTESIAN_POINT('',(0.0184981387308097,-0.0315458832659679,0.0127));
#1745=CARTESIAN_POINT('',(0.0184981387308097,-0.0315458832659679,1.04083408558608E-17));
#1746=CARTESIAN_POINT('',(0.0172403586656295,-0.0315393532912077,0.0127));
#1747=CARTESIAN_POINT('',(0.0172403586656295,-0.0315393532912077,1.04083408558608E-17));
#1748=CARTESIAN_POINT('',(0.0162238747956121,-0.0315643192530473,0.0127));
#1749=CARTESIAN_POINT('',(0.0162238747956121,-0.0315643192530473,1.38777878078145E-17));
#1750=CARTESIAN_POINT('',(0.0154925386857989,-0.031651758445761,0.0127));
#1751=CARTESIAN_POINT('',(0.0154925386857989,-0.031651758445761,1.21430643318376E-17));
#1752=CARTESIAN_POINT('',(0.0150764501848421,-0.0317931285518537,0.0127));
#1753=CARTESIAN_POINT('',(0.0150764501848421,-0.0317931285518537,1.04083408558608E-17));
#1754=CARTESIAN_POINT('',(0.0149135515893849,-0.0318940588244229,0.0127));
#1755=CARTESIAN_POINT('',(0.0149135515893849,-0.0318940588244229,1.21430643318376E-17));
#1756=CARTESIAN_POINT('',(0.0146573932407117,-0.0321677787725515,0.0127));
#1757=CARTESIAN_POINT('',(0.0146573932407117,-0.0321677787725515,8.67361737988404E-18));
#1758=CARTESIAN_POINT('',(0.0143080219421014,-0.0327849396496316,0.0127));
#1759=CARTESIAN_POINT('',(0.0143080219421014,-0.0327849396496316,1.04083408558608E-17));
#1760=CARTESIAN_POINT('',(0.0139726956998115,-0.033641978049102,0.0127));
#1761=CARTESIAN_POINT('',(0.0139726956998115,-0.033641978049102,8.67361737988404E-18));
#1762=CARTESIAN_POINT('',(0.0135613470343246,-0.0350171130652925,0.0127));
#1763=CARTESIAN_POINT('',(0.0135613470343246,-0.0350171130652925,1.56125112837913E-17));
#1764=CARTESIAN_POINT('',(0.0131224492172429,-0.0369592325302324,0.0127));
#1765=CARTESIAN_POINT('',(0.0131224492172429,-0.0369592325302324,8.67361737988404E-18));
#1766=CARTESIAN_POINT('',(0.012662345895141,-0.0389554190749961,0.0127));
#1767=CARTESIAN_POINT('',(0.012662345895141,-0.0389554190749961,6.93889390390723E-18));
#1768=CARTESIAN_POINT('',(0.0119474801840784,-0.0405829753987872,0.0127));
#1769=CARTESIAN_POINT('',(0.0119474801840784,-0.0405829753987872,1.21430643318376E-17));
#1770=CARTESIAN_POINT('',(0.0110875669418999,-0.0417706694695724,0.0127));
#1771=CARTESIAN_POINT('',(0.0110875669418999,-0.0417706694695724,1.38777878078145E-17));
#1772=CARTESIAN_POINT('',(0.00973969347979549,-0.0427286577112623,0.0127));
#1773=CARTESIAN_POINT('',(0.00973969347979549,-0.0427286577112623,1.04083408558608E-17));
#1774=CARTESIAN_POINT('',(0.00819854609921302,-0.043149854347601,0.0127));
#1775=CARTESIAN_POINT('',(0.00819854609921302,-0.043149854347601,1.21430643318376E-17));
#1776=CARTESIAN_POINT('',(0.00673144250560799,-0.0432466674663298,0.0127));
#1777=CARTESIAN_POINT('',(0.00673144250560799,-0.0432466674663298,1.04083408558608E-17));
#1778=CARTESIAN_POINT('',(0.00475307456303436,-0.0431557495928054,0.0127));
#1779=CARTESIAN_POINT('',(0.00475307456303436,-0.0431557495928054,1.21430643318376E-17));
#1780=CARTESIAN_POINT('',(0.00277665307879045,-0.0428794900805828,0.0127));
#1781=CARTESIAN_POINT('',(0.00277665307879045,-0.0428794900805828,1.38777878078145E-17));
#1782=CARTESIAN_POINT('',(0.000943257314776953,-0.042641292483118,0.0127));
#1783=CARTESIAN_POINT('',(0.000943257314776953,-0.042641292483118,1.21430643318376E-17));
#1784=CARTESIAN_POINT('',(-0.000259352854222748,-0.0425323006654015,0.0127));
#1785=CARTESIAN_POINT('',(-0.000259352854222748,-0.0425323006654015,1.21430643318376E-17));
#1786=CARTESIAN_POINT('',(-0.00132838691379296,-0.0425193009199282,0.0127));
#1787=CARTESIAN_POINT('',(-0.00132838691379296,-0.0425193009199282,1.04083408558608E-17));
#1788=CARTESIAN_POINT('',(-0.00270478400319705,-0.0425712039149145,0.0127));
#1789=CARTESIAN_POINT('',(-0.00270478400319705,-0.0425712039149145,8.67361737988404E-18));
#1790=CARTESIAN_POINT('',(-0.00403641702432711,-0.0426687150468025,0.0127));
#1791=CARTESIAN_POINT('',(-0.00403641702432711,-0.0426687150468025,1.21430643318376E-17));
#1792=CARTESIAN_POINT('',(-0.00547963254944956,-0.0426107434954108,0.0127));
#1793=CARTESIAN_POINT('',(-0.00547963254944956,-0.0426107434954108,1.04083408558608E-17));
#1794=CARTESIAN_POINT('',(-0.00701408507092636,-0.0423160717072444,0.0127));
#1795=CARTESIAN_POINT('',(-0.00701408507092636,-0.0423160717072444,1.56125112837913E-17));
#1796=CARTESIAN_POINT('',(-0.00878141552329852,-0.0414196801554059,0.0127));
#1797=CARTESIAN_POINT('',(-0.00878141552329852,-0.0414196801554059,8.67361737988404E-18));
#1798=CARTESIAN_POINT('',(-0.0104941457273222,-0.0396962214769483,0.0127));
#1799=CARTESIAN_POINT('',(-0.0104941457273222,-0.0396962214769483,1.04083408558608E-17));
#1800=CARTESIAN_POINT('',(-0.0117541388752543,-0.0378235504673275,0.0127));
#1801=CARTESIAN_POINT('',(-0.0117541388752543,-0.0378235504673275,1.38777878078145E-17));
#1802=CARTESIAN_POINT('',(-0.0125912814138926,-0.0362057843124971,0.0127));
#1803=CARTESIAN_POINT('',(-0.0125912814138926,-0.0362057843124971,6.93889390390723E-18));
#1804=CARTESIAN_POINT('',(-0.0130979203515091,-0.0349653198804782,0.0127));
#1805=CARTESIAN_POINT('',(-0.0130979203515091,-0.0349653198804782,1.21430643318376E-17));
#1806=CARTESIAN_POINT('',(-0.0133880121181382,-0.0339188432996546,0.0127));
#1807=CARTESIAN_POINT('',(-0.0133880121181382,-0.0339188432996546,1.04083408558608E-17));
#1808=CARTESIAN_POINT('',(-0.0135075086054255,-0.0330456784943186,0.0127));
#1809=CARTESIAN_POINT('',(-0.0135075086054255,-0.0330456784943186,1.04083408558608E-17));
#1810=CARTESIAN_POINT('',(-0.0135095164922928,-0.0325879828873563,0.0127));
#1811=CARTESIAN_POINT('',(-0.0135095164922928,-0.0325879828873563,1.04083408558608E-17));
#1812=CARTESIAN_POINT('',(-0.0134991727034951,-0.0323893201906196,0.0127));
#1813=CARTESIAN_POINT('',(-0.0134991727034951,-0.0323893201906196,1.04083408558608E-17));
#1814=CARTESIAN_POINT('',(0.0236575332977246,-0.0120922281695309,0.));
#1815=CARTESIAN_POINT('',(0.0244062593660636,-0.012654567911617,0.));
#1816=CARTESIAN_POINT('',(0.0257865892994804,-0.013587071521438,0.));
#1817=CARTESIAN_POINT('',(0.0277885728091829,-0.0147743347138273,0.));
#1818=CARTESIAN_POINT('',(0.029040639844166,-0.0154531546781118,0.));
#1819=CARTESIAN_POINT('',(0.0299945960269509,-0.015929302475891,0.));
#1820=CARTESIAN_POINT('',(0.0309318121597325,-0.016371817300243,0.));
#1821=CARTESIAN_POINT('',(0.0320642867608866,-0.0168769494147717,0.));
#1822=CARTESIAN_POINT('',(0.0333433422137433,-0.0174554617163349,0.));
#1823=CARTESIAN_POINT('',(0.0343386662886987,-0.0179688382559376,0.));
#1824=CARTESIAN_POINT('',(0.0350963864396376,-0.0184549686584318,0.));
#1825=CARTESIAN_POINT('',(0.0356441271234737,-0.018880793098776,0.));
#1826=CARTESIAN_POINT('',(0.0361616404676749,-0.0193962499618658,0.));
#1827=CARTESIAN_POINT('',(0.036543547377338,-0.0199246608602562,0.));
#1828=CARTESIAN_POINT('',(0.0367926510416258,-0.0204076494905487,0.));
#1829=CARTESIAN_POINT('',(0.0369443404973158,-0.0207968524284744,0.));
#1830=CARTESIAN_POINT('',(0.0370532972374365,-0.0212011256658976,0.));
#1831=CARTESIAN_POINT('',(0.0371399982246132,-0.0217374376043919,0.));
#1832=CARTESIAN_POINT('',(0.0371504141677969,-0.0223973486725369,0.));
#1833=CARTESIAN_POINT('',(0.0369995391889743,-0.0234057859388659,0.));
#1834=CARTESIAN_POINT('',(0.0365639629408731,-0.0245767854934873,0.));
#1835=CARTESIAN_POINT('',(0.0357496474359671,-0.0258693074378413,0.));
#1836=CARTESIAN_POINT('',(0.0348574370809067,-0.026859437878707,0.));
#1837=CARTESIAN_POINT('',(0.0340255283145961,-0.0275887684426625,0.));
#1838=CARTESIAN_POINT('',(0.0333436837867006,-0.0281008000338078,0.));
#1839=CARTESIAN_POINT('',(0.0326085642592145,-0.0285698174173893,0.));
#1840=CARTESIAN_POINT('',(0.0315874768513064,-0.0291265182574926,0.));
#1841=CARTESIAN_POINT('',(0.0302382404691394,-0.0297137067608919,0.));
#1842=CARTESIAN_POINT('',(0.0285386312409526,-0.0302731630136365,0.));
#1843=CARTESIAN_POINT('',(0.026789603548652,-0.0307098868968155,0.));
#1844=CARTESIAN_POINT('',(0.0250243641302939,-0.0310403327880797,0.));
#1845=CARTESIAN_POINT('',(0.0232773441732579,-0.031278197958425,0.));
#1846=CARTESIAN_POINT('',(0.021583568917979,-0.0314348827138407,0.));
#1847=CARTESIAN_POINT('',(0.0199804424677847,-0.0315224981431391,0.));
#1848=CARTESIAN_POINT('',(0.0184980632675312,-0.0315457970718969,0.));
#1849=CARTESIAN_POINT('',(0.0172403913240909,-0.0315394514614406,0.));
#1850=CARTESIAN_POINT('',(0.0162238196250454,-0.0315640127661865,0.));
#1851=CARTESIAN_POINT('',(0.0156145755288444,-0.0316380739801738,0.));
#1852=CARTESIAN_POINT('',(0.015284239984896,-0.0317209050764225,0.));
#1853=CARTESIAN_POINT('',(0.0151092859162544,-0.0317867131290985,0.));
#1854=CARTESIAN_POINT('',(0.0150103037899077,-0.0318399304255017,0.));
#1855=CARTESIAN_POINT('',(0.014944335099478,-0.0318848631702741,0.));
#1856=CARTESIAN_POINT('',(0.0148987855453844,-0.0319211418679968,0.));
#1857=CARTESIAN_POINT('',(0.0148485725020779,-0.0319677119798355,0.));
#1858=CARTESIAN_POINT('',(0.014766603492637,-0.0320553490659079,0.));
#1859=CARTESIAN_POINT('',(0.01464486403649,-0.0322120606350317,0.));
#1860=CARTESIAN_POINT('',(0.0144807389645069,-0.0324778642720507,0.));
#1861=CARTESIAN_POINT('',(0.014253280605577,-0.0329268590606851,0.));
#1862=CARTESIAN_POINT('',(0.0139722214995954,-0.0336427356440289,0.));
#1863=CARTESIAN_POINT('',(0.0136646105168886,-0.0346715548371526,0.));
#1864=CARTESIAN_POINT('',(0.0134312324552637,-0.035612176766784,0.));
#1865=CARTESIAN_POINT('',(0.0132516555958284,-0.036386153986559,0.));
#1866=CARTESIAN_POINT('',(0.0130746278161779,-0.0371628665140494,0.));
#1867=CARTESIAN_POINT('',(0.0128431934188398,-0.0381541206337183,0.));
#1868=CARTESIAN_POINT('',(0.0124843047322856,-0.0393628570710081,0.));
#1869=CARTESIAN_POINT('',(0.0120373615633637,-0.04038014581342,0.));
#1870=CARTESIAN_POINT('',(0.0115164468122824,-0.0411756057319752,0.));
#1871=CARTESIAN_POINT('',(0.0110246463301606,-0.0417424593571961,0.));
#1872=CARTESIAN_POINT('',(0.010522782137151,-0.0421644664158489,0.));
#1873=CARTESIAN_POINT('',(0.0100713457953661,-0.0424541066291045,0.));
#1874=CARTESIAN_POINT('',(0.00971013332787017,-0.0426444180218148,0.));
#1875=CARTESIAN_POINT('',(0.00933300785344742,-0.0428033759458592,0.));
#1876=CARTESIAN_POINT('',(0.00883307587856204,-0.0429697524751489,0.));
#1877=CARTESIAN_POINT('',(0.00820983019105896,-0.0431090429786795,0.));
#1878=CARTESIAN_POINT('',(0.00746827460195685,-0.0431966762788351,0.));
#1879=CARTESIAN_POINT('',(0.00648230756215607,-0.0432361856835869,0.));
#1880=CARTESIAN_POINT('',(0.00524781560661633,-0.0431784556388089,0.));
#1881=CARTESIAN_POINT('',(0.00376650414150269,-0.0430166492999919,0.));
#1882=CARTESIAN_POINT('',(0.00255835840228938,-0.042852850271884,0.));
#1883=CARTESIAN_POINT('',(0.00163232289099785,-0.0427308771729497,0.));
#1884=CARTESIAN_POINT('',(0.000965813496721258,-0.0426501170144912,0.));
#1885=CARTESIAN_POINT('',(0.000441305303444926,-0.0425967412092282,0.));
#1886=CARTESIAN_POINT('',(4.47941241883537E-5,-0.0425649780623383,0.));
#1887=CARTESIAN_POINT('',(-0.000332181353467516,-0.0425414897204735,0.));
#1888=CARTESIAN_POINT('',(-0.000790690979499407,-0.042526192365678,0.));
#1889=CARTESIAN_POINT('',(-0.00150226546255017,-0.0425255097199757,0.));
#1890=CARTESIAN_POINT('',(-0.00236011904015146,-0.0425587819700345,0.));
#1891=CARTESIAN_POINT('',(-0.00337055544330268,-0.0426181899153562,0.));
#1892=CARTESIAN_POINT('',(-0.0043977666637222,-0.0426547892967781,0.));
#1893=CARTESIAN_POINT('',(-0.00529753993349666,-0.0426176686408119,0.));
#1894=CARTESIAN_POINT('',(-0.00605798630894338,-0.0425007064846247,0.));
#1895=CARTESIAN_POINT('',(-0.00681047094376529,-0.0423171426230394,0.));
#1896=CARTESIAN_POINT('',(-0.00772217387027838,-0.0419602269671815,0.));
#1897=CARTESIAN_POINT('',(-0.00872987977657649,-0.0413385533008165,0.));
#1898=CARTESIAN_POINT('',(-0.00963873382438359,-0.0405558519457367,0.));
#1899=CARTESIAN_POINT('',(-0.0104693165422736,-0.0396311200156425,0.));
#1900=CARTESIAN_POINT('',(-0.0112481359439501,-0.038573250320296,0.));
#1901=CARTESIAN_POINT('',(-0.0119639549139607,-0.0374189343729781,0.));
#1902=CARTESIAN_POINT('',(-0.0124866303771902,-0.036408031633784,0.));
#1903=CARTESIAN_POINT('',(-0.0128445095967621,-0.0355855392141367,0.));
#1904=CARTESIAN_POINT('',(-0.0130781679189138,-0.034963578785285,0.));
#1905=CARTESIAN_POINT('',(-0.0132718120189763,-0.0343367574626222,0.));
#1906=CARTESIAN_POINT('',(-0.0134181317537417,-0.0336999893965614,0.));
#1907=CARTESIAN_POINT('',(-0.0134919302446309,-0.0331571697083582,0.));
#1908=CARTESIAN_POINT('',(-0.0135101197576103,-0.0326982972253781,0.));
#1909=CARTESIAN_POINT('',(-0.013504344597894,-0.032488651538988,0.));
#1910=CARTESIAN_POINT('',(-0.0134991727034951,-0.0323893201906196,0.));
#1911=CARTESIAN_POINT('',(0.0236575332977246,-0.0120922281695309,0.0127));
#1912=CARTESIAN_POINT('',(0.0244062593660636,-0.012654567911617,0.0127));
#1913=CARTESIAN_POINT('',(0.0257865892994804,-0.013587071521438,0.0127));
#1914=CARTESIAN_POINT('',(0.0277885728091829,-0.0147743347138273,0.0127));
#1915=CARTESIAN_POINT('',(0.029040639844166,-0.0154531546781118,0.0127));
#1916=CARTESIAN_POINT('',(0.0299945960269509,-0.015929302475891,0.0127));
#1917=CARTESIAN_POINT('',(0.0309318121597325,-0.016371817300243,0.0127));
#1918=CARTESIAN_POINT('',(0.0320642867608866,-0.0168769494147717,0.0127));
#1919=CARTESIAN_POINT('',(0.0333433422137433,-0.0174554617163349,0.0127));
#1920=CARTESIAN_POINT('',(0.0343386662886987,-0.0179688382559376,0.0127));
#1921=CARTESIAN_POINT('',(0.0350963864396376,-0.0184549686584318,0.0127));
#1922=CARTESIAN_POINT('',(0.0356441271234737,-0.018880793098776,0.0127));
#1923=CARTESIAN_POINT('',(0.0361616404676749,-0.0193962499618658,0.0127));
#1924=CARTESIAN_POINT('',(0.036543547377338,-0.0199246608602562,0.0127));
#1925=CARTESIAN_POINT('',(0.0367926510416258,-0.0204076494905487,0.0127));
#1926=CARTESIAN_POINT('',(0.0369443404973158,-0.0207968524284744,0.0127));
#1927=CARTESIAN_POINT('',(0.0370532972374365,-0.0212011256658976,0.0127));
#1928=CARTESIAN_POINT('',(0.0371399982246132,-0.0217374376043919,0.0127));
#1929=CARTESIAN_POINT('',(0.0371504141677969,-0.0223973486725369,0.0127));
#1930=CARTESIAN_POINT('',(0.0369995391889743,-0.0234057859388659,0.0127));
#1931=CARTESIAN_POINT('',(0.0365639629408731,-0.0245767854934873,0.0127));
#1932=CARTESIAN_POINT('',(0.0357496474359671,-0.0258693074378413,0.0127));
#1933=CARTESIAN_POINT('',(0.0348574370809067,-0.026859437878707,0.0127));
#1934=CARTESIAN_POINT('',(0.0340255283145961,-0.0275887684426625,0.0127));
#1935=CARTESIAN_POINT('',(0.0333436837867006,-0.0281008000338078,0.0127));
#1936=CARTESIAN_POINT('',(0.0326085642592145,-0.0285698174173893,0.0127));
#1937=CARTESIAN_POINT('',(0.0315874768513064,-0.0291265182574926,0.0127));
#1938=CARTESIAN_POINT('',(0.0302382404691394,-0.0297137067608919,0.0127));
#1939=CARTESIAN_POINT('',(0.0285386312409526,-0.0302731630136365,0.0127));
#1940=CARTESIAN_POINT('',(0.026789603548652,-0.0307098868968155,0.0127));
#1941=CARTESIAN_POINT('',(0.0250243641302939,-0.0310403327880797,0.0127));
#1942=CARTESIAN_POINT('',(0.0232773441732579,-0.031278197958425,0.0127));
#1943=CARTESIAN_POINT('',(0.021583568917979,-0.0314348827138407,0.0127));
#1944=CARTESIAN_POINT('',(0.0199804424677847,-0.0315224981431391,0.0127));
#1945=CARTESIAN_POINT('',(0.0184980632675312,-0.0315457970718969,0.0127));
#1946=CARTESIAN_POINT('',(0.0172403913240909,-0.0315394514614406,0.0127));
#1947=CARTESIAN_POINT('',(0.0162238196250454,-0.0315640127661865,0.0127));
#1948=CARTESIAN_POINT('',(0.0156145755288444,-0.0316380739801738,0.0127));
#1949=CARTESIAN_POINT('',(0.015284239984896,-0.0317209050764225,0.0127));
#1950=CARTESIAN_POINT('',(0.0151092859162544,-0.0317867131290985,0.0127));
#1951=CARTESIAN_POINT('',(0.0150103037899077,-0.0318399304255017,0.0127));
#1952=CARTESIAN_POINT('',(0.014944335099478,-0.0318848631702741,0.0127));
#1953=CARTESIAN_POINT('',(0.0148987855453844,-0.0319211418679968,0.0127));
#1954=CARTESIAN_POINT('',(0.0148485725020779,-0.0319677119798355,0.0127));
#1955=CARTESIAN_POINT('',(0.014766603492637,-0.0320553490659079,0.0127));
#1956=CARTESIAN_POINT('',(0.01464486403649,-0.0322120606350317,0.0127));
#1957=CARTESIAN_POINT('',(0.0144807389645069,-0.0324778642720507,0.0127));
#1958=CARTESIAN_POINT('',(0.014253280605577,-0.0329268590606851,0.0127));
#1959=CARTESIAN_POINT('',(0.0139722214995954,-0.0336427356440289,0.0127));
#1960=CARTESIAN_POINT('',(0.0136646105168886,-0.0346715548371526,0.0127));
#1961=CARTESIAN_POINT('',(0.0134312324552637,-0.035612176766784,0.0127));
#1962=CARTESIAN_POINT('',(0.0132516555958284,-0.036386153986559,0.0127));
#1963=CARTESIAN_POINT('',(0.0130746278161779,-0.0371628665140494,0.0127));
#1964=CARTESIAN_POINT('',(0.0128431934188398,-0.0381541206337183,0.0127));
#1965=CARTESIAN_POINT('',(0.0124843047322856,-0.0393628570710081,0.0127));
#1966=CARTESIAN_POINT('',(0.0120373615633637,-0.04038014581342,0.0127));
#1967=CARTESIAN_POINT('',(0.0115164468122824,-0.0411756057319752,0.0127));
#1968=CARTESIAN_POINT('',(0.0110246463301606,-0.0417424593571961,0.0127));
#1969=CARTESIAN_POINT('',(0.010522782137151,-0.0421644664158489,0.0127));
#1970=CARTESIAN_POINT('',(0.0100713457953661,-0.0424541066291045,0.0127));
#1971=CARTESIAN_POINT('',(0.00971013332787017,-0.0426444180218148,0.0127));
#1972=CARTESIAN_POINT('',(0.00933300785344742,-0.0428033759458592,0.0127));
#1973=CARTESIAN_POINT('',(0.00883307587856204,-0.0429697524751489,0.0127));
#1974=CARTESIAN_POINT('',(0.00820983019105896,-0.0431090429786795,0.0127));
#1975=CARTESIAN_POINT('',(0.00746827460195685,-0.0431966762788351,0.0127));
#1976=CARTESIAN_POINT('',(0.00648230756215607,-0.0432361856835869,0.0127));
#1977=CARTESIAN_POINT('',(0.00524781560661633,-0.0431784556388089,0.0127));
#1978=CARTESIAN_POINT('',(0.00376650414150269,-0.0430166492999919,0.0127));
#1979=CARTESIAN_POINT('',(0.00255835840228938,-0.042852850271884,0.0127));
#1980=CARTESIAN_POINT('',(0.00163232289099785,-0.0427308771729497,0.0127));
#1981=CARTESIAN_POINT('',(0.000965813496721258,-0.0426501170144912,0.0127));
#1982=CARTESIAN_POINT('',(0.000441305303444926,-0.0425967412092282,0.0127));
#1983=CARTESIAN_POINT('',(4.47941241883537E-5,-0.0425649780623383,0.0127));
#1984=CARTESIAN_POINT('',(-0.000332181353467516,-0.0425414897204735,0.0127));
#1985=CARTESIAN_POINT('',(-0.000790690979499407,-0.042526192365678,0.0127));
#1986=CARTESIAN_POINT('',(-0.00150226546255017,-0.0425255097199757,0.0127));
#1987=CARTESIAN_POINT('',(-0.00236011904015146,-0.0425587819700345,0.0127));
#1988=CARTESIAN_POINT('',(-0.00337055544330268,-0.0426181899153562,0.0127));
#1989=CARTESIAN_POINT('',(-0.0043977666637222,-0.0426547892967781,0.0127));
#1990=CARTESIAN_POINT('',(-0.00529753993349666,-0.0426176686408119,0.0127));
#1991=CARTESIAN_POINT('',(-0.00605798630894338,-0.0425007064846247,0.0127));
#1992=CARTESIAN_POINT('',(-0.00681047094376529,-0.0423171426230394,0.0127));
#1993=CARTESIAN_POINT('',(-0.00772217387027838,-0.0419602269671815,0.0127));
#1994=CARTESIAN_POINT('',(-0.00872987977657649,-0.0413385533008165,0.0127));
#1995=CARTESIAN_POINT('',(-0.00963873382438359,-0.0405558519457367,0.0127));
#1996=CARTESIAN_POINT('',(-0.0104693165422736,-0.0396311200156425,0.0127));
#1997=CARTESIAN_POINT('',(-0.0112481359439501,-0.038573250320296,0.0127));
#1998=CARTESIAN_POINT('',(-0.0119639549139607,-0.0374189343729781,0.0127));
#1999=CARTESIAN_POINT('',(-0.0124866303771902,-0.036408031633784,0.0127));
#2000=CARTESIAN_POINT('',(-0.0128445095967621,-0.0355855392141367,0.0127));
#2001=CARTESIAN_POINT('',(-0.0130781679189138,-0.034963578785285,0.0127));
#2002=CARTESIAN_POINT('',(-0.0132718120189763,-0.0343367574626222,0.0127));
#2003=CARTESIAN_POINT('',(-0.0134181317537417,-0.0336999893965614,0.0127));
#2004=CARTESIAN_POINT('',(-0.0134919302446309,-0.0331571697083582,0.0127));
#2005=CARTESIAN_POINT('',(-0.0135101197576103,-0.0326982972253781,0.0127));
#2006=CARTESIAN_POINT('',(-0.013504344597894,-0.032488651538988,0.0127));
#2007=CARTESIAN_POINT('',(-0.0134991727034951,-0.0323893201906196,0.0127));
#2008=CARTESIAN_POINT('',(0.00193844746672417,0.0379345459217117,0.0127));
#2009=CARTESIAN_POINT('',(0.00193844746672417,0.0379345459217117,-0.00203199999999999));
#2010=CARTESIAN_POINT('',(-0.00153263556253653,0.0448747519145724,0.0127));
#2011=CARTESIAN_POINT('',(-0.00153263556253653,0.0448747519145724,-0.00203199999999999));
#2012=CARTESIAN_POINT('',(0.00510982238575877,0.0385941905626458,0.0127));
#2013=CARTESIAN_POINT('',(0.00510982238575877,0.0385941905626458,-0.00203199999999999));
#2014=CARTESIAN_POINT('',(0.0111584525566406,0.0394633058992904,0.0127));
#2015=CARTESIAN_POINT('',(0.0111584525566406,0.0394633058992904,-0.00203199999999999));
#2016=CARTESIAN_POINT('',(0.00459846123155036,0.0357801885657707,0.0127));
#2017=CARTESIAN_POINT('',(0.00459846123155036,0.0357801885657707,-0.00203199999999999));
#2018=CARTESIAN_POINT('',(0.00606837621478263,0.0322898883429195,0.0127));
#2019=CARTESIAN_POINT('',(0.00606837621478263,0.0322898883429195,-0.00203199999999999));
#2020=CARTESIAN_POINT('',(0.00319852908425528,0.0310649076228909,0.0127));
#2021=CARTESIAN_POINT('',(0.00319852908425528,0.0310649076228909,-0.00203199999999999));
#2022=CARTESIAN_POINT('',(0.014249313593889,0.0158343057910019,0.0127));
#2023=CARTESIAN_POINT('',(0.014249313593889,0.0158343057910019,-0.00203199999999999));
#2024=CARTESIAN_POINT('',(0.0201338394428645,0.0170672243757789,0.0127));
#2025=CARTESIAN_POINT('',(0.0201338394428645,0.0170672243757789,-0.00203199999999999));
#2026=CARTESIAN_POINT('',(0.0170886694894536,0.0122084975893905,0.0127));
#2027=CARTESIAN_POINT('',(0.0170886694894536,0.0122084975893905,-0.00203199999999999));
#2028=CARTESIAN_POINT('',(0.0118543363261804,0.0126951524342466,0.0127));
#2029=CARTESIAN_POINT('',(0.0118543363261804,0.0126951524342466,-0.00203199999999999));
#2030=CARTESIAN_POINT('',(0.0141881048229684,0.00427079683632726,0.0127));
#2031=CARTESIAN_POINT('',(0.0141881048229684,0.00427079683632726,-0.00203199999999999));
#2032=CARTESIAN_POINT('',(0.0225261046989257,6.67720798968748E-5,0.0127));
#2033=CARTESIAN_POINT('',(0.0225261046989257,6.67720798968748E-5,-0.00203199999999999));
#2034=CARTESIAN_POINT('',(0.0293483625200488,-0.00305816777768676,0.0127));
#2035=CARTESIAN_POINT('',(0.0293483625200488,-0.00305816777768676,-0.00203199999999999));
#2036=CARTESIAN_POINT('',(0.0298315001437606,-0.0083606478955781,0.0127));
#2037=CARTESIAN_POINT('',(0.0298315001437606,-0.0083606478955781,-0.00203199999999999));
#2038=CARTESIAN_POINT('',(0.0222676397115667,-0.0104250714160318,0.0127));
#2039=CARTESIAN_POINT('',(0.0222676397115667,-0.0104250714160318,-0.00203199999999999));
#2040=CARTESIAN_POINT('',(0.0182799632940997,-0.0111216924142865,0.0127));
#2041=CARTESIAN_POINT('',(0.0182799632940997,-0.0111216924142865,-0.00203199999999999));
#2042=CARTESIAN_POINT('',(0.0288069772432758,-0.018324008002622,0.0127));
#2043=CARTESIAN_POINT('',(0.0288069772432758,-0.018324008002622,-0.00203199999999999));
#2044=CARTESIAN_POINT('',(0.0368204925802357,-0.0204735730362554,0.0127));
#2045=CARTESIAN_POINT('',(0.0368204925802357,-0.0204735730362554,-0.00203199999999999));
#2046=CARTESIAN_POINT('',(0.032441235504495,-0.0282689085922107,0.0127));
#2047=CARTESIAN_POINT('',(0.032441235504495,-0.0282689085922107,-0.00203199999999999));
#2048=CARTESIAN_POINT('',(0.0194524155445227,-0.0298839588621646,0.0127));
#2049=CARTESIAN_POINT('',(0.0194524155445227,-0.0298839588621646,-0.00203199999999999));
#2050=CARTESIAN_POINT('',(0.0128109640173887,-0.0290968749040465,0.0127));
#2051=CARTESIAN_POINT('',(0.0128109640173887,-0.0290968749040465,-0.00203199999999999));
#2052=CARTESIAN_POINT('',(0.0111832823735306,-0.0363674534478369,0.0127));
#2053=CARTESIAN_POINT('',(0.0111832823735306,-0.0363674534478369,-0.00203199999999999));
#2054=CARTESIAN_POINT('',(0.00974615436555261,-0.0424883199592394,0.0127));
#2055=CARTESIAN_POINT('',(0.00974615436555261,-0.0424883199592394,-0.00203199999999999));
#2056=CARTESIAN_POINT('',(-0.00013203322628788,-0.039900964926993,0.0127));
#2057=CARTESIAN_POINT('',(-0.00013203322628788,-0.039900964926993,-0.00203199999999999));
#2058=CARTESIAN_POINT('',(-0.00551334652979331,-0.0410921155068773,0.0127));
#2059=CARTESIAN_POINT('',(-0.00551334652979331,-0.0410921155068773,-0.00203199999999999));
#2060=CARTESIAN_POINT('',(-0.00906208794937842,-0.0388551038662708,0.0127));
#2061=CARTESIAN_POINT('',(-0.00906208794937842,-0.0388551038662708,-0.00203199999999999));
#2062=CARTESIAN_POINT('',(-0.0121201299902864,-0.0330084027483842,0.0127));
#2063=CARTESIAN_POINT('',(-0.0121201299902864,-0.0330084027483842,-0.00203199999999999));
#2064=CARTESIAN_POINT('',(-0.0105790726599453,-0.0303360353393317,0.0127));
#2065=CARTESIAN_POINT('',(-0.0105790726599453,-0.0303360353393317,-0.00203199999999999));
#2066=CARTESIAN_POINT('',(-0.0178803515302754,-0.0302404317703286,0.0127));
#2067=CARTESIAN_POINT('',(-0.0178803515302754,-0.0302404317703286,-0.00203199999999999));
#2068=CARTESIAN_POINT('',(-0.0260041478838332,-0.0267968886429626,0.0127));
#2069=CARTESIAN_POINT('',(-0.0260041478838332,-0.0267968886429626,-0.00203199999999999));
#2070=CARTESIAN_POINT('',(-0.0307722797239798,-0.0249956951757995,0.0127));
#2071=CARTESIAN_POINT('',(-0.0307722797239798,-0.0249956951757995,-0.00203199999999999));
#2072=CARTESIAN_POINT('',(-0.0340613882005745,-0.0196222221774579,0.0127));
#2073=CARTESIAN_POINT('',(-0.0340613882005745,-0.0196222221774579,-0.00203199999999999));
#2074=CARTESIAN_POINT('',(-0.0280643670441744,-0.0204636913465686,0.0127));
#2075=CARTESIAN_POINT('',(-0.0280643670441744,-0.0204636913465686,-0.00203199999999999));
#2076=CARTESIAN_POINT('',(-0.0246651212099747,-0.0152078430762259,0.0127));
#2077=CARTESIAN_POINT('',(-0.0246651212099747,-0.0152078430762259,-0.00203199999999999));
#2078=CARTESIAN_POINT('',(-0.0161474301344635,-0.0116741335051392,0.0127));
#2079=CARTESIAN_POINT('',(-0.0161474301344635,-0.0116741335051392,-0.00203199999999999));
#2080=CARTESIAN_POINT('',(-0.0215944116193498,-0.00970344448962206,0.0127));
#2081=CARTESIAN_POINT('',(-0.0215944116193498,-0.00970344448962206,-0.00203199999999999));
#2082=CARTESIAN_POINT('',(-0.0260520188626783,-0.00826337704680302,0.0127));
#2083=CARTESIAN_POINT('',(-0.0260520188626783,-0.00826337704680302,-0.00203199999999999));
#2084=CARTESIAN_POINT('',(-0.0261694175266233,-0.00454410589094444,0.0127));
#2085=CARTESIAN_POINT('',(-0.0261694175266233,-0.00454410589094444,-0.00203199999999999));
#2086=CARTESIAN_POINT('',(-0.0227232137925121,0.00111114997636454,0.0127));
#2087=CARTESIAN_POINT('',(-0.0227232137925121,0.00111114997636454,-0.00203199999999999));
#2088=CARTESIAN_POINT('',(-0.0160066435821027,0.00147289612643517,0.0127));
#2089=CARTESIAN_POINT('',(-0.0160066435821027,0.00147289612643517,-0.00203199999999999));
#2090=CARTESIAN_POINT('',(-0.00846499706289718,0.0135898196283186,0.0127));
#2091=CARTESIAN_POINT('',(-0.00846499706289718,0.0135898196283186,-0.00203199999999999));
#2092=CARTESIAN_POINT('',(-0.0153862727598882,0.0119152794345197,0.0127));
#2093=CARTESIAN_POINT('',(-0.0153862727598882,0.0119152794345197,-0.00203199999999999));
#2094=CARTESIAN_POINT('',(-0.0178413504867908,0.0159016376887816,0.0127));
#2095=CARTESIAN_POINT('',(-0.0178413504867908,0.0159016376887816,-0.00203199999999999));
#2096=CARTESIAN_POINT('',(-0.0110273052867399,0.0180079264536223,0.0127));
#2097=CARTESIAN_POINT('',(-0.0110273052867399,0.0180079264536223,-0.00203199999999999));
#2098=CARTESIAN_POINT('',(-0.00834335745846985,0.0227075019090792,0.0127));
#2099=CARTESIAN_POINT('',(-0.00834335745846985,0.0227075019090792,-0.00203199999999999));
#2100=CARTESIAN_POINT('',(-0.0057458162019354,0.025647275914654,0.0127));
#2101=CARTESIAN_POINT('',(-0.0057458162019354,0.025647275914654,-0.00203199999999999));
#2102=CARTESIAN_POINT('',(-0.00399776691381485,0.0294609106810992,0.0127));
#2103=CARTESIAN_POINT('',(-0.00399776691381485,0.0294609106810992,-0.00203199999999999));
#2104=CARTESIAN_POINT('',(-0.00460184064372242,0.0312398082108836,0.0127));
#2105=CARTESIAN_POINT('',(-0.00460184064372242,0.0312398082108836,-0.00203199999999999));
#2106=CARTESIAN_POINT('',(-0.00333959750425867,0.0338042967592423,0.0127));
#2107=CARTESIAN_POINT('',(-0.00333959750425867,0.0338042967592423,-0.00203199999999999));
#2108=CARTESIAN_POINT('',(-0.00438171159303944,0.0355867467168629,0.0127));
#2109=CARTESIAN_POINT('',(-0.00438171159303944,0.0355867467168629,-0.00203199999999999));
#2110=CARTESIAN_POINT('',(-0.00787608408230971,0.0396890106790831,0.0127));
#2111=CARTESIAN_POINT('',(-0.00787608408230971,0.0396890106790831,-0.00203199999999999));
#2112=CARTESIAN_POINT('',(0.00193844746672417,0.0379345459217117,0.0127));
#2113=CARTESIAN_POINT('',(0.00193844746672417,0.0379345459217117,-0.00203199999999999));
#2114=CARTESIAN_POINT('',(-0.00153263556253653,0.0448747519145724,0.0127));
#2115=CARTESIAN_POINT('',(-0.00153263556253653,0.0448747519145724,-0.00203199999999999));
#2116=CARTESIAN_POINT('',(0.00510982238575877,0.0385941905626458,0.0127));
#2117=CARTESIAN_POINT('',(0.00510982238575877,0.0385941905626458,-0.00203199999999999));
#2118=CARTESIAN_POINT('',(0.00193844746672417,0.0379345459217117,0.0127));
#2119=CARTESIAN_POINT('',(-0.00153263556253653,0.0448747519145724,0.0127));
#2120=CARTESIAN_POINT('',(0.00510982238575877,0.0385941905626458,0.0127));
#2121=CARTESIAN_POINT('',(0.0111584525566406,0.0394633058992904,0.0127));
#2122=CARTESIAN_POINT('',(0.00459846123155036,0.0357801885657707,0.0127));
#2123=CARTESIAN_POINT('',(0.00606837621478263,0.0322898883429195,0.0127));
#2124=CARTESIAN_POINT('',(0.00319852908425528,0.0310649076228909,0.0127));
#2125=CARTESIAN_POINT('',(0.014249313593889,0.0158343057910019,0.0127));
#2126=CARTESIAN_POINT('',(0.0201338394428645,0.0170672243757789,0.0127));
#2127=CARTESIAN_POINT('',(0.0170886694894536,0.0122084975893905,0.0127));
#2128=CARTESIAN_POINT('',(0.0118543363261804,0.0126951524342466,0.0127));
#2129=CARTESIAN_POINT('',(0.0141881048229684,0.00427079683632726,0.0127));
#2130=CARTESIAN_POINT('',(0.0225261046989257,6.67720798968748E-5,0.0127));
#2131=CARTESIAN_POINT('',(0.0293483625200488,-0.00305816777768676,0.0127));
#2132=CARTESIAN_POINT('',(0.0298315001437606,-0.0083606478955781,0.0127));
#2133=CARTESIAN_POINT('',(0.0222676397115667,-0.0104250714160318,0.0127));
#2134=CARTESIAN_POINT('',(0.0182799632940997,-0.0111216924142865,0.0127));
#2135=CARTESIAN_POINT('',(0.0288069772432758,-0.018324008002622,0.0127));
#2136=CARTESIAN_POINT('',(0.0368204925802357,-0.0204735730362554,0.0127));
#2137=CARTESIAN_POINT('',(0.032441235504495,-0.0282689085922107,0.0127));
#2138=CARTESIAN_POINT('',(0.0194524155445227,-0.0298839588621646,0.0127));
#2139=CARTESIAN_POINT('',(0.0128109640173887,-0.0290968749040465,0.0127));
#2140=CARTESIAN_POINT('',(0.0111832823735306,-0.0363674534478369,0.0127));
#2141=CARTESIAN_POINT('',(0.00974615436555261,-0.0424883199592394,0.0127));
#2142=CARTESIAN_POINT('',(-0.00013203322628788,-0.039900964926993,0.0127));
#2143=CARTESIAN_POINT('',(-0.00551334652979331,-0.0410921155068773,0.0127));
#2144=CARTESIAN_POINT('',(-0.00906208794937842,-0.0388551038662708,0.0127));
#2145=CARTESIAN_POINT('',(-0.0121201299902864,-0.0330084027483842,0.0127));
#2146=CARTESIAN_POINT('',(-0.0105790726599453,-0.0303360353393317,0.0127));
#2147=CARTESIAN_POINT('',(-0.0178803515302754,-0.0302404317703286,0.0127));
#2148=CARTESIAN_POINT('',(-0.0260041478838332,-0.0267968886429626,0.0127));
#2149=CARTESIAN_POINT('',(-0.0307722797239798,-0.0249956951757995,0.0127));
#2150=CARTESIAN_POINT('',(-0.0340613882005745,-0.0196222221774579,0.0127));
#2151=CARTESIAN_POINT('',(-0.0280643670441744,-0.0204636913465686,0.0127));
#2152=CARTESIAN_POINT('',(-0.0246651212099747,-0.0152078430762259,0.0127));
#2153=CARTESIAN_POINT('',(-0.0161474301344635,-0.0116741335051392,0.0127));
#2154=CARTESIAN_POINT('',(-0.0215944116193498,-0.00970344448962206,0.0127));
#2155=CARTESIAN_POINT('',(-0.0260520188626783,-0.00826337704680302,0.0127));
#2156=CARTESIAN_POINT('',(-0.0261694175266233,-0.00454410589094444,0.0127));
#2157=CARTESIAN_POINT('',(-0.0227232137925121,0.00111114997636454,0.0127));
#2158=CARTESIAN_POINT('',(-0.0160066435821027,0.00147289612643517,0.0127));
#2159=CARTESIAN_POINT('',(-0.00846499706289718,0.0135898196283186,0.0127));
#2160=CARTESIAN_POINT('',(-0.0153862727598882,0.0119152794345197,0.0127));
#2161=CARTESIAN_POINT('',(-0.0178413504867908,0.0159016376887816,0.0127));
#2162=CARTESIAN_POINT('',(-0.0110273052867399,0.0180079264536223,0.0127));
#2163=CARTESIAN_POINT('',(-0.00834335745846985,0.0227075019090792,0.0127));
#2164=CARTESIAN_POINT('',(-0.0057458162019354,0.025647275914654,0.0127));
#2165=CARTESIAN_POINT('',(-0.00399776691381485,0.0294609106810992,0.0127));
#2166=CARTESIAN_POINT('',(-0.00460184064372242,0.0312398082108836,0.0127));
#2167=CARTESIAN_POINT('',(-0.00333959750425867,0.0338042967592423,0.0127));
#2168=CARTESIAN_POINT('',(-0.00438171159303944,0.0355867467168629,0.0127));
#2169=CARTESIAN_POINT('',(-0.00787608408230971,0.0396890106790831,0.0127));
#2170=CARTESIAN_POINT('',(0.00193844746672417,0.0379345459217117,0.0127));
#2171=CARTESIAN_POINT('',(-0.00153263556253653,0.0448747519145724,0.0127));
#2172=CARTESIAN_POINT('',(0.00510982238575877,0.0385941905626458,0.0127));
#2173=CARTESIAN_POINT('',(1.62630325872826E-19,0.0426124036312103,0.0127));
#2174=CARTESIAN_POINT('',(0.00193844746672417,0.0379345459217117,-0.002032));
#2175=CARTESIAN_POINT('',(-0.00153263556253653,0.0448747519145724,-0.002032));
#2176=CARTESIAN_POINT('',(0.00510982238575877,0.0385941905626458,-0.002032));
#2177=CARTESIAN_POINT('',(0.0111584525566406,0.0394633058992904,-0.002032));
#2178=CARTESIAN_POINT('',(0.00459846123155036,0.0357801885657707,-0.002032));
#2179=CARTESIAN_POINT('',(0.00606837621478263,0.0322898883429195,-0.002032));
#2180=CARTESIAN_POINT('',(0.00319852908425528,0.0310649076228909,-0.002032));
#2181=CARTESIAN_POINT('',(0.014249313593889,0.0158343057910019,-0.002032));
#2182=CARTESIAN_POINT('',(0.0201338394428645,0.0170672243757789,-0.002032));
#2183=CARTESIAN_POINT('',(0.0170886694894536,0.0122084975893905,-0.002032));
#2184=CARTESIAN_POINT('',(0.0118543363261804,0.0126951524342466,-0.002032));
#2185=CARTESIAN_POINT('',(0.0141881048229684,0.00427079683632726,-0.002032));
#2186=CARTESIAN_POINT('',(0.0225261046989257,6.67720798968748E-5,-0.002032));
#2187=CARTESIAN_POINT('',(0.0293483625200488,-0.00305816777768676,-0.002032));
#2188=CARTESIAN_POINT('',(0.0298315001437606,-0.0083606478955781,-0.002032));
#2189=CARTESIAN_POINT('',(0.0222676397115667,-0.0104250714160318,-0.002032));
#2190=CARTESIAN_POINT('',(0.0182799632940997,-0.0111216924142865,-0.002032));
#2191=CARTESIAN_POINT('',(0.0288069772432758,-0.018324008002622,-0.002032));
#2192=CARTESIAN_POINT('',(0.0368204925802357,-0.0204735730362554,-0.002032));
#2193=CARTESIAN_POINT('',(0.032441235504495,-0.0282689085922107,-0.002032));
#2194=CARTESIAN_POINT('',(0.0194524155445227,-0.0298839588621646,-0.002032));
#2195=CARTESIAN_POINT('',(0.0128109640173887,-0.0290968749040465,-0.002032));
#2196=CARTESIAN_POINT('',(0.0111832823735306,-0.0363674534478369,-0.002032));
#2197=CARTESIAN_POINT('',(0.00974615436555261,-0.0424883199592394,-0.002032));
#2198=CARTESIAN_POINT('',(-0.00013203322628788,-0.039900964926993,-0.002032));
#2199=CARTESIAN_POINT('',(-0.00551334652979331,-0.0410921155068773,-0.002032));
#2200=CARTESIAN_POINT('',(-0.00906208794937842,-0.0388551038662708,-0.002032));
#2201=CARTESIAN_POINT('',(-0.0121201299902864,-0.0330084027483842,-0.002032));
#2202=CARTESIAN_POINT('',(-0.0105790726599453,-0.0303360353393317,-0.002032));
#2203=CARTESIAN_POINT('',(-0.0178803515302754,-0.0302404317703286,-0.002032));
#2204=CARTESIAN_POINT('',(-0.0260041478838332,-0.0267968886429626,-0.002032));
#2205=CARTESIAN_POINT('',(-0.0307722797239798,-0.0249956951757995,-0.002032));
#2206=CARTESIAN_POINT('',(-0.0340613882005745,-0.0196222221774579,-0.002032));
#2207=CARTESIAN_POINT('',(-0.0280643670441744,-0.0204636913465686,-0.002032));
#2208=CARTESIAN_POINT('',(-0.0246651212099747,-0.0152078430762259,-0.002032));
#2209=CARTESIAN_POINT('',(-0.0161474301344635,-0.0116741335051392,-0.002032));
#2210=CARTESIAN_POINT('',(-0.0215944116193498,-0.00970344448962206,-0.002032));
#2211=CARTESIAN_POINT('',(-0.0260520188626783,-0.00826337704680302,-0.002032));
#2212=CARTESIAN_POINT('',(-0.0261694175266233,-0.00454410589094444,-0.002032));
#2213=CARTESIAN_POINT('',(-0.0227232137925121,0.00111114997636454,-0.002032));
#2214=CARTESIAN_POINT('',(-0.0160066435821027,0.00147289612643517,-0.002032));
#2215=CARTESIAN_POINT('',(-0.00846499706289718,0.0135898196283186,-0.002032));
#2216=CARTESIAN_POINT('',(-0.0153862727598882,0.0119152794345197,-0.002032));
#2217=CARTESIAN_POINT('',(-0.0178413504867908,0.0159016376887816,-0.002032));
#2218=CARTESIAN_POINT('',(-0.0110273052867399,0.0180079264536223,-0.002032));
#2219=CARTESIAN_POINT('',(-0.00834335745846985,0.0227075019090792,-0.002032));
#2220=CARTESIAN_POINT('',(-0.0057458162019354,0.025647275914654,-0.002032));
#2221=CARTESIAN_POINT('',(-0.00399776691381485,0.0294609106810992,-0.002032));
#2222=CARTESIAN_POINT('',(-0.00460184064372242,0.0312398082108836,-0.002032));
#2223=CARTESIAN_POINT('',(-0.00333959750425867,0.0338042967592423,-0.002032));
#2224=CARTESIAN_POINT('',(-0.00438171159303944,0.0355867467168629,-0.002032));
#2225=CARTESIAN_POINT('',(-0.00787608408230971,0.0396890106790831,-0.002032));
#2226=CARTESIAN_POINT('',(0.00193844746672417,0.0379345459217117,-0.002032));
#2227=CARTESIAN_POINT('',(-0.00153263556253653,0.0448747519145724,-0.002032));
#2228=CARTESIAN_POINT('',(0.00510982238575877,0.0385941905626458,-0.002032));
#2229=CARTESIAN_POINT('',(1.62630325872826E-19,0.0426124036312103,-0.002032));
#2230=CARTESIAN_POINT('',(-0.0331625781520561,-0.0245834993593726,0.0127));
#2231=CARTESIAN_POINT('',(-0.0297823241884272,-0.0140837921081317,0.));
#2232=CARTESIAN_POINT('',(0.0340498473003456,-0.0122012737890226,0.));
#2233=CARTESIAN_POINT('',(0.0343168871431292,-0.0123211143561571,0.));
#2234=CARTESIAN_POINT('',(0.0347270247753332,-0.0125054274736733,0.));
#2235=CARTESIAN_POINT('',(0.0352986449602223,-0.0127714884333492,0.));
#2236=CARTESIAN_POINT('',(0.035883987597847,-0.0130530482575018,0.));
#2237=CARTESIAN_POINT('',(0.0365189569577291,-0.0133795013654143,0.));
#2238=CARTESIAN_POINT('',(0.037187475244772,-0.0137654843118133,0.));
#2239=CARTESIAN_POINT('',(0.0377188368718933,-0.0141003108300782,0.));
#2240=CARTESIAN_POINT('',(0.0382767604994539,-0.0144907888953264,0.));
#2241=CARTESIAN_POINT('',(0.0387692086471131,-0.0148811525510768,0.));
#2242=CARTESIAN_POINT('',(0.0391685914333809,-0.015234893572646,0.));
#2243=CARTESIAN_POINT('',(0.0395773148837415,-0.0156260764513732,0.));
#2244=CARTESIAN_POINT('',(0.0400934768038785,-0.016186277520091,0.));
#2245=CARTESIAN_POINT('',(0.0406917745940761,-0.0169789669906153,0.));
#2246=CARTESIAN_POINT('',(0.0411500052232804,-0.0177511314404041,0.));
#2247=CARTESIAN_POINT('',(0.0414704339380392,-0.0184283661007255,0.));
#2248=CARTESIAN_POINT('',(0.0416811789072957,-0.0189565872261791,0.));
#2249=CARTESIAN_POINT('',(0.0418613039169042,-0.0195094776317435,0.));
#2250=CARTESIAN_POINT('',(0.0420014464577668,-0.0200560192847549,0.));
#2251=CARTESIAN_POINT('',(0.0421063439552798,-0.0206028319436488,0.));
#2252=CARTESIAN_POINT('',(0.0421988632775532,-0.0213122445067473,0.));
#2253=CARTESIAN_POINT('',(0.042236259849066,-0.0221700118263412,0.));
#2254=CARTESIAN_POINT('',(0.0421776131402877,-0.0231389218467711,0.));
#2255=CARTESIAN_POINT('',(0.0420360101390587,-0.0240435036594027,0.));
#2256=CARTESIAN_POINT('',(0.0418315113241251,-0.0248801640871389,0.));
#2257=CARTESIAN_POINT('',(0.0415704268135432,-0.0256742146077076,0.));
#2258=CARTESIAN_POINT('',(0.0412647324567727,-0.0264158851188238,0.));
#2259=CARTESIAN_POINT('',(0.0409271693849762,-0.0271037658332239,0.));
#2260=CARTESIAN_POINT('',(0.0405544716114588,-0.0277603857722789,0.));
#2261=CARTESIAN_POINT('',(0.0400160271416036,-0.0285925475200689,0.));
#2262=CARTESIAN_POINT('',(0.0392781359445704,-0.0295523131861347,0.));
#2263=CARTESIAN_POINT('',(0.0382843093313348,-0.0306110742087627,0.));
#2264=CARTESIAN_POINT('',(0.0373747464929658,-0.0314146028501555,0.));
#2265=CARTESIAN_POINT('',(0.0365949800733031,-0.0320146165108142,0.));
#2266=CARTESIAN_POINT('',(0.0357763147399613,-0.0325867648052238,0.));
#2267=CARTESIAN_POINT('',(0.0347259162624384,-0.0332196046968746,0.));
#2268=CARTESIAN_POINT('',(0.0334680798079929,-0.0338506957480876,0.));
#2269=CARTESIAN_POINT('',(0.031786641891755,-0.0345609055202001,0.));
#2270=CARTESIAN_POINT('',(0.0296962692929351,-0.0352404208667218,0.));
#2271=CARTESIAN_POINT('',(0.0272202418267052,-0.0358192511096116,0.));
#2272=CARTESIAN_POINT('',(0.0248072581413406,-0.036215458154134,0.));
#2273=CARTESIAN_POINT('',(0.0228763286594726,-0.0364242693090732,0.));
#2274=CARTESIAN_POINT('',(0.0214083520665764,-0.0365321442367322,0.));
#2275=CARTESIAN_POINT('',(0.0205187072590584,-0.0365775709720396,0.));
#2276=CARTESIAN_POINT('',(0.0198267274690878,-0.0366008233958851,0.));
#2277=CARTESIAN_POINT('',(0.019165248994226,-0.0366160259485026,0.));
#2278=CARTESIAN_POINT('',(0.0187020377233383,-0.0366203254481922,0.));
#2279=CARTESIAN_POINT('',(0.0184163273018399,-0.0366215409719825,0.));
#2280=CARTESIAN_POINT('',(0.0340498473003457,-0.0122012737890225,0.));
#2281=CARTESIAN_POINT('',(0.0184163273018399,-0.0366215409719825,0.));
#2282=CARTESIAN_POINT('',(0.0222841110077877,0.00832164194951419,0.));
#2283=CARTESIAN_POINT('',(0.0227424821582132,0.0080263975171596,0.));
#2284=CARTESIAN_POINT('',(0.0238170657701208,0.0074116499991488,0.));
#2285=CARTESIAN_POINT('',(0.0254617056145469,0.0066075838053922,0.));
#2286=CARTESIAN_POINT('',(0.0269112835860681,0.00591508168442223,0.));
#2287=CARTESIAN_POINT('',(0.0280726755166043,0.00534601847149252,0.));
#2288=CARTESIAN_POINT('',(0.0292877340373633,0.00470963291888409,0.));
#2289=CARTESIAN_POINT('',(0.0303659605866135,0.00407529911558076,0.));
#2290=CARTESIAN_POINT('',(0.0312460656505124,0.0034856293792908,0.));
#2291=CARTESIAN_POINT('',(0.0319242152169741,0.00298520025247762,0.));
#2292=CARTESIAN_POINT('',(0.0326120307896659,0.00241642996158097,0.));
#2293=CARTESIAN_POINT('',(0.0333088860970234,0.00175843018544501,0.));
#2294=CARTESIAN_POINT('',(0.033993884369815,0.00100476444263496,0.));
#2295=CARTESIAN_POINT('',(0.0346612359904183,0.000123105723685358,0.));
#2296=CARTESIAN_POINT('',(0.0352570196302144,-0.000854390702303725,0.));
#2297=CARTESIAN_POINT('',(0.0357618251265825,-0.00192464925367266,0.));
#2298=CARTESIAN_POINT('',(0.0361539278756453,-0.00307589336015773,0.));
#2299=CARTESIAN_POINT('',(0.0364182546507465,-0.00432350460411904,0.));
#2300=CARTESIAN_POINT('',(0.0365227719455872,-0.00565090048915376,0.));
#2301=CARTESIAN_POINT('',(0.0364564329664685,-0.00679645828358451,0.));
#2302=CARTESIAN_POINT('',(0.0362986915806716,-0.00773031174089016,0.));
#2303=CARTESIAN_POINT('',(0.0360706319965455,-0.00865746118315632,0.));
#2304=CARTESIAN_POINT('',(0.0357353921245276,-0.00956907897498998,0.));
#2305=CARTESIAN_POINT('',(0.035297429233648,-0.0104401580452798,0.));
#2306=CARTESIAN_POINT('',(0.0349240601021051,-0.0110627202329477,0.));
#2307=CARTESIAN_POINT('',(0.0345762566792992,-0.0115569840299172,0.));
#2308=CARTESIAN_POINT('',(0.0342772983941435,-0.0119359058879952,0.));
#2309=CARTESIAN_POINT('',(0.0341262369506959,-0.0121141037247956,0.));
#2310=CARTESIAN_POINT('',(0.0340498473003457,-0.0122012737890225,0.));
#2311=CARTESIAN_POINT('',(0.0222841110077878,0.00832164194951439,0.));
#2312=CARTESIAN_POINT('',(0.0125110467921434,0.0311899728092347,0.));
#2313=CARTESIAN_POINT('',(0.0127272270439654,0.0308287820493582,0.));
#2314=CARTESIAN_POINT('',(0.0132397369601521,0.0300244470342485,0.));
#2315=CARTESIAN_POINT('',(0.0141877990374822,0.0286918486124286,0.));
#2316=CARTESIAN_POINT('',(0.0152453908304805,0.0273409484022272,0.));
#2317=CARTESIAN_POINT('',(0.0163430907447496,0.0260679141292112,0.));
#2318=CARTESIAN_POINT('',(0.0172286896861211,0.0251485865864985,0.));
#2319=CARTESIAN_POINT('',(0.0178653086051531,0.0245508952925891,0.));
#2320=CARTESIAN_POINT('',(0.0182893754761153,0.0241842251772478,0.));
#2321=CARTESIAN_POINT('',(0.0185765160488915,0.0239605152746798,0.));
#2322=CARTESIAN_POINT('',(0.0187475151911711,0.0238385626448179,0.));
#2323=CARTESIAN_POINT('',(0.0188437695382927,0.023775074576457,0.));
#2324=CARTESIAN_POINT('',(0.0188903112748928,0.0237472543540071,0.));
#2325=CARTESIAN_POINT('',(0.0189062778575794,0.023738794808968,0.));
#2326=CARTESIAN_POINT('',(0.0189224084118053,0.0237310428577826,0.));
#2327=CARTESIAN_POINT('',(0.0189560374007485,0.0237177615559684,0.));
#2328=CARTESIAN_POINT('',(0.0190441660208348,0.0236898873095812,0.));
#2329=CARTESIAN_POINT('',(0.0192081888407167,0.0236475765416098,0.));
#2330=CARTESIAN_POINT('',(0.0194233784602872,0.0235966457388928,0.));
#2331=CARTESIAN_POINT('',(0.0196030627529192,0.0235543699680792,0.));
#2332=CARTESIAN_POINT('',(0.0197878577182015,0.0235092029806758,0.));
#2333=CARTESIAN_POINT('',(0.0199407566840793,0.0234703969711533,0.));
#2334=CARTESIAN_POINT('',(0.0201227457115798,0.0234219564079481,0.));
#2335=CARTESIAN_POINT('',(0.0203354956660454,0.0233611458361806,0.));
#2336=CARTESIAN_POINT('',(0.0205656489992461,0.0232901215811704,0.));
#2337=CARTESIAN_POINT('',(0.0208454668696363,0.0231956265371122,0.));
#2338=CARTESIAN_POINT('',(0.021109485267598,0.0230956906863045,0.));
#2339=CARTESIAN_POINT('',(0.0213278269039505,0.0230054773586926,0.));
#2340=CARTESIAN_POINT('',(0.0215699704675563,0.0228995067571483,0.));
#2341=CARTESIAN_POINT('',(0.021917032364544,0.0227323629554844,0.));
#2342=CARTESIAN_POINT('',(0.0222964830348996,0.0225193253478091,0.));
#2343=CARTESIAN_POINT('',(0.0226085257014817,0.0223222214388628,0.));
#2344=CARTESIAN_POINT('',(0.0229390502553626,0.0220963666243843,0.));
#2345=CARTESIAN_POINT('',(0.0233742417134991,0.0217608806916454,0.));
#2346=CARTESIAN_POINT('',(0.0239148628711946,0.0212584933173953,0.));
#2347=CARTESIAN_POINT('',(0.0243468225645204,0.0207683927407429,0.));
#2348=CARTESIAN_POINT('',(0.0246806629231912,0.0203202036308101,0.));
#2349=CARTESIAN_POINT('',(0.0249121039321641,0.0199698725208852,0.));
#2350=CARTESIAN_POINT('',(0.0251256782417851,0.0196045927795439,0.));
#2351=CARTESIAN_POINT('',(0.0253229335028034,0.0192178697597802,0.));
#2352=CARTESIAN_POINT('',(0.0254925289751324,0.0188325831005801,0.));
#2353=CARTESIAN_POINT('',(0.0256402316662012,0.0184405335709475,0.));
#2354=CARTESIAN_POINT('',(0.0257650824328575,0.0180425704427203,0.));
#2355=CARTESIAN_POINT('',(0.0258617768072095,0.0176650307987258,0.));
#2356=CARTESIAN_POINT('',(0.0259367269532625,0.0172988283554183,0.));
#2357=CARTESIAN_POINT('',(0.0259919781125396,0.0169433447043666,0.));
#2358=CARTESIAN_POINT('',(0.0260289214546267,0.0166035057059563,0.));
#2359=CARTESIAN_POINT('',(0.0260568344156615,0.0161828427456705,0.));
#2360=CARTESIAN_POINT('',(0.0260593328176827,0.0157904398690499,0.));
#2361=CARTESIAN_POINT('',(0.0260439013631367,0.0154349778225926,0.));
#2362=CARTESIAN_POINT('',(0.0260179126121667,0.015089731188416,0.));
#2363=CARTESIAN_POINT('',(0.0259672276136183,0.0146813050128647,0.));
#2364=CARTESIAN_POINT('',(0.0259009776870936,0.0143179751882269,0.));
#2365=CARTESIAN_POINT('',(0.0258436511521713,0.0140549070256548,0.));
#2366=CARTESIAN_POINT('',(0.0257811636796051,0.0137962910500014,0.));
#2367=CARTESIAN_POINT('',(0.0256956150707784,0.0134886980677516,0.));
#2368=CARTESIAN_POINT('',(0.0255870935528713,0.0131519078016536,0.));
#2369=CARTESIAN_POINT('',(0.0254724142580556,0.0128354504271953,0.));
#2370=CARTESIAN_POINT('',(0.0253515534191644,0.0125347477767291,0.));
#2371=CARTESIAN_POINT('',(0.0251876611078888,0.012161285986814,0.));
#2372=CARTESIAN_POINT('',(0.024883740349399,0.0115450738674964,0.));
#2373=CARTESIAN_POINT('',(0.0244210624879726,0.0107683946885773,0.));
#2374=CARTESIAN_POINT('',(0.0238994450765541,0.0100464260384013,0.));
#2375=CARTESIAN_POINT('',(0.0234503634580654,0.00950179147207005,0.));
#2376=CARTESIAN_POINT('',(0.0229671773202655,0.00896400312737653,0.));
#2377=CARTESIAN_POINT('',(0.0225706186486269,0.0085761844873714,0.));
#2378=CARTESIAN_POINT('',(0.0222841110077878,0.00832164194951443,0.));
#2379=CARTESIAN_POINT('',(0.0125110467921432,0.0311899728092346,0.));
#2380=CARTESIAN_POINT('',(0.0042034355207014,0.0328251920938689,0.));
#2381=CARTESIAN_POINT('',(0.0126550338561424,0.0323116881907288,0.));
#2382=CARTESIAN_POINT('',(-0.00640503089096798,0.0457070786796102,0.));
#2383=CARTESIAN_POINT('',(-0.00631244778509012,0.0458972774568409,0.));
#2384=CARTESIAN_POINT('',(-0.00615261204291057,0.0461941271966926,0.));
#2385=CARTESIAN_POINT('',(-0.0058920189686612,0.0466007039539659,0.));
#2386=CARTESIAN_POINT('',(-0.00568116255910436,0.0468959902978217,0.));
#2387=CARTESIAN_POINT('',(-0.00545001757961455,0.0471880386485027,0.));
#2388=CARTESIAN_POINT('',(-0.00519084742555118,0.0474822171822005,0.));
#2389=CARTESIAN_POINT('',(-0.00491285489936998,0.0477643613115716,0.));
#2390=CARTESIAN_POINT('',(-0.00462558617431676,0.048025932447757,0.));
#2391=CARTESIAN_POINT('',(-0.00432484490303483,0.0482720354100317,0.));
#2392=CARTESIAN_POINT('',(-0.00400576202787256,0.0485052339376942,0.));
#2393=CARTESIAN_POINT('',(-0.00368526112812347,0.0487137351125437,0.));
#2394=CARTESIAN_POINT('',(-0.00336208427939788,0.0489010255090825,0.));
#2395=CARTESIAN_POINT('',(-0.00303344386820068,0.0490697760132452,0.));
#2396=CARTESIAN_POINT('',(-0.00258987431153494,0.0492694377295868,0.));
#2397=CARTESIAN_POINT('',(-0.00206090962651423,0.0494610314157417,0.));
#2398=CARTESIAN_POINT('',(-0.00146054605987137,0.0496210946530063,0.));
#2399=CARTESIAN_POINT('',(-0.000884790139194948,0.0497244895022283,0.));
#2400=CARTESIAN_POINT('',(-0.000444119925146344,0.0497687523122228,0.));
#2401=CARTESIAN_POINT('',(-0.000121849793842231,0.0497850304683311,0.));
#2402=CARTESIAN_POINT('',(0.000100032120347117,0.0497893163544119,0.));
#2403=CARTESIAN_POINT('',(0.000309873351722954,0.0497875089068819,0.));
#2404=CARTESIAN_POINT('',(0.000585829640287777,0.0497774673295368,0.));
#2405=CARTESIAN_POINT('',(0.00091316435243659,0.0497516664276903,0.));
#2406=CARTESIAN_POINT('',(0.00120724820057387,0.0497131930019491,0.));
#2407=CARTESIAN_POINT('',(0.00141297959229825,0.049679643929494,0.));
#2408=CARTESIAN_POINT('',(0.0015999024265538,0.0496455907236957,0.));
#2409=CARTESIAN_POINT('',(0.00182915850536949,0.0495973084185999,0.));
#2410=CARTESIAN_POINT('',(0.00208327504857704,0.0495342322435665,0.));
#2411=CARTESIAN_POINT('',(0.00231034941301902,0.0494700113154032,0.));
#2412=CARTESIAN_POINT('',(0.00257391930560057,0.0493878669731899,0.));
#2413=CARTESIAN_POINT('',(0.00288280306386381,0.0492781646707129,0.));
#2414=CARTESIAN_POINT('',(0.00317616921710632,0.0491598236120173,0.));
#2415=CARTESIAN_POINT('',(0.00344278575850396,0.0490419621243819,0.));
#2416=CARTESIAN_POINT('',(0.00366885399441056,0.0489339664043274,0.));
#2417=CARTESIAN_POINT('',(0.00387516428702633,0.0488293558037185,0.));
#2418=CARTESIAN_POINT('',(0.00412032658246176,0.0486985310105142,0.));
#2419=CARTESIAN_POINT('',(0.00438767643642847,0.048546732846111,0.));
#2420=CARTESIAN_POINT('',(0.00467397262695717,0.0483743844429285,0.));
#2421=CARTESIAN_POINT('',(0.00492640680481567,0.0482160141166148,0.));
#2422=CARTESIAN_POINT('',(0.00524361544692335,0.0480111596384241,0.));
#2423=CARTESIAN_POINT('',(0.00560600145712702,0.0477697442169782,0.));
#2424=CARTESIAN_POINT('',(0.00601355024553648,0.0474946208929429,0.));
#2425=CARTESIAN_POINT('',(0.00640076386544496,0.047234573993514,0.));
#2426=CARTESIAN_POINT('',(0.00676765320346245,0.0469934671578426,0.));
#2427=CARTESIAN_POINT('',(0.00711115116820266,0.046776007550638,0.));
#2428=CARTESIAN_POINT('',(0.00741931704355511,0.046591320448905,0.));
#2429=CARTESIAN_POINT('',(0.00768611857579366,0.0464430292081838,0.));
#2430=CARTESIAN_POINT('',(0.00788495747251346,0.0463434100140474,0.));
#2431=CARTESIAN_POINT('',(0.00798410561215852,0.0463011968837716,0.));
#2432=CARTESIAN_POINT('',(0.0079973701632432,0.0462964442697512,0.));
#2433=CARTESIAN_POINT('',(0.00800419763085253,0.0462939598365355,0.));
#2434=CARTESIAN_POINT('',(0.00803063936189301,0.0462856833344642,0.));
#2435=CARTESIAN_POINT('',(0.00807830387937389,0.0462724797246357,0.));
#2436=CARTESIAN_POINT('',(0.00816971711303606,0.0462509188361491,0.));
#2437=CARTESIAN_POINT('',(0.00832726710533717,0.0462216837975754,0.));
#2438=CARTESIAN_POINT('',(0.0085358811088433,0.0461906508759102,0.));
#2439=CARTESIAN_POINT('',(0.00880183745687601,0.0461573391604751,0.));
#2440=CARTESIAN_POINT('',(0.00909748618803831,0.0461226135688176,0.));
#2441=CARTESIAN_POINT('',(0.0093920740409818,0.046085068793045,0.));
#2442=CARTESIAN_POINT('',(0.00963373403147902,0.0460503124013816,0.));
#2443=CARTESIAN_POINT('',(0.00984815535744828,0.0460150316265724,0.));
#2444=CARTESIAN_POINT('',(0.0100378603247201,0.0459806730351765,0.));
#2445=CARTESIAN_POINT('',(0.0102490474960636,0.0459380639917722,0.));
#2446=CARTESIAN_POINT('',(0.0104603931118921,0.0458896670133388,0.));
#2447=CARTESIAN_POINT('',(0.0106394800747444,0.0458441448916166,0.));
#2448=CARTESIAN_POINT('',(0.010793020193326,0.0458023299742471,0.));
#2449=CARTESIAN_POINT('',(0.0109602903042905,0.0457530232307768,0.));
#2450=CARTESIAN_POINT('',(0.0111349567360517,0.0456973140391846,0.));
#2451=CARTESIAN_POINT('',(0.0113248081159129,0.0456319786078917,0.));
#2452=CARTESIAN_POINT('',(0.0115429034682995,0.0455500722882971,0.));
#2453=CARTESIAN_POINT('',(0.0117364479174093,0.0454702353100233,0.));
#2454=CARTESIAN_POINT('',(0.0118959483939112,0.0453996187979383,0.));
#2455=CARTESIAN_POINT('',(0.0120572102225936,0.0453250510924319,0.));
#2456=CARTESIAN_POINT('',(0.0122924339935276,0.0452086866340623,0.));
#2457=CARTESIAN_POINT('',(0.0126031236922413,0.0450367468969043,0.));
#2458=CARTESIAN_POINT('',(0.0128756158707178,0.0448672163366517,0.));
#2459=CARTESIAN_POINT('',(0.0130922840614872,0.0447203054987104,0.));
#2460=CARTESIAN_POINT('',(0.0133247376013956,0.0445534505261458,0.));
#2461=CARTESIAN_POINT('',(0.0136388496463324,0.044306332627146,0.));
#2462=CARTESIAN_POINT('',(0.0140340563291898,0.0439475896322651,0.));
#2463=CARTESIAN_POINT('',(0.0144266367636256,0.0435322562327524,0.));
#2464=CARTESIAN_POINT('',(0.0147481687656966,0.0431321608979909,0.));
#2465=CARTESIAN_POINT('',(0.0150008554472458,0.0427701753537919,0.));
#2466=CARTESIAN_POINT('',(0.0152472532351383,0.0423785514395177,0.));
#2467=CARTESIAN_POINT('',(0.0155233250704881,0.0418627661637302,0.));
#2468=CARTESIAN_POINT('',(0.0158096258714122,0.0411649728329175,0.));
#2469=CARTESIAN_POINT('',(0.0159819486892708,0.0405789607731901,0.));
#2470=CARTESIAN_POINT('',(0.0160871551856612,0.0400832833516332,0.));
#2471=CARTESIAN_POINT('',(0.0161445618950473,0.0397180780826932,0.));
#2472=CARTESIAN_POINT('',(0.0161826597104118,0.0393602680268858,0.));
#2473=CARTESIAN_POINT('',(0.0162029142453297,0.0390065759722971,0.));
#2474=CARTESIAN_POINT('',(0.0162057782373194,0.0386552316107468,0.));
#2475=CARTESIAN_POINT('',(0.0161924031570442,0.0383185657940224,0.));
#2476=CARTESIAN_POINT('',(0.0161647770205951,0.0379942181369128,0.));
#2477=CARTESIAN_POINT('',(0.0161102138509536,0.0375748038072241,0.));
#2478=CARTESIAN_POINT('',(0.0160339340545633,0.0371897435689263,0.));
#2479=CARTESIAN_POINT('',(0.0159462823013018,0.0368467078410518,0.));
#2480=CARTESIAN_POINT('',(0.0158547735114574,0.0365330137635368,0.));
#2481=CARTESIAN_POINT('',(0.0157244459933162,0.0361567433774816,0.));
#2482=CARTESIAN_POINT('',(0.0155539531583474,0.0357509960651717,0.));
#2483=CARTESIAN_POINT('',(0.0154126289168584,0.0354628287416891,0.));
#2484=CARTESIAN_POINT('',(0.0153148736080793,0.0352784659474534,0.));
#2485=CARTESIAN_POINT('',(0.0152174654449083,0.0351027425486736,0.));
#2486=CARTESIAN_POINT('',(0.0150927051892743,0.0348925718201328,0.));
#2487=CARTESIAN_POINT('',(0.0149445841005006,0.0346632928457245,0.));
#2488=CARTESIAN_POINT('',(0.0148096729625782,0.0344690484527024,0.));
#2489=CARTESIAN_POINT('',(0.0146427182509483,0.0342418505843301,0.));
#2490=CARTESIAN_POINT('',(0.0144773787011534,0.0340352827144917,0.));
#2491=CARTESIAN_POINT('',(0.0143392668593372,0.0338730618746858,0.));
#2492=CARTESIAN_POINT('',(0.0142380300328239,0.0337582029221186,0.));
#2493=CARTESIAN_POINT('',(0.0141406086456864,0.0336515080549691,0.));
#2494=CARTESIAN_POINT('',(0.0140491101434753,0.0335544111147631,0.));
#2495=CARTESIAN_POINT('',(0.0139642182635211,0.0334667441213128,0.));
#2496=CARTESIAN_POINT('',(0.013853653103936,0.0333554104015681,0.));
#2497=CARTESIAN_POINT('',(0.0137282826654934,0.0332336312462871,0.));
#2498=CARTESIAN_POINT('',(0.0135891450169281,0.0331032641620328,0.));
#2499=CARTESIAN_POINT('',(0.0134565941193638,0.0329831068795081,0.));
#2500=CARTESIAN_POINT('',(0.0133342077972629,0.0328752937028952,0.));
#2501=CARTESIAN_POINT('',(0.0131874101141656,0.0327487529145688,0.));
#2502=CARTESIAN_POINT('',(0.0129447539485744,0.032545186380209,0.));
#2503=CARTESIAN_POINT('',(0.0127660742814679,0.0324009304331059,0.));
#2504=CARTESIAN_POINT('',(0.0126550338561428,0.0323116881907291,0.));
#2505=CARTESIAN_POINT('',(-0.00640503089096812,0.0457070786796102,0.));
#2506=CARTESIAN_POINT('',(-0.0112766335782528,0.0327983093108798,0.));
#2507=CARTESIAN_POINT('',(-0.0113472890246978,0.0329010734536715,0.));
#2508=CARTESIAN_POINT('',(-0.0114918708957611,0.0331164370907752,0.));
#2509=CARTESIAN_POINT('',(-0.0116866769089834,0.0334256572743898,0.));
#2510=CARTESIAN_POINT('',(-0.0118490036693596,0.0337010097498378,0.));
#2511=CARTESIAN_POINT('',(-0.0119755985165843,0.0339266096339391,0.));
#2512=CARTESIAN_POINT('',(-0.0121065846531439,0.0341745407166631,0.));
#2513=CARTESIAN_POINT('',(-0.0122369208413192,0.0344385395431747,0.));
#2514=CARTESIAN_POINT('',(-0.0123733288975051,0.0347376968856961,0.));
#2515=CARTESIAN_POINT('',(-0.0125100251992141,0.0350700534630243,0.));
#2516=CARTESIAN_POINT('',(-0.0126406548338568,0.035426801984051,0.));
#2517=CARTESIAN_POINT('',(-0.0127735218446148,0.0358487268737635,0.));
#2518=CARTESIAN_POINT('',(-0.0128733372048999,0.0362421783688358,0.));
#2519=CARTESIAN_POINT('',(-0.0129413785654337,0.036572249209111,0.));
#2520=CARTESIAN_POINT('',(-0.0130042886655967,0.0369342944273825,0.));
#2521=CARTESIAN_POINT('',(-0.0130656914905029,0.037442533937504,0.));
#2522=CARTESIAN_POINT('',(-0.0130866813149567,0.0380071673681038,0.));
#2523=CARTESIAN_POINT('',(-0.0130718920603188,0.038483661367551,0.));
#2524=CARTESIAN_POINT('',(-0.0130421327695949,0.0388642147630701,0.));
#2525=CARTESIAN_POINT('',(-0.0129902390390301,0.0392640455657211,0.));
#2526=CARTESIAN_POINT('',(-0.0129135101970725,0.0396783389582135,0.));
#2527=CARTESIAN_POINT('',(-0.0128106060357797,0.0401008822493819,0.));
#2528=CARTESIAN_POINT('',(-0.0126772320128342,0.0405361935773697,0.));
#2529=CARTESIAN_POINT('',(-0.0125142475882113,0.0409710455497276,0.));
#2530=CARTESIAN_POINT('',(-0.0123228319209658,0.0414004688334873,0.));
#2531=CARTESIAN_POINT('',(-0.0120954882618794,0.0418339563109135,0.));
#2532=CARTESIAN_POINT('',(-0.0118437811537986,0.0422460211046495,0.));
#2533=CARTESIAN_POINT('',(-0.0115694851416418,0.042637827125261,0.));
#2534=CARTESIAN_POINT('',(-0.0112679831498632,0.0430153117485192,0.));
#2535=CARTESIAN_POINT('',(-0.0109461198994199,0.0433689475381477,0.));
#2536=CARTESIAN_POINT('',(-0.0105099072676517,0.0437929097227928,0.));
#2537=CARTESIAN_POINT('',(-0.0100622704144133,0.0441555986197749,0.));
#2538=CARTESIAN_POINT('',(-0.00964301054543022,0.0444453782702781,0.));
#2539=CARTESIAN_POINT('',(-0.00934552703483814,0.0446316087511668,0.));
#2540=CARTESIAN_POINT('',(-0.00905399308476132,0.0447970272273207,0.));
#2541=CARTESIAN_POINT('',(-0.00878020318198874,0.044938027793569,0.));
#2542=CARTESIAN_POINT('',(-0.00852191152072126,0.0450596141893945,0.));
#2543=CARTESIAN_POINT('',(-0.00819157000835243,0.0452016016587566,0.));
#2544=CARTESIAN_POINT('',(-0.00782591331550008,0.0453392232700571,0.));
#2545=CARTESIAN_POINT('',(-0.00740562858898189,0.0454735652270834,0.));
#2546=CARTESIAN_POINT('',(-0.00709259337123893,0.0455573757918598,0.));
#2547=CARTESIAN_POINT('',(-0.00687284241979391,0.0456102344368208,0.));
#2548=CARTESIAN_POINT('',(-0.00665753910182497,0.0456583680672117,0.));
#2549=CARTESIAN_POINT('',(-0.00650364305196255,0.0456888809394207,0.));
#2550=CARTESIAN_POINT('',(-0.00640503089096829,0.0457070786796102,0.));
#2551=CARTESIAN_POINT('',(-0.0112766335782544,0.0327983093108787,0.));
#2552=CARTESIAN_POINT('',(-0.0014580502734157,0.0308981237817344,0.));
#2553=CARTESIAN_POINT('',(-0.0114480544072253,0.0304130508631581,0.));
#2554=CARTESIAN_POINT('',(-0.021144156345019,0.00849055488449695,0.));
#2555=CARTESIAN_POINT('',(-0.0213842478346452,0.00873743962699317,0.));
#2556=CARTESIAN_POINT('',(-0.0218402768893191,0.00925998472781911,0.));
#2557=CARTESIAN_POINT('',(-0.0223462700300106,0.0099892264510937,0.));
#2558=CARTESIAN_POINT('',(-0.0227085484857709,0.0106260814903822,0.));
#2559=CARTESIAN_POINT('',(-0.0230366580149402,0.0112936350774685,0.));
#2560=CARTESIAN_POINT('',(-0.0233849587066519,0.0122084368089016,0.));
#2561=CARTESIAN_POINT('',(-0.0236638203873431,0.0134126540123301,0.));
#2562=CARTESIAN_POINT('',(-0.0237704563192866,0.0147290579590636,0.));
#2563=CARTESIAN_POINT('',(-0.0236792610044821,0.0158881119094102,0.));
#2564=CARTESIAN_POINT('',(-0.0235046194114647,0.0167179725941046,0.));
#2565=CARTESIAN_POINT('',(-0.0233702655569044,0.0171947116012034,0.));
#2566=CARTESIAN_POINT('',(-0.0232568921948278,0.0175384681150286,0.));
#2567=CARTESIAN_POINT('',(-0.0231302613592742,0.0178746345806852,0.));
#2568=CARTESIAN_POINT('',(-0.0229870765763859,0.0182101320995585,0.));
#2569=CARTESIAN_POINT('',(-0.0228347819906199,0.0185280790422877,0.));
#2570=CARTESIAN_POINT('',(-0.022623458000067,0.0189269035008677,0.));
#2571=CARTESIAN_POINT('',(-0.0223482625272618,0.0193801257598376,0.));
#2572=CARTESIAN_POINT('',(-0.0220053172320365,0.0198655903538604,0.));
#2573=CARTESIAN_POINT('',(-0.0216603085554035,0.0202935529482807,0.));
#2574=CARTESIAN_POINT('',(-0.0213247008080692,0.0206654503378681,0.));
#2575=CARTESIAN_POINT('',(-0.0209927874311379,0.0209988500661951,0.));
#2576=CARTESIAN_POINT('',(-0.0205600788879472,0.0213952320481071,0.));
#2577=CARTESIAN_POINT('',(-0.0200648698884876,0.0217967436752657,0.));
#2578=CARTESIAN_POINT('',(-0.0195975449708577,0.0221320083005781,0.));
#2579=CARTESIAN_POINT('',(-0.0192532955245057,0.0223615120395868,0.));
#2580=CARTESIAN_POINT('',(-0.0190029850451988,0.0225212818848851,0.));
#2581=CARTESIAN_POINT('',(-0.0187636109472247,0.0226681305209587,0.));
#2582=CARTESIAN_POINT('',(-0.0183089506682597,0.0229379844738478,0.));
#2583=CARTESIAN_POINT('',(-0.0176789866222962,0.0232844250559964,0.));
#2584=CARTESIAN_POINT('',(-0.0169913895855619,0.0236456361415915,0.));
#2585=CARTESIAN_POINT('',(-0.0165227897033312,0.0238963294083051,0.));
#2586=CARTESIAN_POINT('',(-0.0162349408557333,0.0240584234904694,0.));
#2587=CARTESIAN_POINT('',(-0.0160639761107742,0.0241596196534887,0.));
#2588=CARTESIAN_POINT('',(-0.0159604197852355,0.0242251809677343,0.));
#2589=CARTESIAN_POINT('',(-0.015906525578026,0.0242612189443796,0.));
#2590=CARTESIAN_POINT('',(-0.0158825891594195,0.0242779521005255,0.));
#2591=CARTESIAN_POINT('',(-0.015863709853929,0.0242916954816075,0.));
#2592=CARTESIAN_POINT('',(-0.0158361589300146,0.024312652884352,0.));
#2593=CARTESIAN_POINT('',(-0.0157996194856737,0.0243422596571083,0.));
#2594=CARTESIAN_POINT('',(-0.0157503587965498,0.0243855347623951,0.));
#2595=CARTESIAN_POINT('',(-0.015675295863909,0.024456692047026,0.));
#2596=CARTESIAN_POINT('',(-0.0155619637535294,0.0245751909309701,0.));
#2597=CARTESIAN_POINT('',(-0.0153885305479442,0.0247802874311267,0.));
#2598=CARTESIAN_POINT('',(-0.0151786272383398,0.0250540615900548,0.));
#2599=CARTESIAN_POINT('',(-0.0149684258961617,0.0253486286094619,0.));
#2600=CARTESIAN_POINT('',(-0.0147799642327587,0.0256214340099495,0.));
#2601=CARTESIAN_POINT('',(-0.0146253626484976,0.0258479940371368,0.));
#2602=CARTESIAN_POINT('',(-0.0144570097368707,0.0260955219792916,0.));
#2603=CARTESIAN_POINT('',(-0.0142756063257937,0.0263608672351402,0.));
#2604=CARTESIAN_POINT('',(-0.0140749877306414,0.0266503826413785,0.));
#2605=CARTESIAN_POINT('',(-0.0137854231429926,0.0270577782484968,0.));
#2606=CARTESIAN_POINT('',(-0.0134453730422677,0.0275180478924269,0.));
#2607=CARTESIAN_POINT('',(-0.0130730147819222,0.0280072313579523,0.));
#2608=CARTESIAN_POINT('',(-0.0127449680851219,0.0284335544094363,0.));
#2609=CARTESIAN_POINT('',(-0.0124629262826977,0.0288036461129211,0.));
#2610=CARTESIAN_POINT('',(-0.0122249875220564,0.0291255410616468,0.));
#2611=CARTESIAN_POINT('',(-0.0120274548298759,0.0294064593052064,0.));
#2612=CARTESIAN_POINT('',(-0.011865178892434,0.0296534807665001,0.));
#2613=CARTESIAN_POINT('',(-0.0117149479897566,0.0299022458272723,0.));
#2614=CARTESIAN_POINT('',(-0.0115681618661763,0.0301681396468289,0.));
#2615=CARTESIAN_POINT('',(-0.0114842793268059,0.0303364684001438,0.));
#2616=CARTESIAN_POINT('',(-0.0114480544072254,0.0304130508631581,0.));
#2617=CARTESIAN_POINT('',(-0.0211441563450191,0.00849055488449675,0.));
#2618=CARTESIAN_POINT('',(-0.0309027706394519,-0.0123476368495731,0.));
#2619=CARTESIAN_POINT('',(-0.0309749352178776,-0.0122615468721323,0.));
#2620=CARTESIAN_POINT('',(-0.0311195476309575,-0.0120826671977294,0.));
#2621=CARTESIAN_POINT('',(-0.0313946551568543,-0.0117152471602573,0.));
#2622=CARTESIAN_POINT('',(-0.0316503587824278,-0.0113318337430761,0.));
#2623=CARTESIAN_POINT('',(-0.0318863779738765,-0.010930586487683,0.));
#2624=CARTESIAN_POINT('',(-0.0321037693964389,-0.0105272239237624,0.));
#2625=CARTESIAN_POINT('',(-0.0323439261050421,-0.0100161897756117,0.));
#2626=CARTESIAN_POINT('',(-0.0325832580006491,-0.00939641992951344,0.));
#2627=CARTESIAN_POINT('',(-0.0327767416211497,-0.008767549677265,0.));
#2628=CARTESIAN_POINT('',(-0.0329215806071908,-0.00814938355669312,0.));
#2629=CARTESIAN_POINT('',(-0.0330564736985581,-0.00734544638932259,0.));
#2630=CARTESIAN_POINT('',(-0.0331282096054088,-0.00638487745633073,0.));
#2631=CARTESIAN_POINT('',(-0.0330935803442379,-0.00531284442245411,0.));
#2632=CARTESIAN_POINT('',(-0.0329929952888897,-0.00450216274377574,0.));
#2633=CARTESIAN_POINT('',(-0.0328809721174578,-0.00388862193205575,0.));
#2634=CARTESIAN_POINT('',(-0.032784183550589,-0.00344958434764039,0.));
#2635=CARTESIAN_POINT('',(-0.0326769399271854,-0.00302866476880857,0.));
#2636=CARTESIAN_POINT('',(-0.0325582494494053,-0.00261631902598225,0.));
#2637=CARTESIAN_POINT('',(-0.0324297639103286,-0.00221485932308659,0.));
#2638=CARTESIAN_POINT('',(-0.0322478713779609,-0.00169568664492391,0.));
#2639=CARTESIAN_POINT('',(-0.0319958543467585,-0.00105639186566345,0.));
#2640=CARTESIAN_POINT('',(-0.0316540614487038,-0.000301913397334744,0.));
#2641=CARTESIAN_POINT('',(-0.0312742200243026,0.000438619031945582,0.));
#2642=CARTESIAN_POINT('',(-0.0307176261604494,0.00140737743930342,0.));
#2643=CARTESIAN_POINT('',(-0.0299163282787133,0.00259774024052724,0.));
#2644=CARTESIAN_POINT('',(-0.0289475358854946,0.00375492500548942,0.));
#2645=CARTESIAN_POINT('',(-0.0280530696464266,0.00464376857832188,0.));
#2646=CARTESIAN_POINT('',(-0.0274294892826667,0.00518656387238989,0.));
#2647=CARTESIAN_POINT('',(-0.0268832009414916,0.00560924680294591,0.));
#2648=CARTESIAN_POINT('',(-0.0264635383407475,0.00590853218272245,0.));
#2649=CARTESIAN_POINT('',(-0.0260309966368211,0.00619231076385928,0.));
#2650=CARTESIAN_POINT('',(-0.0256103779977637,0.00644549437269341,0.));
#2651=CARTESIAN_POINT('',(-0.0252082441061765,0.00666959328580262,0.));
#2652=CARTESIAN_POINT('',(-0.0248200402944278,0.00687097780618122,0.));
#2653=CARTESIAN_POINT('',(-0.0244495397260173,0.00705078803778838,0.));
#2654=CARTESIAN_POINT('',(-0.0239855385889271,0.00726315656266522,0.));
#2655=CARTESIAN_POINT('',(-0.0234547593726652,0.00748792783767477,0.));
#2656=CARTESIAN_POINT('',(-0.0229117071300085,0.00770413003506143,0.));
#2657=CARTESIAN_POINT('',(-0.0224511446128043,0.00788453282372548,0.));
#2658=CARTESIAN_POINT('',(-0.0219516118198312,0.00808491370195319,0.));
#2659=CARTESIAN_POINT('',(-0.0214950505322553,0.00828838149945394,0.));
#2660=CARTESIAN_POINT('',(-0.0212555266809562,0.00842118825951166,0.));
#2661=CARTESIAN_POINT('',(-0.0211441563450191,0.00849055488449677,0.));
#2662=CARTESIAN_POINT('',(-0.0309027706394519,-0.012347636849573,0.));
#2663=CARTESIAN_POINT('',(-0.0511548782695415,0.00883704058893758,0.));
#2664=CARTESIAN_POINT('',(-0.0315055088577696,-0.0129069488714311,0.));
#2665=CARTESIAN_POINT('',(-0.0177712721653367,-0.0369093468619775,0.));
#2666=CARTESIAN_POINT('',(-0.0181332029275801,-0.0368485859890808,0.));
#2667=CARTESIAN_POINT('',(-0.0189002522183599,-0.0367067476260578,0.));
#2668=CARTESIAN_POINT('',(-0.0200136334702408,-0.0364551965569474,0.));
#2669=CARTESIAN_POINT('',(-0.0210854400148951,-0.0361758629970822,0.));
#2670=CARTESIAN_POINT('',(-0.0221207599352885,-0.0358737822205038,0.));
#2671=CARTESIAN_POINT('',(-0.0231170292765475,-0.0355558011989125,0.));
#2672=CARTESIAN_POINT('',(-0.0243921107750832,-0.0351185636877977,0.));
#2673=CARTESIAN_POINT('',(-0.0255860074285767,-0.0346724408809395,0.));
#2674=CARTESIAN_POINT('',(-0.0266882161583684,-0.0342401843313043,0.));
#2675=CARTESIAN_POINT('',(-0.0274655409542215,-0.0339285778338424,0.));
#2676=CARTESIAN_POINT('',(-0.0280708864754749,-0.0336830869266773,0.));
#2677=CARTESIAN_POINT('',(-0.0285205797791624,-0.033500989968524,0.));
#2678=CARTESIAN_POINT('',(-0.0288470870190488,-0.0333692093940851,0.));
#2679=CARTESIAN_POINT('',(-0.0291725084486669,-0.0332383790579432,0.));
#2680=CARTESIAN_POINT('',(-0.0296280381050721,-0.033054481938415,0.));
#2681=CARTESIAN_POINT('',(-0.0302261276660247,-0.0328083493727556,0.));
#2682=CARTESIAN_POINT('',(-0.0310062535546972,-0.0324673122933812,0.));
#2683=CARTESIAN_POINT('',(-0.0318435448734418,-0.0320653617545463,0.));
#2684=CARTESIAN_POINT('',(-0.0327390333665822,-0.031579710272497,0.));
#2685=CARTESIAN_POINT('',(-0.0336674928834764,-0.0309986090696405,0.));
#2686=CARTESIAN_POINT('',(-0.0346095594951473,-0.0303098333788328,0.));
#2687=CARTESIAN_POINT('',(-0.0353782065939148,-0.0296483726185211,0.));
#2688=CARTESIAN_POINT('',(-0.0359720406826837,-0.0290702071915652,0.));
#2689=CARTESIAN_POINT('',(-0.0365354682484313,-0.0284762111030574,0.));
#2690=CARTESIAN_POINT('',(-0.0371895797670076,-0.0277047589625907,0.));
#2691=CARTESIAN_POINT('',(-0.0377952505065259,-0.0268752322754927,0.));
#2692=CARTESIAN_POINT('',(-0.0382565685660212,-0.0261515543425609,0.));
#2693=CARTESIAN_POINT('',(-0.0385343887530665,-0.0256679651319024,0.));
#2694=CARTESIAN_POINT('',(-0.0387523441210016,-0.0252495452663457,0.));
#2695=CARTESIAN_POINT('',(-0.0389628513779118,-0.0248150994141064,0.));
#2696=CARTESIAN_POINT('',(-0.0391443444367015,-0.024391748436366,0.));
#2697=CARTESIAN_POINT('',(-0.039289521847969,-0.0239990857497984,0.));
#2698=CARTESIAN_POINT('',(-0.0393819967286312,-0.0237327936067403,0.));
#2699=CARTESIAN_POINT('',(-0.0394965337336194,-0.0233677116006052,0.));
#2700=CARTESIAN_POINT('',(-0.0396245833555646,-0.0228716831607776,0.));
#2701=CARTESIAN_POINT('',(-0.0397129944001859,-0.0224194785170517,0.));
#2702=CARTESIAN_POINT('',(-0.0397682850721549,-0.0220415852199778,0.));
#2703=CARTESIAN_POINT('',(-0.0398028877347568,-0.0217335876740592,0.));
#2704=CARTESIAN_POINT('',(-0.0398272561190709,-0.0214049240339339,0.));
#2705=CARTESIAN_POINT('',(-0.0398390237927078,-0.021061445236493,0.));
#2706=CARTESIAN_POINT('',(-0.0398360337395708,-0.0206922287283082,0.));
#2707=CARTESIAN_POINT('',(-0.0398068196516972,-0.0201663253794088,0.));
#2708=CARTESIAN_POINT('',(-0.0397162889637665,-0.0194648778262875,0.));
#2709=CARTESIAN_POINT('',(-0.0395266434806364,-0.018693555070336,0.));
#2710=CARTESIAN_POINT('',(-0.0393275742846737,-0.0181303643646847,0.));
#2711=CARTESIAN_POINT('',(-0.0391922409376816,-0.0178021739705751,0.));
#2712=CARTESIAN_POINT('',(-0.0390788923432814,-0.0175526039633807,0.));
#2713=CARTESIAN_POINT('',(-0.0389558056579236,-0.0173056310119395,0.));
#2714=CARTESIAN_POINT('',(-0.0388241797891839,-0.017063438842141,0.));
#2715=CARTESIAN_POINT('',(-0.0386814811212334,-0.0168217756996514,0.));
#2716=CARTESIAN_POINT('',(-0.0384752250098442,-0.0165006961996278,0.));
#2717=CARTESIAN_POINT('',(-0.0382065226125804,-0.0161295446457185,0.));
#2718=CARTESIAN_POINT('',(-0.0377456912637637,-0.015578949269086,0.));
#2719=CARTESIAN_POINT('',(-0.0372650498703248,-0.0151138534820202,0.));
#2720=CARTESIAN_POINT('',(-0.0367880809807888,-0.0147275361355853,0.));
#2721=CARTESIAN_POINT('',(-0.0364388588039138,-0.0144758630321113,0.));
#2722=CARTESIAN_POINT('',(-0.0361004533840453,-0.0142575962785528,0.));
#2723=CARTESIAN_POINT('',(-0.035770100274662,-0.0140665822573312,0.));
#2724=CARTESIAN_POINT('',(-0.035455564427683,-0.013903431707747,0.));
#2725=CARTESIAN_POINT('',(-0.0350679131156211,-0.0137216015492683,0.));
#2726=CARTESIAN_POINT('',(-0.0347006007341343,-0.0135743390448488,0.));
#2727=CARTESIAN_POINT('',(-0.0343813819356083,-0.0134623098006027,0.));
#2728=CARTESIAN_POINT('',(-0.0340753000896724,-0.0133636694232418,0.));
#2729=CARTESIAN_POINT('',(-0.0337109573932312,-0.0132619143167019,0.));
#2730=CARTESIAN_POINT('',(-0.0333869787578802,-0.0131868825284815,0.));
#2731=CARTESIAN_POINT('',(-0.0331594799416236,-0.0131401100165626,0.));
#2732=CARTESIAN_POINT('',(-0.0329549071912787,-0.0131009736634871,0.));
#2733=CARTESIAN_POINT('',(-0.0327102239243951,-0.0130588858757958,0.));
#2734=CARTESIAN_POINT('',(-0.0324439724367759,-0.0130189553361311,0.));
#2735=CARTESIAN_POINT('',(-0.0322091621904531,-0.0129876476859796,0.));
#2736=CARTESIAN_POINT('',(-0.032000206463919,-0.0129621334211461,0.));
#2737=CARTESIAN_POINT('',(-0.03174753608277,-0.0129333103922996,0.));
#2738=CARTESIAN_POINT('',(-0.031595337029667,-0.0129169194080656,0.));
#2739=CARTESIAN_POINT('',(-0.0315055088577696,-0.0129069488714311,0.));
#2740=CARTESIAN_POINT('',(-0.0177712721653367,-0.0369093468619776,0.));
#2741=CARTESIAN_POINT('',(0.0184163273018399,-0.0366215409719824,0.));
#2742=CARTESIAN_POINT('',(0.0183472643919998,-0.0369019059332939,0.));
#2743=CARTESIAN_POINT('',(0.0182052774052887,-0.0375075352916765,0.));
#2744=CARTESIAN_POINT('',(0.0180174423355635,-0.0383420173736781,0.));
#2745=CARTESIAN_POINT('',(0.0178296727232191,-0.0391208055831869,0.));
#2746=CARTESIAN_POINT('',(0.0176643372613477,-0.0397507422538778,0.));
#2747=CARTESIAN_POINT('',(0.0174931698315158,-0.0403304986409071,0.));
#2748=CARTESIAN_POINT('',(0.0173296377864307,-0.0408229537889555,0.));
#2749=CARTESIAN_POINT('',(0.0171475038482371,-0.041329827984234,0.));
#2750=CARTESIAN_POINT('',(0.0168700148320436,-0.0420150809976772,0.));
#2751=CARTESIAN_POINT('',(0.0165040235281873,-0.042756389648401,0.));
#2752=CARTESIAN_POINT('',(0.01614983317221,-0.0433658469586335,0.));
#2753=CARTESIAN_POINT('',(0.0157428413763737,-0.0439942250371321,0.));
#2754=CARTESIAN_POINT('',(0.0151288538852429,-0.0447972679031478,0.));
#2755=CARTESIAN_POINT('',(0.0143529896243803,-0.0455842996856183,0.));
#2756=CARTESIAN_POINT('',(0.0136467117207287,-0.0461647152873975,0.));
#2757=CARTESIAN_POINT('',(0.0130702260661165,-0.0465737511841058,0.));
#2758=CARTESIAN_POINT('',(0.0125618583060972,-0.0468811465119479,0.));
#2759=CARTESIAN_POINT('',(0.0121424125962409,-0.0471047135396882,0.));
#2760=CARTESIAN_POINT('',(0.011710278233145,-0.0473150731715773,0.));
#2761=CARTESIAN_POINT('',(0.011176452522313,-0.0475397120049311,0.));
#2762=CARTESIAN_POINT('',(0.0105519772540111,-0.0477549908192192,0.));
#2763=CARTESIAN_POINT('',(0.00996412650960293,-0.047919507599073,0.));
#2764=CARTESIAN_POINT('',(0.0093959765970198,-0.0480467624116719,0.));
#2765=CARTESIAN_POINT('',(0.00885971529734676,-0.048140532347281,0.));
#2766=CARTESIAN_POINT('',(0.00817135983054129,-0.0482315855080037,0.));
#2767=CARTESIAN_POINT('',(0.00737010902505081,-0.0482911939039371,0.));
#2768=CARTESIAN_POINT('',(0.0061857318273186,-0.0483111492359347,0.));
#2769=CARTESIAN_POINT('',(0.00510564207584091,-0.0482539635126033,0.));
#2770=CARTESIAN_POINT('',(0.00411351999320687,-0.0481635648390854,0.));
#2771=CARTESIAN_POINT('',(0.00316601820993227,-0.0480582521194067,0.));
#2772=CARTESIAN_POINT('',(0.00207139547962456,-0.0479142065993336,0.));
#2773=CARTESIAN_POINT('',(0.00110651530465066,-0.0477841975102339,0.));
#2774=CARTESIAN_POINT('',(0.000434963416500933,-0.0477032541200654,0.));
#2775=CARTESIAN_POINT('',(6.53497516211875E-5,-0.0476646599490553,0.));
#2776=CARTESIAN_POINT('',(-0.000195606110152951,-0.0476417794973134,0.));
#2777=CARTESIAN_POINT('',(-0.000369762678810867,-0.0476288814943709,0.));
#2778=CARTESIAN_POINT('',(-0.000525925575050029,-0.0476197324392608,0.));
#2779=CARTESIAN_POINT('',(-0.000734287571856797,-0.0476108412598617,0.));
#2780=CARTESIAN_POINT('',(-0.00100019390255406,-0.0476054861550142,0.));
#2781=CARTESIAN_POINT('',(-0.00144009618603792,-0.0476080002337884,0.));
#2782=CARTESIAN_POINT('',(-0.00203383395605722,-0.0476297930138934,0.));
#2783=CARTESIAN_POINT('',(-0.002732413509537,-0.04766946593214,0.));
#2784=CARTESIAN_POINT('',(-0.00337473242564801,-0.0477006754799259,0.));
#2785=CARTESIAN_POINT('',(-0.00391527229506003,-0.0477189061350372,0.));
#2786=CARTESIAN_POINT('',(-0.00450583508550871,-0.0477243118091347,0.));
#2787=CARTESIAN_POINT('',(-0.00517108250506657,-0.0477077359467772,0.));
#2788=CARTESIAN_POINT('',(-0.00591476746130116,-0.0476529299312073,0.));
#2789=CARTESIAN_POINT('',(-0.00671790655283107,-0.0475455362262702,0.));
#2790=CARTESIAN_POINT('',(-0.00757246532637383,-0.0473695361675337,0.));
#2791=CARTESIAN_POINT('',(-0.00841917607900165,-0.0471261819295058,0.));
#2792=CARTESIAN_POINT('',(-0.0092457851505197,-0.0468192846191056,0.));
#2793=CARTESIAN_POINT('',(-0.0100532170527332,-0.0464472315507146,0.));
#2794=CARTESIAN_POINT('',(-0.010820857988164,-0.0460195240661575,0.));
#2795=CARTESIAN_POINT('',(-0.0117791076372953,-0.0453911451589151,0.));
#2796=CARTESIAN_POINT('',(-0.0128554568508811,-0.0445128711552945,0.));
#2797=CARTESIAN_POINT('',(-0.0139504644760153,-0.0433835475553698,0.));
#2798=CARTESIAN_POINT('',(-0.0148923579060576,-0.04221371777276,0.));
#2799=CARTESIAN_POINT('',(-0.0157322953747111,-0.0409977607716871,0.));
#2800=CARTESIAN_POINT('',(-0.0164951611928112,-0.0397224047174723,0.));
#2801=CARTESIAN_POINT('',(-0.0171837477090701,-0.0383750309838833,0.));
#2802=CARTESIAN_POINT('',(-0.0175869673513994,-0.0374155452226729,0.));
#2803=CARTESIAN_POINT('',(-0.0177712721653367,-0.0369093468619776,0.));
#2804=CARTESIAN_POINT('',(-0.0297823241884272,-0.0140837921081317,-0.002032));
#2805=CARTESIAN_POINT('',(0.0340498473003456,-0.0122012737890226,-0.002032));
#2806=CARTESIAN_POINT('',(0.0343168871431292,-0.0123211143561571,-0.002032));
#2807=CARTESIAN_POINT('',(0.0347270247753332,-0.0125054274736733,-0.002032));
#2808=CARTESIAN_POINT('',(0.0352986449602223,-0.0127714884333492,-0.002032));
#2809=CARTESIAN_POINT('',(0.035883987597847,-0.0130530482575018,-0.002032));
#2810=CARTESIAN_POINT('',(0.0365189569577291,-0.0133795013654143,-0.002032));
#2811=CARTESIAN_POINT('',(0.037187475244772,-0.0137654843118133,-0.002032));
#2812=CARTESIAN_POINT('',(0.0377188368718933,-0.0141003108300782,-0.002032));
#2813=CARTESIAN_POINT('',(0.0382767604994539,-0.0144907888953264,-0.002032));
#2814=CARTESIAN_POINT('',(0.0387692086471131,-0.0148811525510768,-0.002032));
#2815=CARTESIAN_POINT('',(0.0391685914333809,-0.015234893572646,-0.002032));
#2816=CARTESIAN_POINT('',(0.0395773148837415,-0.0156260764513732,-0.002032));
#2817=CARTESIAN_POINT('',(0.0400934768038785,-0.016186277520091,-0.002032));
#2818=CARTESIAN_POINT('',(0.0406917745940761,-0.0169789669906153,-0.002032));
#2819=CARTESIAN_POINT('',(0.0411500052232804,-0.0177511314404041,-0.002032));
#2820=CARTESIAN_POINT('',(0.0414704339380392,-0.0184283661007255,-0.002032));
#2821=CARTESIAN_POINT('',(0.0416811789072957,-0.0189565872261791,-0.002032));
#2822=CARTESIAN_POINT('',(0.0418613039169042,-0.0195094776317435,-0.002032));
#2823=CARTESIAN_POINT('',(0.0420014464577668,-0.0200560192847549,-0.002032));
#2824=CARTESIAN_POINT('',(0.0421063439552798,-0.0206028319436488,-0.002032));
#2825=CARTESIAN_POINT('',(0.0421988632775532,-0.0213122445067473,-0.002032));
#2826=CARTESIAN_POINT('',(0.042236259849066,-0.0221700118263412,-0.002032));
#2827=CARTESIAN_POINT('',(0.0421776131402877,-0.0231389218467711,-0.002032));
#2828=CARTESIAN_POINT('',(0.0420360101390587,-0.0240435036594027,-0.002032));
#2829=CARTESIAN_POINT('',(0.0418315113241251,-0.0248801640871389,-0.002032));
#2830=CARTESIAN_POINT('',(0.0415704268135432,-0.0256742146077076,-0.002032));
#2831=CARTESIAN_POINT('',(0.0412647324567727,-0.0264158851188238,-0.002032));
#2832=CARTESIAN_POINT('',(0.0409271693849762,-0.0271037658332239,-0.002032));
#2833=CARTESIAN_POINT('',(0.0405544716114588,-0.0277603857722789,-0.002032));
#2834=CARTESIAN_POINT('',(0.0400160271416036,-0.0285925475200689,-0.002032));
#2835=CARTESIAN_POINT('',(0.0392781359445704,-0.0295523131861347,-0.002032));
#2836=CARTESIAN_POINT('',(0.0382843093313348,-0.0306110742087627,-0.002032));
#2837=CARTESIAN_POINT('',(0.0373747464929658,-0.0314146028501555,-0.002032));
#2838=CARTESIAN_POINT('',(0.0365949800733031,-0.0320146165108142,-0.002032));
#2839=CARTESIAN_POINT('',(0.0357763147399613,-0.0325867648052238,-0.002032));
#2840=CARTESIAN_POINT('',(0.0347259162624384,-0.0332196046968746,-0.002032));
#2841=CARTESIAN_POINT('',(0.0334680798079929,-0.0338506957480876,-0.002032));
#2842=CARTESIAN_POINT('',(0.031786641891755,-0.0345609055202001,-0.002032));
#2843=CARTESIAN_POINT('',(0.0296962692929351,-0.0352404208667218,-0.002032));
#2844=CARTESIAN_POINT('',(0.0272202418267052,-0.0358192511096116,-0.002032));
#2845=CARTESIAN_POINT('',(0.0248072581413406,-0.036215458154134,-0.002032));
#2846=CARTESIAN_POINT('',(0.0228763286594726,-0.0364242693090732,-0.002032));
#2847=CARTESIAN_POINT('',(0.0214083520665764,-0.0365321442367322,-0.002032));
#2848=CARTESIAN_POINT('',(0.0205187072590584,-0.0365775709720396,-0.002032));
#2849=CARTESIAN_POINT('',(0.0198267274690878,-0.0366008233958851,-0.002032));
#2850=CARTESIAN_POINT('',(0.019165248994226,-0.0366160259485026,-0.002032));
#2851=CARTESIAN_POINT('',(0.0187020377233383,-0.0366203254481922,-0.002032));
#2852=CARTESIAN_POINT('',(0.0184163273018399,-0.0366215409719825,-0.002032));
#2853=CARTESIAN_POINT('',(0.0340498473003457,-0.0122012737890225,-0.002032));
#2854=CARTESIAN_POINT('',(0.0184163273018399,-0.0366215409719825,-0.002032));
#2855=CARTESIAN_POINT('',(0.0184163273018399,-0.0366215409719824,-0.002032));
#2856=CARTESIAN_POINT('',(0.0183472643919998,-0.0369019059332939,-0.002032));
#2857=CARTESIAN_POINT('',(0.0182052774052887,-0.0375075352916765,-0.002032));
#2858=CARTESIAN_POINT('',(0.0180174423355635,-0.0383420173736781,-0.002032));
#2859=CARTESIAN_POINT('',(0.0178296727232191,-0.0391208055831869,-0.002032));
#2860=CARTESIAN_POINT('',(0.0176643372613477,-0.0397507422538778,-0.002032));
#2861=CARTESIAN_POINT('',(0.0174931698315158,-0.0403304986409071,-0.002032));
#2862=CARTESIAN_POINT('',(0.0173296377864307,-0.0408229537889555,-0.002032));
#2863=CARTESIAN_POINT('',(0.0171475038482371,-0.041329827984234,-0.002032));
#2864=CARTESIAN_POINT('',(0.0168700148320436,-0.0420150809976772,-0.002032));
#2865=CARTESIAN_POINT('',(0.0165040235281873,-0.042756389648401,-0.002032));
#2866=CARTESIAN_POINT('',(0.01614983317221,-0.0433658469586335,-0.002032));
#2867=CARTESIAN_POINT('',(0.0157428413763737,-0.0439942250371321,-0.002032));
#2868=CARTESIAN_POINT('',(0.0151288538852429,-0.0447972679031478,-0.002032));
#2869=CARTESIAN_POINT('',(0.0143529896243803,-0.0455842996856183,-0.002032));
#2870=CARTESIAN_POINT('',(0.0136467117207287,-0.0461647152873975,-0.002032));
#2871=CARTESIAN_POINT('',(0.0130702260661165,-0.0465737511841058,-0.002032));
#2872=CARTESIAN_POINT('',(0.0125618583060972,-0.0468811465119479,-0.002032));
#2873=CARTESIAN_POINT('',(0.0121424125962409,-0.0471047135396882,-0.002032));
#2874=CARTESIAN_POINT('',(0.011710278233145,-0.0473150731715773,-0.002032));
#2875=CARTESIAN_POINT('',(0.011176452522313,-0.0475397120049311,-0.002032));
#2876=CARTESIAN_POINT('',(0.0105519772540111,-0.0477549908192192,-0.002032));
#2877=CARTESIAN_POINT('',(0.00996412650960293,-0.047919507599073,-0.002032));
#2878=CARTESIAN_POINT('',(0.0093959765970198,-0.0480467624116719,-0.002032));
#2879=CARTESIAN_POINT('',(0.00885971529734676,-0.048140532347281,-0.002032));
#2880=CARTESIAN_POINT('',(0.00817135983054129,-0.0482315855080037,-0.002032));
#2881=CARTESIAN_POINT('',(0.00737010902505081,-0.0482911939039371,-0.002032));
#2882=CARTESIAN_POINT('',(0.0061857318273186,-0.0483111492359347,-0.002032));
#2883=CARTESIAN_POINT('',(0.00510564207584091,-0.0482539635126033,-0.002032));
#2884=CARTESIAN_POINT('',(0.00411351999320687,-0.0481635648390854,-0.002032));
#2885=CARTESIAN_POINT('',(0.00316601820993227,-0.0480582521194067,-0.002032));
#2886=CARTESIAN_POINT('',(0.00207139547962456,-0.0479142065993336,-0.002032));
#2887=CARTESIAN_POINT('',(0.00110651530465066,-0.0477841975102339,-0.002032));
#2888=CARTESIAN_POINT('',(0.000434963416500933,-0.0477032541200654,-0.002032));
#2889=CARTESIAN_POINT('',(6.53497516211875E-5,-0.0476646599490553,-0.002032));
#2890=CARTESIAN_POINT('',(-0.000195606110152951,-0.0476417794973134,-0.002032));
#2891=CARTESIAN_POINT('',(-0.000369762678810867,-0.0476288814943709,-0.002032));
#2892=CARTESIAN_POINT('',(-0.000525925575050029,-0.0476197324392608,-0.002032));
#2893=CARTESIAN_POINT('',(-0.000734287571856797,-0.0476108412598617,-0.002032));
#2894=CARTESIAN_POINT('',(-0.00100019390255406,-0.0476054861550142,-0.002032));
#2895=CARTESIAN_POINT('',(-0.00144009618603792,-0.0476080002337884,-0.002032));
#2896=CARTESIAN_POINT('',(-0.00203383395605722,-0.0476297930138934,-0.002032));
#2897=CARTESIAN_POINT('',(-0.002732413509537,-0.04766946593214,-0.002032));
#2898=CARTESIAN_POINT('',(-0.00337473242564801,-0.0477006754799259,-0.002032));
#2899=CARTESIAN_POINT('',(-0.00391527229506003,-0.0477189061350372,-0.002032));
#2900=CARTESIAN_POINT('',(-0.00450583508550871,-0.0477243118091347,-0.002032));
#2901=CARTESIAN_POINT('',(-0.00517108250506657,-0.0477077359467772,-0.002032));
#2902=CARTESIAN_POINT('',(-0.00591476746130116,-0.0476529299312073,-0.002032));
#2903=CARTESIAN_POINT('',(-0.00671790655283107,-0.0475455362262702,-0.002032));
#2904=CARTESIAN_POINT('',(-0.00757246532637383,-0.0473695361675337,-0.002032));
#2905=CARTESIAN_POINT('',(-0.00841917607900165,-0.0471261819295058,-0.002032));
#2906=CARTESIAN_POINT('',(-0.0092457851505197,-0.0468192846191056,-0.002032));
#2907=CARTESIAN_POINT('',(-0.0100532170527332,-0.0464472315507146,-0.002032));
#2908=CARTESIAN_POINT('',(-0.010820857988164,-0.0460195240661575,-0.002032));
#2909=CARTESIAN_POINT('',(-0.0117791076372953,-0.0453911451589151,-0.002032));
#2910=CARTESIAN_POINT('',(-0.0128554568508811,-0.0445128711552945,-0.002032));
#2911=CARTESIAN_POINT('',(-0.0139504644760153,-0.0433835475553698,-0.002032));
#2912=CARTESIAN_POINT('',(-0.0148923579060576,-0.04221371777276,-0.002032));
#2913=CARTESIAN_POINT('',(-0.0157322953747111,-0.0409977607716871,-0.002032));
#2914=CARTESIAN_POINT('',(-0.0164951611928112,-0.0397224047174723,-0.002032));
#2915=CARTESIAN_POINT('',(-0.0171837477090701,-0.0383750309838833,-0.002032));
#2916=CARTESIAN_POINT('',(-0.0175869673513994,-0.0374155452226729,-0.002032));
#2917=CARTESIAN_POINT('',(-0.0177712721653367,-0.0369093468619776,-0.002032));
#2918=CARTESIAN_POINT('',(-0.0177712721653367,-0.0369093468619776,-0.002032));
#2919=CARTESIAN_POINT('',(-0.0177712721653367,-0.0369093468619775,-0.002032));
#2920=CARTESIAN_POINT('',(-0.0181332029275801,-0.0368485859890808,-0.002032));
#2921=CARTESIAN_POINT('',(-0.0189002522183599,-0.0367067476260578,-0.002032));
#2922=CARTESIAN_POINT('',(-0.0200136334702408,-0.0364551965569474,-0.002032));
#2923=CARTESIAN_POINT('',(-0.0210854400148951,-0.0361758629970822,-0.002032));
#2924=CARTESIAN_POINT('',(-0.0221207599352885,-0.0358737822205038,-0.002032));
#2925=CARTESIAN_POINT('',(-0.0231170292765475,-0.0355558011989125,-0.002032));
#2926=CARTESIAN_POINT('',(-0.0243921107750832,-0.0351185636877977,-0.002032));
#2927=CARTESIAN_POINT('',(-0.0255860074285767,-0.0346724408809395,-0.002032));
#2928=CARTESIAN_POINT('',(-0.0266882161583684,-0.0342401843313043,-0.002032));
#2929=CARTESIAN_POINT('',(-0.0274655409542215,-0.0339285778338424,-0.002032));
#2930=CARTESIAN_POINT('',(-0.0280708864754749,-0.0336830869266773,-0.002032));
#2931=CARTESIAN_POINT('',(-0.0285205797791624,-0.033500989968524,-0.002032));
#2932=CARTESIAN_POINT('',(-0.0288470870190488,-0.0333692093940851,-0.002032));
#2933=CARTESIAN_POINT('',(-0.0291725084486669,-0.0332383790579432,-0.002032));
#2934=CARTESIAN_POINT('',(-0.0296280381050721,-0.033054481938415,-0.002032));
#2935=CARTESIAN_POINT('',(-0.0302261276660247,-0.0328083493727556,-0.002032));
#2936=CARTESIAN_POINT('',(-0.0310062535546972,-0.0324673122933812,-0.002032));
#2937=CARTESIAN_POINT('',(-0.0318435448734418,-0.0320653617545463,-0.002032));
#2938=CARTESIAN_POINT('',(-0.0327390333665822,-0.031579710272497,-0.002032));
#2939=CARTESIAN_POINT('',(-0.0336674928834764,-0.0309986090696405,-0.002032));
#2940=CARTESIAN_POINT('',(-0.0346095594951473,-0.0303098333788328,-0.002032));
#2941=CARTESIAN_POINT('',(-0.0353782065939148,-0.0296483726185211,-0.002032));
#2942=CARTESIAN_POINT('',(-0.0359720406826837,-0.0290702071915652,-0.002032));
#2943=CARTESIAN_POINT('',(-0.0365354682484313,-0.0284762111030574,-0.002032));
#2944=CARTESIAN_POINT('',(-0.0371895797670076,-0.0277047589625907,-0.002032));
#2945=CARTESIAN_POINT('',(-0.0377952505065259,-0.0268752322754927,-0.002032));
#2946=CARTESIAN_POINT('',(-0.0382565685660212,-0.0261515543425609,-0.002032));
#2947=CARTESIAN_POINT('',(-0.0385343887530665,-0.0256679651319024,-0.002032));
#2948=CARTESIAN_POINT('',(-0.0387523441210016,-0.0252495452663457,-0.002032));
#2949=CARTESIAN_POINT('',(-0.0389628513779118,-0.0248150994141064,-0.002032));
#2950=CARTESIAN_POINT('',(-0.0391443444367015,-0.024391748436366,-0.002032));
#2951=CARTESIAN_POINT('',(-0.039289521847969,-0.0239990857497984,-0.002032));
#2952=CARTESIAN_POINT('',(-0.0393819967286312,-0.0237327936067403,-0.002032));
#2953=CARTESIAN_POINT('',(-0.0394965337336194,-0.0233677116006052,-0.002032));
#2954=CARTESIAN_POINT('',(-0.0396245833555646,-0.0228716831607776,-0.002032));
#2955=CARTESIAN_POINT('',(-0.0397129944001859,-0.0224194785170517,-0.002032));
#2956=CARTESIAN_POINT('',(-0.0397682850721549,-0.0220415852199778,-0.002032));
#2957=CARTESIAN_POINT('',(-0.0398028877347568,-0.0217335876740592,-0.002032));
#2958=CARTESIAN_POINT('',(-0.0398272561190709,-0.0214049240339339,-0.002032));
#2959=CARTESIAN_POINT('',(-0.0398390237927078,-0.021061445236493,-0.002032));
#2960=CARTESIAN_POINT('',(-0.0398360337395708,-0.0206922287283082,-0.002032));
#2961=CARTESIAN_POINT('',(-0.0398068196516972,-0.0201663253794088,-0.002032));
#2962=CARTESIAN_POINT('',(-0.0397162889637665,-0.0194648778262875,-0.002032));
#2963=CARTESIAN_POINT('',(-0.0395266434806364,-0.018693555070336,-0.002032));
#2964=CARTESIAN_POINT('',(-0.0393275742846737,-0.0181303643646847,-0.002032));
#2965=CARTESIAN_POINT('',(-0.0391922409376816,-0.0178021739705751,-0.002032));
#2966=CARTESIAN_POINT('',(-0.0390788923432814,-0.0175526039633807,-0.002032));
#2967=CARTESIAN_POINT('',(-0.0389558056579236,-0.0173056310119395,-0.002032));
#2968=CARTESIAN_POINT('',(-0.0388241797891839,-0.017063438842141,-0.002032));
#2969=CARTESIAN_POINT('',(-0.0386814811212334,-0.0168217756996514,-0.002032));
#2970=CARTESIAN_POINT('',(-0.0384752250098442,-0.0165006961996278,-0.002032));
#2971=CARTESIAN_POINT('',(-0.0382065226125804,-0.0161295446457185,-0.002032));
#2972=CARTESIAN_POINT('',(-0.0377456912637637,-0.015578949269086,-0.002032));
#2973=CARTESIAN_POINT('',(-0.0372650498703248,-0.0151138534820202,-0.002032));
#2974=CARTESIAN_POINT('',(-0.0367880809807888,-0.0147275361355853,-0.002032));
#2975=CARTESIAN_POINT('',(-0.0364388588039138,-0.0144758630321113,-0.002032));
#2976=CARTESIAN_POINT('',(-0.0361004533840453,-0.0142575962785528,-0.002032));
#2977=CARTESIAN_POINT('',(-0.035770100274662,-0.0140665822573312,-0.002032));
#2978=CARTESIAN_POINT('',(-0.035455564427683,-0.013903431707747,-0.002032));
#2979=CARTESIAN_POINT('',(-0.0350679131156211,-0.0137216015492683,-0.002032));
#2980=CARTESIAN_POINT('',(-0.0347006007341343,-0.0135743390448488,-0.002032));
#2981=CARTESIAN_POINT('',(-0.0343813819356083,-0.0134623098006027,-0.002032));
#2982=CARTESIAN_POINT('',(-0.0340753000896724,-0.0133636694232418,-0.002032));
#2983=CARTESIAN_POINT('',(-0.0337109573932312,-0.0132619143167019,-0.002032));
#2984=CARTESIAN_POINT('',(-0.0333869787578802,-0.0131868825284815,-0.002032));
#2985=CARTESIAN_POINT('',(-0.0331594799416236,-0.0131401100165626,-0.002032));
#2986=CARTESIAN_POINT('',(-0.0329549071912787,-0.0131009736634871,-0.002032));
#2987=CARTESIAN_POINT('',(-0.0327102239243951,-0.0130588858757958,-0.002032));
#2988=CARTESIAN_POINT('',(-0.0324439724367759,-0.0130189553361311,-0.002032));
#2989=CARTESIAN_POINT('',(-0.0322091621904531,-0.0129876476859796,-0.002032));
#2990=CARTESIAN_POINT('',(-0.032000206463919,-0.0129621334211461,-0.002032));
#2991=CARTESIAN_POINT('',(-0.03174753608277,-0.0129333103922996,-0.002032));
#2992=CARTESIAN_POINT('',(-0.031595337029667,-0.0129169194080656,-0.002032));
#2993=CARTESIAN_POINT('',(-0.0315055088577696,-0.0129069488714311,-0.002032));
#2994=CARTESIAN_POINT('',(-0.0315055088577696,-0.0129069488714311,-0.002032));
#2995=CARTESIAN_POINT('',(-0.0511548782695415,0.00883704058893758,-0.002032));
#2996=CARTESIAN_POINT('',(-0.0309027706394519,-0.012347636849573,-0.002032));
#2997=CARTESIAN_POINT('',(-0.0309027706394519,-0.0123476368495731,-0.002032));
#2998=CARTESIAN_POINT('',(-0.0309749352178776,-0.0122615468721323,-0.002032));
#2999=CARTESIAN_POINT('',(-0.0311195476309575,-0.0120826671977294,-0.002032));
#3000=CARTESIAN_POINT('',(-0.0313946551568543,-0.0117152471602573,-0.002032));
#3001=CARTESIAN_POINT('',(-0.0316503587824278,-0.0113318337430761,-0.002032));
#3002=CARTESIAN_POINT('',(-0.0318863779738765,-0.010930586487683,-0.002032));
#3003=CARTESIAN_POINT('',(-0.0321037693964389,-0.0105272239237624,-0.002032));
#3004=CARTESIAN_POINT('',(-0.0323439261050421,-0.0100161897756117,-0.002032));
#3005=CARTESIAN_POINT('',(-0.0325832580006491,-0.00939641992951344,-0.002032));
#3006=CARTESIAN_POINT('',(-0.0327767416211497,-0.008767549677265,-0.002032));
#3007=CARTESIAN_POINT('',(-0.0329215806071908,-0.00814938355669312,-0.002032));
#3008=CARTESIAN_POINT('',(-0.0330564736985581,-0.00734544638932259,-0.002032));
#3009=CARTESIAN_POINT('',(-0.0331282096054088,-0.00638487745633073,-0.002032));
#3010=CARTESIAN_POINT('',(-0.0330935803442379,-0.00531284442245411,-0.002032));
#3011=CARTESIAN_POINT('',(-0.0329929952888897,-0.00450216274377574,-0.002032));
#3012=CARTESIAN_POINT('',(-0.0328809721174578,-0.00388862193205575,-0.002032));
#3013=CARTESIAN_POINT('',(-0.032784183550589,-0.00344958434764039,-0.002032));
#3014=CARTESIAN_POINT('',(-0.0326769399271854,-0.00302866476880857,-0.002032));
#3015=CARTESIAN_POINT('',(-0.0325582494494053,-0.00261631902598225,-0.002032));
#3016=CARTESIAN_POINT('',(-0.0324297639103286,-0.00221485932308659,-0.002032));
#3017=CARTESIAN_POINT('',(-0.0322478713779609,-0.00169568664492391,-0.002032));
#3018=CARTESIAN_POINT('',(-0.0319958543467585,-0.00105639186566345,-0.002032));
#3019=CARTESIAN_POINT('',(-0.0316540614487038,-0.000301913397334744,-0.002032));
#3020=CARTESIAN_POINT('',(-0.0312742200243026,0.000438619031945582,-0.002032));
#3021=CARTESIAN_POINT('',(-0.0307176261604494,0.00140737743930342,-0.002032));
#3022=CARTESIAN_POINT('',(-0.0299163282787133,0.00259774024052724,-0.002032));
#3023=CARTESIAN_POINT('',(-0.0289475358854946,0.00375492500548942,-0.002032));
#3024=CARTESIAN_POINT('',(-0.0280530696464266,0.00464376857832188,-0.002032));
#3025=CARTESIAN_POINT('',(-0.0274294892826667,0.00518656387238989,-0.002032));
#3026=CARTESIAN_POINT('',(-0.0268832009414916,0.00560924680294591,-0.002032));
#3027=CARTESIAN_POINT('',(-0.0264635383407475,0.00590853218272245,-0.002032));
#3028=CARTESIAN_POINT('',(-0.0260309966368211,0.00619231076385928,-0.002032));
#3029=CARTESIAN_POINT('',(-0.0256103779977637,0.00644549437269341,-0.002032));
#3030=CARTESIAN_POINT('',(-0.0252082441061765,0.00666959328580262,-0.002032));
#3031=CARTESIAN_POINT('',(-0.0248200402944278,0.00687097780618122,-0.002032));
#3032=CARTESIAN_POINT('',(-0.0244495397260173,0.00705078803778838,-0.002032));
#3033=CARTESIAN_POINT('',(-0.0239855385889271,0.00726315656266522,-0.002032));
#3034=CARTESIAN_POINT('',(-0.0234547593726652,0.00748792783767477,-0.002032));
#3035=CARTESIAN_POINT('',(-0.0229117071300085,0.00770413003506143,-0.002032));
#3036=CARTESIAN_POINT('',(-0.0224511446128043,0.00788453282372548,-0.002032));
#3037=CARTESIAN_POINT('',(-0.0219516118198312,0.00808491370195319,-0.002032));
#3038=CARTESIAN_POINT('',(-0.0214950505322553,0.00828838149945394,-0.002032));
#3039=CARTESIAN_POINT('',(-0.0212555266809562,0.00842118825951166,-0.002032));
#3040=CARTESIAN_POINT('',(-0.0211441563450191,0.00849055488449677,-0.002032));
#3041=CARTESIAN_POINT('',(-0.0211441563450191,0.00849055488449675,-0.002032));
#3042=CARTESIAN_POINT('',(-0.021144156345019,0.00849055488449695,-0.002032));
#3043=CARTESIAN_POINT('',(-0.0213842478346452,0.00873743962699317,-0.002032));
#3044=CARTESIAN_POINT('',(-0.0218402768893191,0.00925998472781911,-0.002032));
#3045=CARTESIAN_POINT('',(-0.0223462700300106,0.0099892264510937,-0.002032));
#3046=CARTESIAN_POINT('',(-0.0227085484857709,0.0106260814903822,-0.002032));
#3047=CARTESIAN_POINT('',(-0.0230366580149402,0.0112936350774685,-0.002032));
#3048=CARTESIAN_POINT('',(-0.0233849587066519,0.0122084368089016,-0.002032));
#3049=CARTESIAN_POINT('',(-0.0236638203873431,0.0134126540123301,-0.002032));
#3050=CARTESIAN_POINT('',(-0.0237704563192866,0.0147290579590636,-0.002032));
#3051=CARTESIAN_POINT('',(-0.0236792610044821,0.0158881119094102,-0.002032));
#3052=CARTESIAN_POINT('',(-0.0235046194114647,0.0167179725941046,-0.002032));
#3053=CARTESIAN_POINT('',(-0.0233702655569044,0.0171947116012034,-0.002032));
#3054=CARTESIAN_POINT('',(-0.0232568921948278,0.0175384681150286,-0.002032));
#3055=CARTESIAN_POINT('',(-0.0231302613592742,0.0178746345806852,-0.002032));
#3056=CARTESIAN_POINT('',(-0.0229870765763859,0.0182101320995585,-0.002032));
#3057=CARTESIAN_POINT('',(-0.0228347819906199,0.0185280790422877,-0.002032));
#3058=CARTESIAN_POINT('',(-0.022623458000067,0.0189269035008677,-0.002032));
#3059=CARTESIAN_POINT('',(-0.0223482625272618,0.0193801257598376,-0.002032));
#3060=CARTESIAN_POINT('',(-0.0220053172320365,0.0198655903538604,-0.002032));
#3061=CARTESIAN_POINT('',(-0.0216603085554035,0.0202935529482807,-0.002032));
#3062=CARTESIAN_POINT('',(-0.0213247008080692,0.0206654503378681,-0.002032));
#3063=CARTESIAN_POINT('',(-0.0209927874311379,0.0209988500661951,-0.002032));
#3064=CARTESIAN_POINT('',(-0.0205600788879472,0.0213952320481071,-0.002032));
#3065=CARTESIAN_POINT('',(-0.0200648698884876,0.0217967436752657,-0.002032));
#3066=CARTESIAN_POINT('',(-0.0195975449708577,0.0221320083005781,-0.002032));
#3067=CARTESIAN_POINT('',(-0.0192532955245057,0.0223615120395868,-0.002032));
#3068=CARTESIAN_POINT('',(-0.0190029850451988,0.0225212818848851,-0.002032));
#3069=CARTESIAN_POINT('',(-0.0187636109472247,0.0226681305209587,-0.002032));
#3070=CARTESIAN_POINT('',(-0.0183089506682597,0.0229379844738478,-0.002032));
#3071=CARTESIAN_POINT('',(-0.0176789866222962,0.0232844250559964,-0.002032));
#3072=CARTESIAN_POINT('',(-0.0169913895855619,0.0236456361415915,-0.002032));
#3073=CARTESIAN_POINT('',(-0.0165227897033312,0.0238963294083051,-0.002032));
#3074=CARTESIAN_POINT('',(-0.0162349408557333,0.0240584234904694,-0.002032));
#3075=CARTESIAN_POINT('',(-0.0160639761107742,0.0241596196534887,-0.002032));
#3076=CARTESIAN_POINT('',(-0.0159604197852355,0.0242251809677343,-0.002032));
#3077=CARTESIAN_POINT('',(-0.015906525578026,0.0242612189443796,-0.002032));
#3078=CARTESIAN_POINT('',(-0.0158825891594195,0.0242779521005255,-0.002032));
#3079=CARTESIAN_POINT('',(-0.015863709853929,0.0242916954816075,-0.002032));
#3080=CARTESIAN_POINT('',(-0.0158361589300146,0.024312652884352,-0.002032));
#3081=CARTESIAN_POINT('',(-0.0157996194856737,0.0243422596571083,-0.002032));
#3082=CARTESIAN_POINT('',(-0.0157503587965498,0.0243855347623951,-0.002032));
#3083=CARTESIAN_POINT('',(-0.015675295863909,0.024456692047026,-0.002032));
#3084=CARTESIAN_POINT('',(-0.0155619637535294,0.0245751909309701,-0.002032));
#3085=CARTESIAN_POINT('',(-0.0153885305479442,0.0247802874311267,-0.002032));
#3086=CARTESIAN_POINT('',(-0.0151786272383398,0.0250540615900548,-0.002032));
#3087=CARTESIAN_POINT('',(-0.0149684258961617,0.0253486286094619,-0.002032));
#3088=CARTESIAN_POINT('',(-0.0147799642327587,0.0256214340099495,-0.002032));
#3089=CARTESIAN_POINT('',(-0.0146253626484976,0.0258479940371368,-0.002032));
#3090=CARTESIAN_POINT('',(-0.0144570097368707,0.0260955219792916,-0.002032));
#3091=CARTESIAN_POINT('',(-0.0142756063257937,0.0263608672351402,-0.002032));
#3092=CARTESIAN_POINT('',(-0.0140749877306414,0.0266503826413785,-0.002032));
#3093=CARTESIAN_POINT('',(-0.0137854231429926,0.0270577782484968,-0.002032));
#3094=CARTESIAN_POINT('',(-0.0134453730422677,0.0275180478924269,-0.002032));
#3095=CARTESIAN_POINT('',(-0.0130730147819222,0.0280072313579523,-0.002032));
#3096=CARTESIAN_POINT('',(-0.0127449680851219,0.0284335544094363,-0.002032));
#3097=CARTESIAN_POINT('',(-0.0124629262826977,0.0288036461129211,-0.002032));
#3098=CARTESIAN_POINT('',(-0.0122249875220564,0.0291255410616468,-0.002032));
#3099=CARTESIAN_POINT('',(-0.0120274548298759,0.0294064593052064,-0.002032));
#3100=CARTESIAN_POINT('',(-0.011865178892434,0.0296534807665001,-0.002032));
#3101=CARTESIAN_POINT('',(-0.0117149479897566,0.0299022458272723,-0.002032));
#3102=CARTESIAN_POINT('',(-0.0115681618661763,0.0301681396468289,-0.002032));
#3103=CARTESIAN_POINT('',(-0.0114842793268059,0.0303364684001438,-0.002032));
#3104=CARTESIAN_POINT('',(-0.0114480544072254,0.0304130508631581,-0.002032));
#3105=CARTESIAN_POINT('',(-0.0114480544072253,0.0304130508631581,-0.002032));
#3106=CARTESIAN_POINT('',(-0.0014580502734157,0.0308981237817344,-0.002032));
#3107=CARTESIAN_POINT('',(-0.0112766335782544,0.0327983093108787,-0.002032));
#3108=CARTESIAN_POINT('',(-0.0112766335782528,0.0327983093108798,-0.002032));
#3109=CARTESIAN_POINT('',(-0.0113472890246978,0.0329010734536715,-0.002032));
#3110=CARTESIAN_POINT('',(-0.0114918708957611,0.0331164370907752,-0.002032));
#3111=CARTESIAN_POINT('',(-0.0116866769089834,0.0334256572743898,-0.002032));
#3112=CARTESIAN_POINT('',(-0.0118490036693596,0.0337010097498378,-0.002032));
#3113=CARTESIAN_POINT('',(-0.0119755985165843,0.0339266096339391,-0.002032));
#3114=CARTESIAN_POINT('',(-0.0121065846531439,0.0341745407166631,-0.002032));
#3115=CARTESIAN_POINT('',(-0.0122369208413192,0.0344385395431747,-0.002032));
#3116=CARTESIAN_POINT('',(-0.0123733288975051,0.0347376968856961,-0.002032));
#3117=CARTESIAN_POINT('',(-0.0125100251992141,0.0350700534630243,-0.002032));
#3118=CARTESIAN_POINT('',(-0.0126406548338568,0.035426801984051,-0.002032));
#3119=CARTESIAN_POINT('',(-0.0127735218446148,0.0358487268737635,-0.002032));
#3120=CARTESIAN_POINT('',(-0.0128733372048999,0.0362421783688358,-0.002032));
#3121=CARTESIAN_POINT('',(-0.0129413785654337,0.036572249209111,-0.002032));
#3122=CARTESIAN_POINT('',(-0.0130042886655967,0.0369342944273825,-0.002032));
#3123=CARTESIAN_POINT('',(-0.0130656914905029,0.037442533937504,-0.002032));
#3124=CARTESIAN_POINT('',(-0.0130866813149567,0.0380071673681038,-0.002032));
#3125=CARTESIAN_POINT('',(-0.0130718920603188,0.038483661367551,-0.002032));
#3126=CARTESIAN_POINT('',(-0.0130421327695949,0.0388642147630701,-0.002032));
#3127=CARTESIAN_POINT('',(-0.0129902390390301,0.0392640455657211,-0.002032));
#3128=CARTESIAN_POINT('',(-0.0129135101970725,0.0396783389582135,-0.002032));
#3129=CARTESIAN_POINT('',(-0.0128106060357797,0.0401008822493819,-0.002032));
#3130=CARTESIAN_POINT('',(-0.0126772320128342,0.0405361935773697,-0.002032));
#3131=CARTESIAN_POINT('',(-0.0125142475882113,0.0409710455497276,-0.002032));
#3132=CARTESIAN_POINT('',(-0.0123228319209658,0.0414004688334873,-0.002032));
#3133=CARTESIAN_POINT('',(-0.0120954882618794,0.0418339563109135,-0.002032));
#3134=CARTESIAN_POINT('',(-0.0118437811537986,0.0422460211046495,-0.002032));
#3135=CARTESIAN_POINT('',(-0.0115694851416418,0.042637827125261,-0.002032));
#3136=CARTESIAN_POINT('',(-0.0112679831498632,0.0430153117485192,-0.002032));
#3137=CARTESIAN_POINT('',(-0.0109461198994199,0.0433689475381477,-0.002032));
#3138=CARTESIAN_POINT('',(-0.0105099072676517,0.0437929097227928,-0.002032));
#3139=CARTESIAN_POINT('',(-0.0100622704144133,0.0441555986197749,-0.002032));
#3140=CARTESIAN_POINT('',(-0.00964301054543022,0.0444453782702781,-0.002032));
#3141=CARTESIAN_POINT('',(-0.00934552703483814,0.0446316087511668,-0.002032));
#3142=CARTESIAN_POINT('',(-0.00905399308476132,0.0447970272273207,-0.002032));
#3143=CARTESIAN_POINT('',(-0.00878020318198874,0.044938027793569,-0.002032));
#3144=CARTESIAN_POINT('',(-0.00852191152072126,0.0450596141893945,-0.002032));
#3145=CARTESIAN_POINT('',(-0.00819157000835243,0.0452016016587566,-0.002032));
#3146=CARTESIAN_POINT('',(-0.00782591331550008,0.0453392232700571,-0.002032));
#3147=CARTESIAN_POINT('',(-0.00740562858898189,0.0454735652270834,-0.002032));
#3148=CARTESIAN_POINT('',(-0.00709259337123893,0.0455573757918598,-0.002032));
#3149=CARTESIAN_POINT('',(-0.00687284241979391,0.0456102344368208,-0.002032));
#3150=CARTESIAN_POINT('',(-0.00665753910182497,0.0456583680672117,-0.002032));
#3151=CARTESIAN_POINT('',(-0.00650364305196255,0.0456888809394207,-0.002032));
#3152=CARTESIAN_POINT('',(-0.00640503089096829,0.0457070786796102,-0.002032));
#3153=CARTESIAN_POINT('',(-0.00640503089096812,0.0457070786796102,-0.002032));
#3154=CARTESIAN_POINT('',(-0.00640503089096798,0.0457070786796102,-0.002032));
#3155=CARTESIAN_POINT('',(-0.00631244778509012,0.0458972774568409,-0.002032));
#3156=CARTESIAN_POINT('',(-0.00615261204291057,0.0461941271966926,-0.002032));
#3157=CARTESIAN_POINT('',(-0.0058920189686612,0.0466007039539659,-0.002032));
#3158=CARTESIAN_POINT('',(-0.00568116255910436,0.0468959902978217,-0.002032));
#3159=CARTESIAN_POINT('',(-0.00545001757961455,0.0471880386485027,-0.002032));
#3160=CARTESIAN_POINT('',(-0.00519084742555118,0.0474822171822005,-0.002032));
#3161=CARTESIAN_POINT('',(-0.00491285489936998,0.0477643613115716,-0.002032));
#3162=CARTESIAN_POINT('',(-0.00462558617431676,0.048025932447757,-0.002032));
#3163=CARTESIAN_POINT('',(-0.00432484490303483,0.0482720354100317,-0.002032));
#3164=CARTESIAN_POINT('',(-0.00400576202787256,0.0485052339376942,-0.002032));
#3165=CARTESIAN_POINT('',(-0.00368526112812347,0.0487137351125437,-0.002032));
#3166=CARTESIAN_POINT('',(-0.00336208427939788,0.0489010255090825,-0.002032));
#3167=CARTESIAN_POINT('',(-0.00303344386820068,0.0490697760132452,-0.002032));
#3168=CARTESIAN_POINT('',(-0.00258987431153494,0.0492694377295868,-0.002032));
#3169=CARTESIAN_POINT('',(-0.00206090962651423,0.0494610314157417,-0.002032));
#3170=CARTESIAN_POINT('',(-0.00146054605987137,0.0496210946530063,-0.002032));
#3171=CARTESIAN_POINT('',(-0.000884790139194948,0.0497244895022283,-0.002032));
#3172=CARTESIAN_POINT('',(-0.000444119925146344,0.0497687523122228,-0.002032));
#3173=CARTESIAN_POINT('',(-0.000121849793842231,0.0497850304683311,-0.002032));
#3174=CARTESIAN_POINT('',(0.000100032120347117,0.0497893163544119,-0.002032));
#3175=CARTESIAN_POINT('',(0.000309873351722954,0.0497875089068819,-0.002032));
#3176=CARTESIAN_POINT('',(0.000585829640287777,0.0497774673295368,-0.002032));
#3177=CARTESIAN_POINT('',(0.00091316435243659,0.0497516664276903,-0.002032));
#3178=CARTESIAN_POINT('',(0.00120724820057387,0.0497131930019491,-0.002032));
#3179=CARTESIAN_POINT('',(0.00141297959229825,0.049679643929494,-0.002032));
#3180=CARTESIAN_POINT('',(0.0015999024265538,0.0496455907236957,-0.002032));
#3181=CARTESIAN_POINT('',(0.00182915850536949,0.0495973084185999,-0.002032));
#3182=CARTESIAN_POINT('',(0.00208327504857704,0.0495342322435665,-0.002032));
#3183=CARTESIAN_POINT('',(0.00231034941301902,0.0494700113154032,-0.002032));
#3184=CARTESIAN_POINT('',(0.00257391930560057,0.0493878669731899,-0.002032));
#3185=CARTESIAN_POINT('',(0.00288280306386381,0.0492781646707129,-0.002032));
#3186=CARTESIAN_POINT('',(0.00317616921710632,0.0491598236120173,-0.002032));
#3187=CARTESIAN_POINT('',(0.00344278575850396,0.0490419621243819,-0.002032));
#3188=CARTESIAN_POINT('',(0.00366885399441056,0.0489339664043274,-0.002032));
#3189=CARTESIAN_POINT('',(0.00387516428702633,0.0488293558037185,-0.002032));
#3190=CARTESIAN_POINT('',(0.00412032658246176,0.0486985310105142,-0.002032));
#3191=CARTESIAN_POINT('',(0.00438767643642847,0.048546732846111,-0.002032));
#3192=CARTESIAN_POINT('',(0.00467397262695717,0.0483743844429285,-0.002032));
#3193=CARTESIAN_POINT('',(0.00492640680481567,0.0482160141166148,-0.002032));
#3194=CARTESIAN_POINT('',(0.00524361544692335,0.0480111596384241,-0.002032));
#3195=CARTESIAN_POINT('',(0.00560600145712702,0.0477697442169782,-0.002032));
#3196=CARTESIAN_POINT('',(0.00601355024553648,0.0474946208929429,-0.002032));
#3197=CARTESIAN_POINT('',(0.00640076386544496,0.047234573993514,-0.002032));
#3198=CARTESIAN_POINT('',(0.00676765320346245,0.0469934671578426,-0.002032));
#3199=CARTESIAN_POINT('',(0.00711115116820266,0.046776007550638,-0.002032));
#3200=CARTESIAN_POINT('',(0.00741931704355511,0.046591320448905,-0.002032));
#3201=CARTESIAN_POINT('',(0.00768611857579366,0.0464430292081838,-0.002032));
#3202=CARTESIAN_POINT('',(0.00788495747251346,0.0463434100140474,-0.002032));
#3203=CARTESIAN_POINT('',(0.00798410561215852,0.0463011968837716,-0.002032));
#3204=CARTESIAN_POINT('',(0.0079973701632432,0.0462964442697512,-0.002032));
#3205=CARTESIAN_POINT('',(0.00800419763085253,0.0462939598365355,-0.002032));
#3206=CARTESIAN_POINT('',(0.00803063936189301,0.0462856833344642,-0.002032));
#3207=CARTESIAN_POINT('',(0.00807830387937389,0.0462724797246357,-0.002032));
#3208=CARTESIAN_POINT('',(0.00816971711303606,0.0462509188361491,-0.002032));
#3209=CARTESIAN_POINT('',(0.00832726710533717,0.0462216837975754,-0.002032));
#3210=CARTESIAN_POINT('',(0.0085358811088433,0.0461906508759102,-0.002032));
#3211=CARTESIAN_POINT('',(0.00880183745687601,0.0461573391604751,-0.002032));
#3212=CARTESIAN_POINT('',(0.00909748618803831,0.0461226135688176,-0.002032));
#3213=CARTESIAN_POINT('',(0.0093920740409818,0.046085068793045,-0.002032));
#3214=CARTESIAN_POINT('',(0.00963373403147902,0.0460503124013816,-0.002032));
#3215=CARTESIAN_POINT('',(0.00984815535744828,0.0460150316265724,-0.002032));
#3216=CARTESIAN_POINT('',(0.0100378603247201,0.0459806730351765,-0.002032));
#3217=CARTESIAN_POINT('',(0.0102490474960636,0.0459380639917722,-0.002032));
#3218=CARTESIAN_POINT('',(0.0104603931118921,0.0458896670133388,-0.002032));
#3219=CARTESIAN_POINT('',(0.0106394800747444,0.0458441448916166,-0.002032));
#3220=CARTESIAN_POINT('',(0.010793020193326,0.0458023299742471,-0.002032));
#3221=CARTESIAN_POINT('',(0.0109602903042905,0.0457530232307768,-0.002032));
#3222=CARTESIAN_POINT('',(0.0111349567360517,0.0456973140391846,-0.002032));
#3223=CARTESIAN_POINT('',(0.0113248081159129,0.0456319786078917,-0.002032));
#3224=CARTESIAN_POINT('',(0.0115429034682995,0.0455500722882971,-0.002032));
#3225=CARTESIAN_POINT('',(0.0117364479174093,0.0454702353100233,-0.002032));
#3226=CARTESIAN_POINT('',(0.0118959483939112,0.0453996187979383,-0.002032));
#3227=CARTESIAN_POINT('',(0.0120572102225936,0.0453250510924319,-0.002032));
#3228=CARTESIAN_POINT('',(0.0122924339935276,0.0452086866340623,-0.002032));
#3229=CARTESIAN_POINT('',(0.0126031236922413,0.0450367468969043,-0.002032));
#3230=CARTESIAN_POINT('',(0.0128756158707178,0.0448672163366517,-0.002032));
#3231=CARTESIAN_POINT('',(0.0130922840614872,0.0447203054987104,-0.002032));
#3232=CARTESIAN_POINT('',(0.0133247376013956,0.0445534505261458,-0.002032));
#3233=CARTESIAN_POINT('',(0.0136388496463324,0.044306332627146,-0.002032));
#3234=CARTESIAN_POINT('',(0.0140340563291898,0.0439475896322651,-0.002032));
#3235=CARTESIAN_POINT('',(0.0144266367636256,0.0435322562327524,-0.002032));
#3236=CARTESIAN_POINT('',(0.0147481687656966,0.0431321608979909,-0.002032));
#3237=CARTESIAN_POINT('',(0.0150008554472458,0.0427701753537919,-0.002032));
#3238=CARTESIAN_POINT('',(0.0152472532351383,0.0423785514395177,-0.002032));
#3239=CARTESIAN_POINT('',(0.0155233250704881,0.0418627661637302,-0.002032));
#3240=CARTESIAN_POINT('',(0.0158096258714122,0.0411649728329175,-0.002032));
#3241=CARTESIAN_POINT('',(0.0159819486892708,0.0405789607731901,-0.002032));
#3242=CARTESIAN_POINT('',(0.0160871551856612,0.0400832833516332,-0.002032));
#3243=CARTESIAN_POINT('',(0.0161445618950473,0.0397180780826932,-0.002032));
#3244=CARTESIAN_POINT('',(0.0161826597104118,0.0393602680268858,-0.002032));
#3245=CARTESIAN_POINT('',(0.0162029142453297,0.0390065759722971,-0.002032));
#3246=CARTESIAN_POINT('',(0.0162057782373194,0.0386552316107468,-0.002032));
#3247=CARTESIAN_POINT('',(0.0161924031570442,0.0383185657940224,-0.002032));
#3248=CARTESIAN_POINT('',(0.0161647770205951,0.0379942181369128,-0.002032));
#3249=CARTESIAN_POINT('',(0.0161102138509536,0.0375748038072241,-0.002032));
#3250=CARTESIAN_POINT('',(0.0160339340545633,0.0371897435689263,-0.002032));
#3251=CARTESIAN_POINT('',(0.0159462823013018,0.0368467078410518,-0.002032));
#3252=CARTESIAN_POINT('',(0.0158547735114574,0.0365330137635368,-0.002032));
#3253=CARTESIAN_POINT('',(0.0157244459933162,0.0361567433774816,-0.002032));
#3254=CARTESIAN_POINT('',(0.0155539531583474,0.0357509960651717,-0.002032));
#3255=CARTESIAN_POINT('',(0.0154126289168584,0.0354628287416891,-0.002032));
#3256=CARTESIAN_POINT('',(0.0153148736080793,0.0352784659474534,-0.002032));
#3257=CARTESIAN_POINT('',(0.0152174654449083,0.0351027425486736,-0.002032));
#3258=CARTESIAN_POINT('',(0.0150927051892743,0.0348925718201328,-0.002032));
#3259=CARTESIAN_POINT('',(0.0149445841005006,0.0346632928457245,-0.002032));
#3260=CARTESIAN_POINT('',(0.0148096729625782,0.0344690484527024,-0.002032));
#3261=CARTESIAN_POINT('',(0.0146427182509483,0.0342418505843301,-0.002032));
#3262=CARTESIAN_POINT('',(0.0144773787011534,0.0340352827144917,-0.002032));
#3263=CARTESIAN_POINT('',(0.0143392668593372,0.0338730618746858,-0.002032));
#3264=CARTESIAN_POINT('',(0.0142380300328239,0.0337582029221186,-0.002032));
#3265=CARTESIAN_POINT('',(0.0141406086456864,0.0336515080549691,-0.002032));
#3266=CARTESIAN_POINT('',(0.0140491101434753,0.0335544111147631,-0.002032));
#3267=CARTESIAN_POINT('',(0.0139642182635211,0.0334667441213128,-0.002032));
#3268=CARTESIAN_POINT('',(0.013853653103936,0.0333554104015681,-0.002032));
#3269=CARTESIAN_POINT('',(0.0137282826654934,0.0332336312462871,-0.002032));
#3270=CARTESIAN_POINT('',(0.0135891450169281,0.0331032641620328,-0.002032));
#3271=CARTESIAN_POINT('',(0.0134565941193638,0.0329831068795081,-0.002032));
#3272=CARTESIAN_POINT('',(0.0133342077972629,0.0328752937028952,-0.002032));
#3273=CARTESIAN_POINT('',(0.0131874101141656,0.0327487529145688,-0.002032));
#3274=CARTESIAN_POINT('',(0.0129447539485744,0.032545186380209,-0.002032));
#3275=CARTESIAN_POINT('',(0.0127660742814679,0.0324009304331059,-0.002032));
#3276=CARTESIAN_POINT('',(0.0126550338561428,0.0323116881907291,-0.002032));
#3277=CARTESIAN_POINT('',(0.0126550338561424,0.0323116881907288,-0.002032));
#3278=CARTESIAN_POINT('',(0.0042034355207014,0.0328251920938689,-0.002032));
#3279=CARTESIAN_POINT('',(0.0125110467921432,0.0311899728092346,-0.002032));
#3280=CARTESIAN_POINT('',(0.0125110467921434,0.0311899728092347,-0.002032));
#3281=CARTESIAN_POINT('',(0.0127272270439654,0.0308287820493582,-0.002032));
#3282=CARTESIAN_POINT('',(0.0132397369601521,0.0300244470342485,-0.002032));
#3283=CARTESIAN_POINT('',(0.0141877990374822,0.0286918486124286,-0.002032));
#3284=CARTESIAN_POINT('',(0.0152453908304805,0.0273409484022272,-0.002032));
#3285=CARTESIAN_POINT('',(0.0163430907447496,0.0260679141292112,-0.002032));
#3286=CARTESIAN_POINT('',(0.0172286896861211,0.0251485865864985,-0.002032));
#3287=CARTESIAN_POINT('',(0.0178653086051531,0.0245508952925891,-0.002032));
#3288=CARTESIAN_POINT('',(0.0182893754761153,0.0241842251772478,-0.002032));
#3289=CARTESIAN_POINT('',(0.0185765160488915,0.0239605152746798,-0.002032));
#3290=CARTESIAN_POINT('',(0.0187475151911711,0.0238385626448179,-0.002032));
#3291=CARTESIAN_POINT('',(0.0188437695382927,0.023775074576457,-0.002032));
#3292=CARTESIAN_POINT('',(0.0188903112748928,0.0237472543540071,-0.002032));
#3293=CARTESIAN_POINT('',(0.0189062778575794,0.023738794808968,-0.002032));
#3294=CARTESIAN_POINT('',(0.0189224084118053,0.0237310428577826,-0.002032));
#3295=CARTESIAN_POINT('',(0.0189560374007485,0.0237177615559684,-0.002032));
#3296=CARTESIAN_POINT('',(0.0190441660208348,0.0236898873095812,-0.002032));
#3297=CARTESIAN_POINT('',(0.0192081888407167,0.0236475765416098,-0.002032));
#3298=CARTESIAN_POINT('',(0.0194233784602872,0.0235966457388928,-0.002032));
#3299=CARTESIAN_POINT('',(0.0196030627529192,0.0235543699680792,-0.002032));
#3300=CARTESIAN_POINT('',(0.0197878577182015,0.0235092029806758,-0.002032));
#3301=CARTESIAN_POINT('',(0.0199407566840793,0.0234703969711533,-0.002032));
#3302=CARTESIAN_POINT('',(0.0201227457115798,0.0234219564079481,-0.002032));
#3303=CARTESIAN_POINT('',(0.0203354956660454,0.0233611458361806,-0.002032));
#3304=CARTESIAN_POINT('',(0.0205656489992461,0.0232901215811704,-0.002032));
#3305=CARTESIAN_POINT('',(0.0208454668696363,0.0231956265371122,-0.002032));
#3306=CARTESIAN_POINT('',(0.021109485267598,0.0230956906863045,-0.002032));
#3307=CARTESIAN_POINT('',(0.0213278269039505,0.0230054773586926,-0.002032));
#3308=CARTESIAN_POINT('',(0.0215699704675563,0.0228995067571483,-0.002032));
#3309=CARTESIAN_POINT('',(0.021917032364544,0.0227323629554844,-0.002032));
#3310=CARTESIAN_POINT('',(0.0222964830348996,0.0225193253478091,-0.002032));
#3311=CARTESIAN_POINT('',(0.0226085257014817,0.0223222214388628,-0.002032));
#3312=CARTESIAN_POINT('',(0.0229390502553626,0.0220963666243843,-0.002032));
#3313=CARTESIAN_POINT('',(0.0233742417134991,0.0217608806916454,-0.002032));
#3314=CARTESIAN_POINT('',(0.0239148628711946,0.0212584933173953,-0.002032));
#3315=CARTESIAN_POINT('',(0.0243468225645204,0.0207683927407429,-0.002032));
#3316=CARTESIAN_POINT('',(0.0246806629231912,0.0203202036308101,-0.002032));
#3317=CARTESIAN_POINT('',(0.0249121039321641,0.0199698725208852,-0.002032));
#3318=CARTESIAN_POINT('',(0.0251256782417851,0.0196045927795439,-0.002032));
#3319=CARTESIAN_POINT('',(0.0253229335028034,0.0192178697597802,-0.002032));
#3320=CARTESIAN_POINT('',(0.0254925289751324,0.0188325831005801,-0.002032));
#3321=CARTESIAN_POINT('',(0.0256402316662012,0.0184405335709475,-0.002032));
#3322=CARTESIAN_POINT('',(0.0257650824328575,0.0180425704427203,-0.002032));
#3323=CARTESIAN_POINT('',(0.0258617768072095,0.0176650307987258,-0.002032));
#3324=CARTESIAN_POINT('',(0.0259367269532625,0.0172988283554183,-0.002032));
#3325=CARTESIAN_POINT('',(0.0259919781125396,0.0169433447043666,-0.002032));
#3326=CARTESIAN_POINT('',(0.0260289214546267,0.0166035057059563,-0.002032));
#3327=CARTESIAN_POINT('',(0.0260568344156615,0.0161828427456705,-0.002032));
#3328=CARTESIAN_POINT('',(0.0260593328176827,0.0157904398690499,-0.002032));
#3329=CARTESIAN_POINT('',(0.0260439013631367,0.0154349778225926,-0.002032));
#3330=CARTESIAN_POINT('',(0.0260179126121667,0.015089731188416,-0.002032));
#3331=CARTESIAN_POINT('',(0.0259672276136183,0.0146813050128647,-0.002032));
#3332=CARTESIAN_POINT('',(0.0259009776870936,0.0143179751882269,-0.002032));
#3333=CARTESIAN_POINT('',(0.0258436511521713,0.0140549070256548,-0.002032));
#3334=CARTESIAN_POINT('',(0.0257811636796051,0.0137962910500014,-0.002032));
#3335=CARTESIAN_POINT('',(0.0256956150707784,0.0134886980677516,-0.002032));
#3336=CARTESIAN_POINT('',(0.0255870935528713,0.0131519078016536,-0.002032));
#3337=CARTESIAN_POINT('',(0.0254724142580556,0.0128354504271953,-0.002032));
#3338=CARTESIAN_POINT('',(0.0253515534191644,0.0125347477767291,-0.002032));
#3339=CARTESIAN_POINT('',(0.0251876611078888,0.012161285986814,-0.002032));
#3340=CARTESIAN_POINT('',(0.024883740349399,0.0115450738674964,-0.002032));
#3341=CARTESIAN_POINT('',(0.0244210624879726,0.0107683946885773,-0.002032));
#3342=CARTESIAN_POINT('',(0.0238994450765541,0.0100464260384013,-0.002032));
#3343=CARTESIAN_POINT('',(0.0234503634580654,0.00950179147207005,-0.002032));
#3344=CARTESIAN_POINT('',(0.0229671773202655,0.00896400312737653,-0.002032));
#3345=CARTESIAN_POINT('',(0.0225706186486269,0.0085761844873714,-0.002032));
#3346=CARTESIAN_POINT('',(0.0222841110077878,0.00832164194951443,-0.002032));
#3347=CARTESIAN_POINT('',(0.0222841110077878,0.00832164194951439,-0.002032));
#3348=CARTESIAN_POINT('',(0.0222841110077877,0.00832164194951419,-0.002032));
#3349=CARTESIAN_POINT('',(0.0227424821582132,0.0080263975171596,-0.002032));
#3350=CARTESIAN_POINT('',(0.0238170657701208,0.0074116499991488,-0.002032));
#3351=CARTESIAN_POINT('',(0.0254617056145469,0.0066075838053922,-0.002032));
#3352=CARTESIAN_POINT('',(0.0269112835860681,0.00591508168442223,-0.002032));
#3353=CARTESIAN_POINT('',(0.0280726755166043,0.00534601847149252,-0.002032));
#3354=CARTESIAN_POINT('',(0.0292877340373633,0.00470963291888409,-0.002032));
#3355=CARTESIAN_POINT('',(0.0303659605866135,0.00407529911558076,-0.002032));
#3356=CARTESIAN_POINT('',(0.0312460656505124,0.0034856293792908,-0.002032));
#3357=CARTESIAN_POINT('',(0.0319242152169741,0.00298520025247762,-0.002032));
#3358=CARTESIAN_POINT('',(0.0326120307896659,0.00241642996158097,-0.002032));
#3359=CARTESIAN_POINT('',(0.0333088860970234,0.00175843018544501,-0.002032));
#3360=CARTESIAN_POINT('',(0.033993884369815,0.00100476444263496,-0.002032));
#3361=CARTESIAN_POINT('',(0.0346612359904183,0.000123105723685358,-0.002032));
#3362=CARTESIAN_POINT('',(0.0352570196302144,-0.000854390702303725,-0.002032));
#3363=CARTESIAN_POINT('',(0.0357618251265825,-0.00192464925367266,-0.002032));
#3364=CARTESIAN_POINT('',(0.0361539278756453,-0.00307589336015773,-0.002032));
#3365=CARTESIAN_POINT('',(0.0364182546507465,-0.00432350460411904,-0.002032));
#3366=CARTESIAN_POINT('',(0.0365227719455872,-0.00565090048915376,-0.002032));
#3367=CARTESIAN_POINT('',(0.0364564329664685,-0.00679645828358451,-0.002032));
#3368=CARTESIAN_POINT('',(0.0362986915806716,-0.00773031174089016,-0.002032));
#3369=CARTESIAN_POINT('',(0.0360706319965455,-0.00865746118315632,-0.002032));
#3370=CARTESIAN_POINT('',(0.0357353921245276,-0.00956907897498998,-0.002032));
#3371=CARTESIAN_POINT('',(0.035297429233648,-0.0104401580452798,-0.002032));
#3372=CARTESIAN_POINT('',(0.0349240601021051,-0.0110627202329477,-0.002032));
#3373=CARTESIAN_POINT('',(0.0345762566792992,-0.0115569840299172,-0.002032));
#3374=CARTESIAN_POINT('',(0.0342772983941435,-0.0119359058879952,-0.002032));
#3375=CARTESIAN_POINT('',(0.0341262369506959,-0.0121141037247956,-0.002032));
#3376=CARTESIAN_POINT('',(0.0340498473003457,-0.0122012737890225,-0.002032));
#3377=CARTESIAN_POINT('',(0.0340498473003456,-0.0122012737890226,-0.002032));
#3378=CARTESIAN_POINT('',(0.0340498473003456,-0.0122012737890226,0.));
#3379=CARTESIAN_POINT('',(0.0345839269859128,-0.0124409549232915,-0.002032));
#3380=CARTESIAN_POINT('',(0.0345839269859128,-0.0124409549232915,0.));
#3381=CARTESIAN_POINT('',(0.0356938813603638,-0.0129404976277562,-0.002032));
#3382=CARTESIAN_POINT('',(0.0356938813603638,-0.0129404976277562,4.33680868994202E-19));
#3383=CARTESIAN_POINT('',(0.0373208550197531,-0.0137944349117744,-0.002032));
#3384=CARTESIAN_POINT('',(0.0373208550197531,-0.0137944349117744,0.));
#3385=CARTESIAN_POINT('',(0.0388534763082711,-0.014910675896981,-0.002032));
#3386=CARTESIAN_POINT('',(0.0388534763082711,-0.014910675896981,-1.30104260698261E-18));
#3387=CARTESIAN_POINT('',(0.0400991226211839,-0.0161220531412993,-0.002032));
#3388=CARTESIAN_POINT('',(0.0400991226211839,-0.0161220531412993,0.));
#3389=CARTESIAN_POINT('',(0.0412897975162977,-0.0178392248464305,-0.002032));
#3390=CARTESIAN_POINT('',(0.0412897975162977,-0.0178392248464305,0.));
#3391=CARTESIAN_POINT('',(0.0420992838311439,-0.0200734396561309,-0.002032));
#3392=CARTESIAN_POINT('',(0.0420992838311439,-0.0200734396561309,-4.33680868994202E-19));
#3393=CARTESIAN_POINT('',(0.0422865008623776,-0.0222034032434569,-0.002032));
#3394=CARTESIAN_POINT('',(0.0422865008623776,-0.0222034032434569,0.));
#3395=CARTESIAN_POINT('',(0.0420687492191476,-0.0240726075650066,-0.002032));
#3396=CARTESIAN_POINT('',(0.0420687492191476,-0.0240726075650066,-4.33680868994202E-19));
#3397=CARTESIAN_POINT('',(0.0415916672816793,-0.0256992670680381,-0.002032));
#3398=CARTESIAN_POINT('',(0.0415916672816793,-0.0256992670680381,0.));
#3399=CARTESIAN_POINT('',(0.0407261544917145,-0.0275978867101662,-0.002032));
#3400=CARTESIAN_POINT('',(0.0407261544917145,-0.0275978867101662,-4.33680868994202E-19));
#3401=CARTESIAN_POINT('',(0.0393259771865144,-0.0296010198283086,-0.002032));
#3402=CARTESIAN_POINT('',(0.0393259771865144,-0.0296010198283086,-8.67361737988404E-19));
#3403=CARTESIAN_POINT('',(0.0372503597918141,-0.0316195819403858,-0.002032));
#3404=CARTESIAN_POINT('',(0.0372503597918141,-0.0316195819403858,0.));
#3405=CARTESIAN_POINT('',(0.0347253549000468,-0.0332868853758406,-0.002032));
#3406=CARTESIAN_POINT('',(0.0347253549000468,-0.0332868853758406,-4.33680868994202E-19));
#3407=CARTESIAN_POINT('',(0.0322063599012113,-0.0344221879187313,-0.002032));
#3408=CARTESIAN_POINT('',(0.0322063599012113,-0.0344221879187313,0.));
#3409=CARTESIAN_POINT('',(0.0296957836385865,-0.035241182664818,-0.002032));
#3410=CARTESIAN_POINT('',(0.0296957836385865,-0.035241182664818,0.));
#3411=CARTESIAN_POINT('',(0.0272205409544073,-0.0358190184493912,-0.002032));
#3412=CARTESIAN_POINT('',(0.0272205409544073,-0.0358190184493912,-4.33680868994202E-19));
#3413=CARTESIAN_POINT('',(0.0248065472848819,-0.0362156269969195,-0.002032));
#3414=CARTESIAN_POINT('',(0.0248065472848819,-0.0362156269969195,0.));
#3415=CARTESIAN_POINT('',(0.0224926870612325,-0.0364655888291396,-0.002032));
#3416=CARTESIAN_POINT('',(0.0224926870612325,-0.0364655888291396,0.));
#3417=CARTESIAN_POINT('',(0.0203170950339795,-0.0365998589343037,-0.002032));
#3418=CARTESIAN_POINT('',(0.0203170950339795,-0.0365998589343037,-4.33680868994202E-19));
#3419=CARTESIAN_POINT('',(0.0189877481448369,-0.036619109924402,-0.002032));
#3420=CARTESIAN_POINT('',(0.0189877481448369,-0.036619109924402,-4.33680868994202E-19));
#3421=CARTESIAN_POINT('',(0.0184163273018399,-0.0366215409719825,-0.002032));
#3422=CARTESIAN_POINT('',(0.0184163273018399,-0.0366215409719825,-4.33680868994202E-19));
#3423=CARTESIAN_POINT('',(0.0184163273018399,-0.0366215409719825,-0.002032));
#3424=CARTESIAN_POINT('',(0.0340498473003457,-0.0122012737890225,-0.002032));
#3425=CARTESIAN_POINT('',(0.0184163273018399,-0.0366215409719825,-0.002032));
#3426=CARTESIAN_POINT('',(0.0184163273018399,-0.0366215409719825,-4.33680868994202E-19));
#3427=CARTESIAN_POINT('',(0.0182782014821596,-0.0371822708946055,-0.002032));
#3428=CARTESIAN_POINT('',(0.0182782014821596,-0.0371822708946055,-4.33680868994202E-19));
#3429=CARTESIAN_POINT('',(0.0180762976612673,-0.038112072406316,-0.002032));
#3430=CARTESIAN_POINT('',(0.0180762976612673,-0.038112072406316,0.));
#3431=CARTESIAN_POINT('',(0.0176822278121256,-0.0397237329387477,-0.002032));
#3432=CARTESIAN_POINT('',(0.0176822278121256,-0.0397237329387477,0.));
#3433=CARTESIAN_POINT('',(0.0172392666666753,-0.0411603052225964,-0.002032));
#3434=CARTESIAN_POINT('',(0.0172392666666753,-0.0411603052225964,0.));
#3435=CARTESIAN_POINT('',(0.0164990008805052,-0.0428743668910917,-0.002032));
#3436=CARTESIAN_POINT('',(0.0164990008805052,-0.0428743668910917,0.));
#3437=CARTESIAN_POINT('',(0.0152268867900159,-0.0448029562636176,-0.002032));
#3438=CARTESIAN_POINT('',(0.0152268867900159,-0.0448029562636176,0.));
#3439=CARTESIAN_POINT('',(0.0131723231472097,-0.0466782021730713,-0.002032));
#3440=CARTESIAN_POINT('',(0.0131723231472097,-0.0466782021730713,4.33680868994202E-19));
#3441=CARTESIAN_POINT('',(0.0104716213604332,-0.0478865806454341,-0.002032));
#3442=CARTESIAN_POINT('',(0.0104716213604332,-0.0478865806454341,-8.67361737988404E-19));
#3443=CARTESIAN_POINT('',(0.00828967945901871,-0.0482546581260731,-0.002032));
#3444=CARTESIAN_POINT('',(0.00828967945901871,-0.0482546581260731,0.));
#3445=CARTESIAN_POINT('',(0.00645403039815481,-0.0483260369352238,-0.002032));
#3446=CARTESIAN_POINT('',(0.00645403039815481,-0.0483260369352238,0.));
#3447=CARTESIAN_POINT('',(0.00483729943199806,-0.0482395860229792,-0.002032));
#3448=CARTESIAN_POINT('',(0.00483729943199806,-0.0482395860229792,-4.33680868994202E-19));
#3449=CARTESIAN_POINT('',(0.00338642503936936,-0.0480871955631092,-0.002032));
#3450=CARTESIAN_POINT('',(0.00338642503936936,-0.0480871955631092,-4.33680868994202E-19));
#3451=CARTESIAN_POINT('',(0.00207026414454402,-0.0479141516723526,-0.002032));
#3452=CARTESIAN_POINT('',(0.00207026414454402,-0.0479141516723526,0.));
#3453=CARTESIAN_POINT('',(0.000916582326602889,-0.0477582810606504,-0.002032));
#3454=CARTESIAN_POINT('',(0.000916582326602889,-0.0477582810606504,-8.67361737988404E-19));
#3455=CARTESIAN_POINT('',(-5.46533293620903E-5,-0.0476480260017522,-0.002032));
#3456=CARTESIAN_POINT('',(-5.46533293620903E-5,-0.0476480260017522,4.33680868994202E-19));
#3457=CARTESIAN_POINT('',(-0.000679936757024009,-0.0476072513915928,-0.002032));
#3458=CARTESIAN_POINT('',(-0.000679936757024009,-0.0476072513915928,-4.33680868994202E-19));
#3459=CARTESIAN_POINT('',(-0.00132096361234822,-0.0476036563079058,-0.002032));
#3460=CARTESIAN_POINT('',(-0.00132096361234822,-0.0476036563079058,0.));
#3461=CARTESIAN_POINT('',(-0.00203447645085033,-0.0476298137340078,-0.002032));
#3462=CARTESIAN_POINT('',(-0.00203447645085033,-0.0476298137340078,0.));
#3463=CARTESIAN_POINT('',(-0.00286994446074649,-0.0476773030051933,-0.002032));
#3464=CARTESIAN_POINT('',(-0.00286994446074649,-0.0476773030051933,0.));
#3465=CARTESIAN_POINT('',(-0.00388543277421591,-0.0477243197663321,-0.002032));
#3466=CARTESIAN_POINT('',(-0.00388543277421591,-0.0477243197663321,-4.33680868994202E-19));
#3467=CARTESIAN_POINT('',(-0.0051299811337874,-0.0477260297586879,-0.002032));
#3468=CARTESIAN_POINT('',(-0.0051299811337874,-0.0477260297586879,0.));
#3469=CARTESIAN_POINT('',(-0.0066995752577104,-0.0475797467263672,-0.002032));
#3470=CARTESIAN_POINT('',(-0.0066995752577104,-0.0475797467263672,0.));
#3471=CARTESIAN_POINT('',(-0.00843057683437081,-0.0471595943396649,-0.002032));
#3472=CARTESIAN_POINT('',(-0.00843057683437081,-0.0471595943396649,-8.67361737988404E-19));
#3473=CARTESIAN_POINT('',(-0.0106205706521523,-0.0462473677796258,-0.002032));
#3474=CARTESIAN_POINT('',(-0.0106205706521523,-0.0462473677796258,0.));
#3475=CARTESIAN_POINT('',(-0.0129607583328198,-0.0445450555053453,-0.002032));
#3476=CARTESIAN_POINT('',(-0.0129607583328198,-0.0445450555053453,-4.33680868994202E-19));
#3477=CARTESIAN_POINT('',(-0.0149405632268193,-0.0422337798803246,-0.002032));
#3478=CARTESIAN_POINT('',(-0.0149405632268193,-0.0422337798803246,0.));
#3479=CARTESIAN_POINT('',(-0.0165291802348609,-0.0397560043914524,-0.002032));
#3480=CARTESIAN_POINT('',(-0.0165291802348609,-0.0397560043914524,0.));
#3481=CARTESIAN_POINT('',(-0.0174026625374623,-0.0379217435833681,-0.002032));
#3482=CARTESIAN_POINT('',(-0.0174026625374623,-0.0379217435833681,-4.33680868994202E-19));
#3483=CARTESIAN_POINT('',(-0.0177712721653367,-0.0369093468619776,-0.002032));
#3484=CARTESIAN_POINT('',(-0.0177712721653367,-0.0369093468619776,-4.33680868994202E-19));
#3485=CARTESIAN_POINT('',(-0.0177712721653367,-0.0369093468619776,-0.002032));
#3486=CARTESIAN_POINT('',(-0.0177712721653367,-0.0369093468619775,-0.002032));
#3487=CARTESIAN_POINT('',(-0.0177712721653367,-0.0369093468619775,0.));
#3488=CARTESIAN_POINT('',(-0.0184951336898236,-0.036787825116184,-0.002032));
#3489=CARTESIAN_POINT('',(-0.0184951336898236,-0.036787825116184,0.));
#3490=CARTESIAN_POINT('',(-0.0200460961698434,-0.0364684492214777,-0.002032));
#3491=CARTESIAN_POINT('',(-0.0200460961698434,-0.0364684492214777,0.));
#3492=CARTESIAN_POINT('',(-0.0221361889850321,-0.0358820869014812,-0.002032));
#3493=CARTESIAN_POINT('',(-0.0221361889850321,-0.0358820869014812,-8.67361737988404E-19));
#3494=CARTESIAN_POINT('',(-0.0240946569226271,-0.0352299962506064,-0.002032));
#3495=CARTESIAN_POINT('',(-0.0240946569226271,-0.0352299962506064,1.30104260698261E-18));
#3496=CARTESIAN_POINT('',(-0.0258846333046358,-0.034560723841679,-0.002032));
#3497=CARTESIAN_POINT('',(-0.0258846333046358,-0.034560723841679,-4.33680868994202E-19));
#3498=CARTESIAN_POINT('',(-0.0272227085200469,-0.0340270389506733,-0.002032));
#3499=CARTESIAN_POINT('',(-0.0272227085200469,-0.0340270389506733,1.73472347597681E-18));
#3500=CARTESIAN_POINT('',(-0.0281933657804791,-0.0336334273264111,-0.002032));
#3501=CARTESIAN_POINT('',(-0.0281933657804791,-0.0336334273264111,-1.30104260698261E-18));
#3502=CARTESIAN_POINT('',(-0.0290605197993777,-0.033282429099691,-0.002032));
#3503=CARTESIAN_POINT('',(-0.0290605197993777,-0.033282429099691,4.33680868994202E-19));
#3504=CARTESIAN_POINT('',(-0.0301920836632703,-0.0328315179777434,-0.002032));
#3505=CARTESIAN_POINT('',(-0.0301920836632703,-0.0328315179777434,0.));
#3506=CARTESIAN_POINT('',(-0.0318166427319982,-0.0321057350008961,-0.002032));
#3507=CARTESIAN_POINT('',(-0.0318166427319982,-0.0321057350008961,-4.33680868994202E-19));
#3508=CARTESIAN_POINT('',(-0.0336608118237852,-0.0310540116027351,-0.002032));
#3509=CARTESIAN_POINT('',(-0.0336608118237852,-0.0310540116027351,4.33680868994202E-19));
#3510=CARTESIAN_POINT('',(-0.0352423639443791,-0.0298108340321678,-0.002032));
#3511=CARTESIAN_POINT('',(-0.0352423639443791,-0.0298108340321678,-8.67361737988404E-19));
#3512=CARTESIAN_POINT('',(-0.0364063069861213,-0.0286289410022199,-0.002032));
#3513=CARTESIAN_POINT('',(-0.0364063069861213,-0.0286289410022199,4.33680868994202E-19));
#3514=CARTESIAN_POINT('',(-0.0371890213172242,-0.0277055531556119,-0.002032));
#3515=CARTESIAN_POINT('',(-0.0371890213172242,-0.0277055531556119,-4.33680868994202E-19));
#3516=CARTESIAN_POINT('',(-0.0379169574121587,-0.0267077106949176,-0.002032));
#3517=CARTESIAN_POINT('',(-0.0379169574121587,-0.0267077106949176,0.));
#3518=CARTESIAN_POINT('',(-0.0385950198964805,-0.0255994525266478,-0.002032));
#3519=CARTESIAN_POINT('',(-0.0385950198964805,-0.0255994525266478,-4.33680868994202E-19));
#3520=CARTESIAN_POINT('',(-0.0391275684672234,-0.0244822970403185,-0.002032));
#3521=CARTESIAN_POINT('',(-0.0391275684672234,-0.0244822970403185,8.67361737988404E-19));
#3522=CARTESIAN_POINT('',(-0.0395011333999383,-0.0233952470593496,-0.002032));
#3523=CARTESIAN_POINT('',(-0.0395011333999383,-0.0233952470593496,0.));
#3524=CARTESIAN_POINT('',(-0.0397443143175209,-0.0223568167886889,-0.002032));
#3525=CARTESIAN_POINT('',(-0.0397443143175209,-0.0223568167886889,4.33680868994202E-19));
#3526=CARTESIAN_POINT('',(-0.0398747926571834,-0.0211194521515451,-0.002032));
#3527=CARTESIAN_POINT('',(-0.0398747926571834,-0.0211194521515451,0.));
#3528=CARTESIAN_POINT('',(-0.0397759000832184,-0.019508308313342,-0.002032));
#3529=CARTESIAN_POINT('',(-0.0397759000832184,-0.019508308313342,0.));
#3530=CARTESIAN_POINT('',(-0.0392004030383022,-0.0175527313094122,-0.002032));
#3531=CARTESIAN_POINT('',(-0.0392004030383022,-0.0175527313094122,-4.33680868994202E-19));
#3532=CARTESIAN_POINT('',(-0.0378861037323025,-0.0155989872850437,-0.002032));
#3533=CARTESIAN_POINT('',(-0.0378861037323025,-0.0155989872850437,-4.33680868994202E-19));
#3534=CARTESIAN_POINT('',(-0.0364106716159803,-0.0143936580246568,-0.002032));
#3535=CARTESIAN_POINT('',(-0.0364106716159803,-0.0143936580246568,8.67361737988404E-19));
#3536=CARTESIAN_POINT('',(-0.0351151793842639,-0.013714965158911,-0.002032));
#3537=CARTESIAN_POINT('',(-0.0351151793842639,-0.013714965158911,4.33680868994202E-19));
#3538=CARTESIAN_POINT('',(-0.0341277359740688,-0.0133661197000556,-0.002032));
#3539=CARTESIAN_POINT('',(-0.0341277359740688,-0.0133661197000556,0.));
#3540=CARTESIAN_POINT('',(-0.033292103870789,-0.0131591512924226,-0.002032));
#3541=CARTESIAN_POINT('',(-0.033292103870789,-0.0131591512924226,-4.33680868994202E-19));
#3542=CARTESIAN_POINT('',(-0.0327003149116823,-0.0130550379925929,-0.002032));
#3543=CARTESIAN_POINT('',(-0.0327003149116823,-0.0130550379925929,-4.33680868994202E-19));
#3544=CARTESIAN_POINT('',(-0.0320270263114299,-0.0129611030658628,-0.002032));
#3545=CARTESIAN_POINT('',(-0.0320270263114299,-0.0129611030658628,-1.30104260698261E-18));
#3546=CARTESIAN_POINT('',(-0.0316851652015643,-0.0129268899447002,-0.002032));
#3547=CARTESIAN_POINT('',(-0.0316851652015643,-0.0129268899447002,0.));
#3548=CARTESIAN_POINT('',(-0.0315055088577696,-0.0129069488714311,-0.002032));
#3549=CARTESIAN_POINT('',(-0.0315055088577696,-0.0129069488714311,0.));
#3550=CARTESIAN_POINT('',(-0.0315055088577696,-0.0129069488714311,-0.002032));
#3551=CARTESIAN_POINT('',(-0.0511548782695415,0.00883704058893758,-0.002032));
#3552=CARTESIAN_POINT('',(-0.0309027706394519,-0.012347636849573,-0.002032));
#3553=CARTESIAN_POINT('',(-0.0309027706394519,-0.0123476368495731,-0.002032));
#3554=CARTESIAN_POINT('',(-0.0309027706394519,-0.0123476368495731,0.));
#3555=CARTESIAN_POINT('',(-0.0314800872668571,-0.0116589170300469,-0.002032));
#3556=CARTESIAN_POINT('',(-0.0314800872668571,-0.0116589170300469,0.));
#3557=CARTESIAN_POINT('',(-0.032478194909819,-0.0100291866901716,-0.002032));
#3558=CARTESIAN_POINT('',(-0.032478194909819,-0.0100291866901716,-4.33680868994202E-19));
#3559=CARTESIAN_POINT('',(-0.0331208873908833,-0.00750008082468197,-0.002032));
#3560=CARTESIAN_POINT('',(-0.0331208873908833,-0.00750008082468197,8.67361737988404E-19));
#3561=CARTESIAN_POINT('',(-0.0331360058980023,-0.00526681510857896,-0.002032));
#3562=CARTESIAN_POINT('',(-0.0331360058980023,-0.00526681510857896,-4.33680868994202E-19));
#3563=CARTESIAN_POINT('',(-0.0328104982772877,-0.00340894029518834,-0.002032));
#3564=CARTESIAN_POINT('',(-0.0328104982772877,-0.00340894029518834,4.33680868994202E-19));
#3565=CARTESIAN_POINT('',(-0.0323166472398465,-0.00181304780209463,-0.002032));
#3566=CARTESIAN_POINT('',(-0.0323166472398465,-0.00181304780209463,0.));
#3567=CARTESIAN_POINT('',(-0.0316731192833464,-0.000295615810598367,-0.002032));
#3568=CARTESIAN_POINT('',(-0.0316731192833464,-0.000295615810598367,0.));
#3569=CARTESIAN_POINT('',(-0.0308771957926446,0.00117008462143056,-0.002032));
#3570=CARTESIAN_POINT('',(-0.0308771957926446,0.00117008462143056,0.));
#3571=CARTESIAN_POINT('',(-0.0299165230837844,0.00259817026646937,-0.002032));
#3572=CARTESIAN_POINT('',(-0.0299165230837844,0.00259817026646937,0.));
#3573=CARTESIAN_POINT('',(-0.0287536881307189,0.00398386211234105,-0.002032));
#3574=CARTESIAN_POINT('',(-0.0287536881307189,0.00398386211234105,0.));
#3575=CARTESIAN_POINT('',(-0.0273525241854597,0.0053107445567822,-0.002032));
#3576=CARTESIAN_POINT('',(-0.0273525241854597,0.0053107445567822,0.));
#3577=CARTESIAN_POINT('',(-0.0255700062865964,0.00652079063835436,-0.002032));
#3578=CARTESIAN_POINT('',(-0.0255700062865964,0.00652079063835436,4.33680868994202E-19));
#3579=CARTESIAN_POINT('',(-0.0240482034022065,0.00724997443023618,-0.002032));
#3580=CARTESIAN_POINT('',(-0.0240482034022065,0.00724997443023618,0.));
#3581=CARTESIAN_POINT('',(-0.0228661022258166,0.00772342247694191,-0.002032));
#3582=CARTESIAN_POINT('',(-0.0228661022258166,0.00772342247694191,0.));
#3583=CARTESIAN_POINT('',(-0.0217647928581022,0.00815261445920878,-0.002032));
#3584=CARTESIAN_POINT('',(-0.0217647928581022,0.00815261445920878,-4.33680868994202E-19));
#3585=CARTESIAN_POINT('',(-0.0213668970168934,0.00835182163452653,-0.002032));
#3586=CARTESIAN_POINT('',(-0.0213668970168934,0.00835182163452653,0.));
#3587=CARTESIAN_POINT('',(-0.0211441563450191,0.00849055488449677,-0.002032));
#3588=CARTESIAN_POINT('',(-0.0211441563450191,0.00849055488449677,0.));
#3589=CARTESIAN_POINT('',(-0.0211441563450191,0.00849055488449675,-0.002032));
#3590=CARTESIAN_POINT('',(-0.021144156345019,0.00849055488449695,-0.002032));
#3591=CARTESIAN_POINT('',(-0.021144156345019,0.00849055488449695,0.));
#3592=CARTESIAN_POINT('',(-0.0216243393242718,0.00898432436948975,-0.002032));
#3593=CARTESIAN_POINT('',(-0.0216243393242718,0.00898432436948975,0.));
#3594=CARTESIAN_POINT('',(-0.0224891973461401,0.0100842061691313,-0.002032));
#3595=CARTESIAN_POINT('',(-0.0224891973461401,0.0100842061691313,0.));
#3596=CARTESIAN_POINT('',(-0.0234510801374128,0.0121461639496406,-0.002032));
#3597=CARTESIAN_POINT('',(-0.0234510801374128,0.0121461639496406,-8.67361737988404E-19));
#3598=CARTESIAN_POINT('',(-0.0238061260185338,0.0142645390011299,-0.002032));
#3599=CARTESIAN_POINT('',(-0.0238061260185338,0.0142645390011299,8.67361737988404E-19));
#3600=CARTESIAN_POINT('',(-0.0236620909421617,0.0161190012820737,-0.002032));
#3601=CARTESIAN_POINT('',(-0.0236620909421617,0.0161190012820737,-1.30104260698261E-18));
#3602=CARTESIAN_POINT('',(-0.0232943823506859,0.0175577145988258,-0.002032));
#3603=CARTESIAN_POINT('',(-0.0232943823506859,0.0175577145988258,4.33680868994202E-19));
#3604=CARTESIAN_POINT('',(-0.0226884753505845,0.0188733589646267,-0.002032));
#3605=CARTESIAN_POINT('',(-0.0226884753505845,0.0188733589646267,-4.33680868994202E-19));
#3606=CARTESIAN_POINT('',(-0.0220050340393606,0.0198939105343042,-0.002032));
#3607=CARTESIAN_POINT('',(-0.0220050340393606,0.0198939105343042,4.33680868994202E-19));
#3608=CARTESIAN_POINT('',(-0.0213212285027821,0.0206870390217196,-0.002032));
#3609=CARTESIAN_POINT('',(-0.0213212285027821,0.0206870390217196,-4.33680868994202E-19));
#3610=CARTESIAN_POINT('',(-0.020442192056843,0.0215205039857829,-0.002032));
#3611=CARTESIAN_POINT('',(-0.020442192056843,0.0215205039857829,0.));
#3612=CARTESIAN_POINT('',(-0.0194836460102046,0.0222283514585612,-0.002032));
#3613=CARTESIAN_POINT('',(-0.0194836460102046,0.0222283514585612,8.67361737988404E-19));
#3614=CARTESIAN_POINT('',(-0.018515215592504,0.0228246111058895,-0.002032));
#3615=CARTESIAN_POINT('',(-0.018515215592504,0.0228246111058895,-4.33680868994202E-19));
#3616=CARTESIAN_POINT('',(-0.0176801133158962,0.0232837703893427,-0.002032));
#3617=CARTESIAN_POINT('',(-0.0176801133158962,0.0232837703893427,0.));
#3618=CARTESIAN_POINT('',(-0.016990605902237,0.0236461479821158,-0.002032));
#3619=CARTESIAN_POINT('',(-0.016990605902237,0.0236461479821158,4.33680868994202E-19));
#3620=CARTESIAN_POINT('',(-0.0164310777665841,0.0239450753662048,-0.002032));
#3621=CARTESIAN_POINT('',(-0.0164310777665841,0.0239450753662048,0.));
#3622=CARTESIAN_POINT('',(-0.0160335635091091,0.0241754378605393,-0.002032));
#3623=CARTESIAN_POINT('',(-0.0160335635091091,0.0241754378605393,-4.33680868994202E-19));
#3624=CARTESIAN_POINT('',(-0.0158652220159371,0.0242883685266453,-0.002032));
#3625=CARTESIAN_POINT('',(-0.0158652220159371,0.0242883685266453,0.));
#3626=CARTESIAN_POINT('',(-0.015786446657055,0.0243516249724095,-0.002032));
#3627=CARTESIAN_POINT('',(-0.015786446657055,0.0243516249724095,4.33680868994202E-19));
#3628=CARTESIAN_POINT('',(-0.0155766289021388,0.0245467949166606,-0.002032));
#3629=CARTESIAN_POINT('',(-0.0155766289021388,0.0245467949166606,0.));
#3630=CARTESIAN_POINT('',(-0.015199422031453,0.0250142727750432,-0.002032));
#3631=CARTESIAN_POINT('',(-0.015199422031453,0.0250142727750432,8.67361737988404E-19));
#3632=CARTESIAN_POINT('',(-0.0147458270894741,0.0256692036190541,-0.002032));
#3633=CARTESIAN_POINT('',(-0.0147458270894741,0.0256692036190541,-4.33680868994202E-19));
#3634=CARTESIAN_POINT('',(-0.0142868391144658,0.0263470449995883,-0.002032));
#3635=CARTESIAN_POINT('',(-0.0142868391144658,0.0263470449995883,-8.67361737988404E-19));
#3636=CARTESIAN_POINT('',(-0.0138559862171008,0.0269625295986914,-0.002032));
#3637=CARTESIAN_POINT('',(-0.0138559862171008,0.0269625295986914,4.33680868994202E-19));
#3638=CARTESIAN_POINT('',(-0.0134448640100939,0.0275188227399627,-0.002032));
#3639=CARTESIAN_POINT('',(-0.0134448640100939,0.0275188227399627,0.));
#3640=CARTESIAN_POINT('',(-0.012700131703213,0.028495830637695,-0.002032));
#3641=CARTESIAN_POINT('',(-0.012700131703213,0.028495830637695,-1.30104260698261E-18));
#3642=CARTESIAN_POINT('',(-0.0121078538502686,0.0292656508557985,-0.002032));
#3643=CARTESIAN_POINT('',(-0.0121078538502686,0.0292656508557985,4.33680868994202E-19));
#3644=CARTESIAN_POINT('',(-0.0117150629227614,0.0298910764466333,-0.002032));
#3645=CARTESIAN_POINT('',(-0.0117150629227614,0.0298910764466333,4.33680868994202E-19));
#3646=CARTESIAN_POINT('',(-0.0115205042463864,0.0302598859371296,-0.002032));
#3647=CARTESIAN_POINT('',(-0.0115205042463864,0.0302598859371296,0.));
#3648=CARTESIAN_POINT('',(-0.0114480544072254,0.0304130508631581,-0.002032));
#3649=CARTESIAN_POINT('',(-0.0114480544072254,0.0304130508631581,0.));
#3650=CARTESIAN_POINT('',(-0.0114480544072253,0.0304130508631581,-0.002032));
#3651=CARTESIAN_POINT('',(-0.0014580502734157,0.0308981237817344,-0.002032));
#3652=CARTESIAN_POINT('',(-0.0112766335782544,0.0327983093108787,-0.002032));
#3653=CARTESIAN_POINT('',(-0.0112766335782528,0.0327983093108798,-0.002032));
#3654=CARTESIAN_POINT('',(-0.0112766335782528,0.0327983093108798,-4.33680868994202E-19));
#3655=CARTESIAN_POINT('',(-0.0114179444711427,0.033003837596463,-0.002032));
#3656=CARTESIAN_POINT('',(-0.0114179444711427,0.033003837596463,0.));
#3657=CARTESIAN_POINT('',(-0.0117175233952947,0.0334586498871197,-0.002032));
#3658=CARTESIAN_POINT('',(-0.0117175233952947,0.0334586498871197,-4.33680868994202E-19));
#3659=CARTESIAN_POINT('',(-0.0122285439791168,0.0343699295241729,-0.002032));
#3660=CARTESIAN_POINT('',(-0.0122285439791168,0.0343699295241729,4.33680868994202E-19));
#3661=CARTESIAN_POINT('',(-0.0127013386666553,0.0355016780800664,-0.002032));
#3662=CARTESIAN_POINT('',(-0.0127013386666553,0.0355016780800664,-4.33680868994202E-19));
#3663=CARTESIAN_POINT('',(-0.0130059028488328,0.0367942826245214,-0.002032));
#3664=CARTESIAN_POINT('',(-0.0130059028488328,0.0367942826245214,4.33680868994202E-19));
#3665=CARTESIAN_POINT('',(-0.0131233818156849,0.0380830122175292,-0.002032));
#3666=CARTESIAN_POINT('',(-0.0131233818156849,0.0380830122175292,0.));
#3667=CARTESIAN_POINT('',(-0.0129826833391105,0.0396438073406388,-0.002032));
#3668=CARTESIAN_POINT('',(-0.0129826833391105,0.0396438073406388,0.));
#3669=CARTESIAN_POINT('',(-0.0124007706909743,0.0414200420678652,-0.002032));
#3670=CARTESIAN_POINT('',(-0.0124007706909743,0.0414200420678652,-4.33680868994202E-19));
#3671=CARTESIAN_POINT('',(-0.0113152974309515,0.0430829015824794,-0.002032));
#3672=CARTESIAN_POINT('',(-0.0113152974309515,0.0430829015824794,-4.33680868994202E-19));
#3673=CARTESIAN_POINT('',(-0.00992557722573894,0.0443163732596973,-0.002032));
#3674=CARTESIAN_POINT('',(-0.00992557722573894,0.0443163732596973,0.));
#3675=CARTESIAN_POINT('',(-0.00874131484122999,0.0449834119498927,-0.002032));
#3676=CARTESIAN_POINT('',(-0.00874131484122999,0.0449834119498927,-8.67361737988404E-19));
#3677=CARTESIAN_POINT('',(-0.00780588074278245,0.0453587315317212,-0.002032));
#3678=CARTESIAN_POINT('',(-0.00780588074278245,0.0453587315317212,-4.33680868994202E-19));
#3679=CARTESIAN_POINT('',(-0.00700914538555042,0.045586197567029,-0.002032));
#3680=CARTESIAN_POINT('',(-0.00700914538555042,0.045586197567029,-4.33680868994202E-19));
#3681=CARTESIAN_POINT('',(-0.00660225521295686,0.0456706831992312,-0.002032));
#3682=CARTESIAN_POINT('',(-0.00660225521295686,0.0456706831992312,-4.33680868994202E-19));
#3683=CARTESIAN_POINT('',(-0.00640503089096829,0.0457070786796102,-0.002032));
#3684=CARTESIAN_POINT('',(-0.00640503089096829,0.0457070786796102,-4.33680868994202E-19));
#3685=CARTESIAN_POINT('',(-0.00640503089096812,0.0457070786796102,-0.002032));
#3686=CARTESIAN_POINT('',(-0.00640503089096798,0.0457070786796102,-0.002032));
#3687=CARTESIAN_POINT('',(-0.00640503089096798,0.0457070786796102,0.));
#3688=CARTESIAN_POINT('',(-0.00621986467921197,0.0460874762340722,-0.002032));
#3689=CARTESIAN_POINT('',(-0.00621986467921197,0.0460874762340722,0.));
#3690=CARTESIAN_POINT('',(-0.00573642908560919,0.0469062083978836,-0.002032));
#3691=CARTESIAN_POINT('',(-0.00573642908560919,0.0469062083978836,8.67361737988404E-19));
#3692=CARTESIAN_POINT('',(-0.00465938796622747,0.0480697600500753,-0.002032));
#3693=CARTESIAN_POINT('',(-0.00465938796622747,0.0480697600500753,-4.33680868994202E-19));
#3694=CARTESIAN_POINT('',(-0.00336606354914316,0.0489548779144549,-0.002032));
#3695=CARTESIAN_POINT('',(-0.00336606354914316,0.0489548779144549,8.67361737988404E-19));
#3696=CARTESIAN_POINT('',(-0.00204339995109227,0.0494983414542365,-0.002032));
#3697=CARTESIAN_POINT('',(-0.00204339995109227,0.0494983414542365,0.));
#3698=CARTESIAN_POINT('',(-0.000860188460956622,0.0497480955769273,-0.002032));
#3699=CARTESIAN_POINT('',(-0.000860188460956622,0.0497480955769273,-4.33680868994202E-19));
#3700=CARTESIAN_POINT('',(0.000128461295926885,0.0498059337741946,-0.002032));
#3701=CARTESIAN_POINT('',(0.000128461295926885,0.0498059337741946,-4.33680868994202E-19));
#3702=CARTESIAN_POINT('',(0.00093449531652198,0.049757974119155,-0.002032));
#3703=CARTESIAN_POINT('',(0.00093449531652198,0.049757974119155,0.));
#3704=CARTESIAN_POINT('',(0.00178535824890086,0.0496232903424846,-0.002032));
#3705=CARTESIAN_POINT('',(0.00178535824890086,0.0496232903424846,-4.33680868994202E-19));
#3706=CARTESIAN_POINT('',(0.00255247748311058,0.0494063609011979,-0.002032));
#3707=CARTESIAN_POINT('',(0.00255247748311058,0.0494063609011979,8.67361737988404E-19));
#3708=CARTESIAN_POINT('',(0.00341328779528691,0.049071866055657,-0.002032));
#3709=CARTESIAN_POINT('',(0.00341328779528691,0.049071866055657,-4.33680868994202E-19));
#3710=CARTESIAN_POINT('',(0.00409368665384398,0.0487199541010091,-0.002032));
#3711=CARTESIAN_POINT('',(0.00409368665384398,0.0487199541010091,-4.33680868994202E-19));
#3712=CARTESIAN_POINT('',(0.00468662020653809,0.0483700515331079,-0.002032));
#3713=CARTESIAN_POINT('',(0.00468662020653809,0.0483700515331079,0.));
#3714=CARTESIAN_POINT('',(0.00516980626907835,0.0480601245009978,-0.002032));
#3715=CARTESIAN_POINT('',(0.00516980626907835,0.0480601245009978,0.));
#3716=CARTESIAN_POINT('',(0.00560638451855482,0.0477695510812486,-0.002032));
#3717=CARTESIAN_POINT('',(0.00560638451855482,0.0477695510812486,0.));
#3718=CARTESIAN_POINT('',(0.00614900512798774,0.047403098516353,-0.002032));
#3719=CARTESIAN_POINT('',(0.00614900512798774,0.047403098516353,-4.33680868994202E-19));
#3720=CARTESIAN_POINT('',(0.00677944701713493,0.046981362402237,-0.002032));
#3721=CARTESIAN_POINT('',(0.00677944701713493,0.046981362402237,0.));
#3722=CARTESIAN_POINT('',(0.00744182302879842,0.0465715548273988,-0.002032));
#3723=CARTESIAN_POINT('',(0.00744182302879842,0.0465715548273988,0.));
#3724=CARTESIAN_POINT('',(0.00784680282637322,0.0463592065067412,-0.002032));
#3725=CARTESIAN_POINT('',(0.00784680282637322,0.0463592065067412,-8.67361737988404E-19));
#3726=CARTESIAN_POINT('',(0.0080023321597359,0.0462938290834311,-0.002032));
#3727=CARTESIAN_POINT('',(0.0080023321597359,0.0462938290834311,0.));
#3728=CARTESIAN_POINT('',(0.0079945422408948,0.0462972340949377,-0.002032));
#3729=CARTESIAN_POINT('',(0.0079945422408948,0.0462972340949377,-4.33680868994202E-19));
#3730=CARTESIAN_POINT('',(0.00811847577188565,0.0462599789024265,-0.002032));
#3731=CARTESIAN_POINT('',(0.00811847577188565,0.0462599789024265,0.));
#3732=CARTESIAN_POINT('',(0.00832711023403796,0.0462218039192717,-0.002032));
#3733=CARTESIAN_POINT('',(0.00832711023403796,0.0462218039192717,-8.67361737988404E-19));
#3734=CARTESIAN_POINT('',(0.00853559131965308,0.0461906540686364,-0.002032));
#3735=CARTESIAN_POINT('',(0.00853559131965308,0.0461906540686364,4.33680868994202E-19));
#3736=CARTESIAN_POINT('',(0.00880315348493745,0.0461572062678737,-0.002032));
#3737=CARTESIAN_POINT('',(0.00880315348493745,0.0461572062678737,-4.33680868994202E-19));
#3738=CARTESIAN_POINT('',(0.00915164161121573,0.0461161968281654,-0.002032));
#3739=CARTESIAN_POINT('',(0.00915164161121573,0.0461161968281654,4.33680868994202E-19));
#3740=CARTESIAN_POINT('',(0.00956370144507849,0.0460631065692677,-0.002032));
#3741=CARTESIAN_POINT('',(0.00956370144507849,0.0460631065692677,-4.33680868994202E-19));
#3742=CARTESIAN_POINT('',(0.0100223004989218,0.0459857765173534,-0.002032));
#3743=CARTESIAN_POINT('',(0.0100223004989218,0.0459857765173534,0.));
#3744=CARTESIAN_POINT('',(0.0104810909481647,0.0458889076333478,-0.002032));
#3745=CARTESIAN_POINT('',(0.0104810909481647,0.0458889076333478,4.33680868994202E-19));
#3746=CARTESIAN_POINT('',(0.0109879568739858,0.0457522425865711,-0.002032));
#3747=CARTESIAN_POINT('',(0.0109879568739858,0.0457522425865711,0.));
#3748=CARTESIAN_POINT('',(0.0115379221193977,0.0455553108152059,-0.002032));
#3749=CARTESIAN_POINT('',(0.0115379221193977,0.0455553108152059,4.33680868994202E-19));
#3750=CARTESIAN_POINT('',(0.0119944421334058,0.0453622827708977,-0.002032));
#3751=CARTESIAN_POINT('',(0.0119944421334058,0.0453622827708977,-4.33680868994202E-19));
#3752=CARTESIAN_POINT('',(0.0125991365335528,0.0450484542834579,-0.002032));
#3753=CARTESIAN_POINT('',(0.0125991365335528,0.0450484542834579,-4.33680868994202E-19));
#3754=CARTESIAN_POINT('',(0.0132440548012794,0.0446328845415568,-0.002032));
#3755=CARTESIAN_POINT('',(0.0132440548012794,0.0446328845415568,-4.33680868994202E-19));
#3756=CARTESIAN_POINT('',(0.0140338076078648,0.0439755734927159,-0.002032));
#3757=CARTESIAN_POINT('',(0.0140338076078648,0.0439755734927159,0.));
#3758=CARTESIAN_POINT('',(0.0150852994560287,0.0427998340044667,-0.002032));
#3759=CARTESIAN_POINT('',(0.0150852994560287,0.0427998340044667,0.));
#3760=CARTESIAN_POINT('',(0.0159992196892253,0.040956932864791,-0.002032));
#3761=CARTESIAN_POINT('',(0.0159992196892253,0.040956932864791,-8.67361737988404E-19));
#3762=CARTESIAN_POINT('',(0.0162466286804816,0.0389838162954502,-0.002032));
#3763=CARTESIAN_POINT('',(0.0162466286804816,0.0389838162954502,0.));
#3764=CARTESIAN_POINT('',(0.0161681950051512,0.037866373234693,-0.002032));
#3765=CARTESIAN_POINT('',(0.0161681950051512,0.037866373234693,0.));
#3766=CARTESIAN_POINT('',(0.0160140580280361,0.0370913256102486,-0.002032));
#3767=CARTESIAN_POINT('',(0.0160140580280361,0.0370913256102486,4.33680868994202E-19));
#3768=CARTESIAN_POINT('',(0.0158360444520375,0.0364455665397711,-0.002032));
#3769=CARTESIAN_POINT('',(0.0158360444520375,0.0364455665397711,-8.67361737988404E-19));
#3770=CARTESIAN_POINT('',(0.0156105120059573,0.0358656569443017,-0.002032));
#3771=CARTESIAN_POINT('',(0.0156105120059573,0.0358656569443017,1.30104260698261E-18));
#3772=CARTESIAN_POINT('',(0.0153849042241973,0.0354066701701072,-0.002032));
#3773=CARTESIAN_POINT('',(0.0153849042241973,0.0354066701701072,-8.67361737988404E-19));
#3774=CARTESIAN_POINT('',(0.0151957860891104,0.0350590070897993,-0.002032));
#3775=CARTESIAN_POINT('',(0.0151957860891104,0.0350590070897993,8.67361737988404E-19));
#3776=CARTESIAN_POINT('',(0.0149376663108532,0.0346451698367116,-0.002032));
#3777=CARTESIAN_POINT('',(0.0149376663108532,0.0346451698367116,-8.67361737988404E-19));
#3778=CARTESIAN_POINT('',(0.0146826392656775,0.0342923377684659,-0.002032));
#3779=CARTESIAN_POINT('',(0.0146826392656775,0.0342923377684659,1.30104260698261E-18));
#3780=CARTESIAN_POINT('',(0.0143582212854301,0.0338861466068247,-0.002032));
#3781=CARTESIAN_POINT('',(0.0143582212854301,0.0338861466068247,-4.33680868994202E-19));
#3782=CARTESIAN_POINT('',(0.0139121624733189,0.0334006146299221,-0.002032));
#3783=CARTESIAN_POINT('',(0.0139121624733189,0.0334006146299221,0.));
#3784=CARTESIAN_POINT('',(0.0134339865835323,0.0329566683299855,-0.002032));
#3785=CARTESIAN_POINT('',(0.0134339865835323,0.0329566683299855,0.));
#3786=CARTESIAN_POINT('',(0.0130059853062429,0.0325949081731106,-0.002032));
#3787=CARTESIAN_POINT('',(0.0130059853062429,0.0325949081731106,0.));
#3788=CARTESIAN_POINT('',(0.012766074281468,0.0324009304331059,-0.002032));
#3789=CARTESIAN_POINT('',(0.012766074281468,0.0324009304331059,0.));
#3790=CARTESIAN_POINT('',(0.0126550338561428,0.0323116881907291,-0.002032));
#3791=CARTESIAN_POINT('',(0.0126550338561428,0.0323116881907291,0.));
#3792=CARTESIAN_POINT('',(0.0126550338561424,0.0323116881907288,-0.002032));
#3793=CARTESIAN_POINT('',(0.0042034355207014,0.0328251920938689,-0.002032));
#3794=CARTESIAN_POINT('',(0.0125110467921432,0.0311899728092346,-0.002032));
#3795=CARTESIAN_POINT('',(0.0125110467921434,0.0311899728092347,-0.002032));
#3796=CARTESIAN_POINT('',(0.0125110467921434,0.0311899728092347,-4.33680868994202E-19));
#3797=CARTESIAN_POINT('',(0.0129434072957875,0.0304675912894819,-0.002032));
#3798=CARTESIAN_POINT('',(0.0129434072957875,0.0304675912894819,-4.33680868994202E-19));
#3799=CARTESIAN_POINT('',(0.0141318778892068,0.0286996105344833,-0.002032));
#3800=CARTESIAN_POINT('',(0.0141318778892068,0.0286996105344833,-8.67361737988404E-19));
#3801=CARTESIAN_POINT('',(0.0159883466354147,0.0264355734901439,-0.002032));
#3802=CARTESIAN_POINT('',(0.0159883466354147,0.0264355734901439,4.33680868994202E-19));
#3803=CARTESIAN_POINT('',(0.0174063821203492,0.0249647086093582,-0.002032));
#3804=CARTESIAN_POINT('',(0.0174063821203492,0.0249647086093582,-8.67361737988404E-19));
#3805=CARTESIAN_POINT('',(0.018322752390197,0.0241371762408766,-0.002032));
#3806=CARTESIAN_POINT('',(0.018322752390197,0.0241371762408766,-1.30104260698261E-18));
#3807=CARTESIAN_POINT('',(0.0188532612249691,0.0237646591425475,-0.002032));
#3808=CARTESIAN_POINT('',(0.0188532612249691,0.0237646591425475,0.));
#3809=CARTESIAN_POINT('',(0.0189060316266335,0.0237392359475659,-0.002032));
#3810=CARTESIAN_POINT('',(0.0189060316266335,0.0237392359475659,-8.67361737988404E-19));
#3811=CARTESIAN_POINT('',(0.018921605869874,0.0237313400293467,-0.002032));
#3812=CARTESIAN_POINT('',(0.018921605869874,0.0237313400293467,8.67361737988404E-19));
#3813=CARTESIAN_POINT('',(0.0189562676885744,0.0237176821213509,-0.002032));
#3814=CARTESIAN_POINT('',(0.0189562676885744,0.0237176821213509,-1.30104260698261E-18));
#3815=CARTESIAN_POINT('',(0.0190440474114623,0.023689907876487,-0.002032));
#3816=CARTESIAN_POINT('',(0.0190440474114623,0.023689907876487,4.33680868994202E-19));
#3817=CARTESIAN_POINT('',(0.0192412375543571,0.0236391115550097,-0.002032));
#3818=CARTESIAN_POINT('',(0.0192412375543571,0.0236391115550097,-4.33680868994202E-19));
#3819=CARTESIAN_POINT('',(0.0196049055265976,0.0235541678548875,-0.002032));
#3820=CARTESIAN_POINT('',(0.0196049055265976,0.0235541678548875,4.33680868994202E-19));
#3821=CARTESIAN_POINT('',(0.0201468451463324,0.0234232056153431,-0.002032));
#3822=CARTESIAN_POINT('',(0.0201468451463324,0.0234232056153431,-4.33680868994202E-19));
#3823=CARTESIAN_POINT('',(0.0208298863187856,0.0232057269883256,-0.002032));
#3824=CARTESIAN_POINT('',(0.0208298863187856,0.0232057269883256,-4.33680868994202E-19));
#3825=CARTESIAN_POINT('',(0.0214726547103933,0.0229565873338711,-0.002032));
#3826=CARTESIAN_POINT('',(0.0214726547103933,0.0229565873338711,-4.33680868994202E-19));
#3827=CARTESIAN_POINT('',(0.022353855276563,0.0225100479015026,-0.002032));
#3828=CARTESIAN_POINT('',(0.022353855276563,0.0225100479015026,-8.67361737988404E-19));
#3829=CARTESIAN_POINT('',(0.0233631274577734,0.0218101803721509,-0.002032));
#3830=CARTESIAN_POINT('',(0.0233631274577734,0.0218101803721509,4.33680868994202E-19));
#3831=CARTESIAN_POINT('',(0.0244574765812692,0.0207147105048032,-0.002032));
#3832=CARTESIAN_POINT('',(0.0244574765812692,0.0207147105048032,-4.33680868994202E-19));
#3833=CARTESIAN_POINT('',(0.0253827984442835,0.019240996063889,-0.002032));
#3834=CARTESIAN_POINT('',(0.0253827984442835,0.019240996063889,4.33680868994202E-19));
#3835=CARTESIAN_POINT('',(0.0259212708697278,0.0176299601588859,-0.002032));
#3836=CARTESIAN_POINT('',(0.0259212708697278,0.0176299601588859,-4.33680868994202E-19));
#3837=CARTESIAN_POINT('',(0.026081034691763,0.0162406852936101,-0.002032));
#3838=CARTESIAN_POINT('',(0.026081034691763,0.0162406852936101,4.33680868994202E-19));
#3839=CARTESIAN_POINT('',(0.0260410201361301,0.0151494796229588,-0.002032));
#3840=CARTESIAN_POINT('',(0.0260410201361301,0.0151494796229588,-8.67361737988404E-19));
#3841=CARTESIAN_POINT('',(0.0258450785402734,0.0139193816499247,-0.002032));
#3842=CARTESIAN_POINT('',(0.0258450785402734,0.0139193816499247,-4.33680868994202E-19));
#3843=CARTESIAN_POINT('',(0.0254834750152063,0.0127957838710627,-0.002032));
#3844=CARTESIAN_POINT('',(0.0254834750152063,0.0127957838710627,0.));
#3845=CARTESIAN_POINT('',(0.0249770046981461,0.0117012205972166,-0.002032));
#3846=CARTESIAN_POINT('',(0.0249770046981461,0.0117012205972166,0.));
#3847=CARTESIAN_POINT('',(0.0244205531634378,0.0107675901176355,-0.002032));
#3848=CARTESIAN_POINT('',(0.0244205531634378,0.0107675901176355,0.));
#3849=CARTESIAN_POINT('',(0.0235883891001186,0.00961672289171777,-0.002032));
#3850=CARTESIAN_POINT('',(0.0235883891001186,0.00961672289171777,-4.33680868994202E-19));
#3851=CARTESIAN_POINT('',(0.0228571262894658,0.00883072702522836,-0.002032));
#3852=CARTESIAN_POINT('',(0.0228571262894658,0.00883072702522836,0.));
#3853=CARTESIAN_POINT('',(0.0222841110077878,0.00832164194951443,-0.002032));
#3854=CARTESIAN_POINT('',(0.0222841110077878,0.00832164194951443,0.));
#3855=CARTESIAN_POINT('',(0.0222841110077878,0.00832164194951439,-0.002032));
#3856=CARTESIAN_POINT('',(0.0222841110077877,0.00832164194951419,-0.002032));
#3857=CARTESIAN_POINT('',(0.0222841110077877,0.00832164194951419,8.67361737988404E-19));
#3858=CARTESIAN_POINT('',(0.0227424821582132,0.0080263975171596,-0.002032));
#3859=CARTESIAN_POINT('',(0.0227424821582132,0.0080263975171596,8.67361737988404E-19));
#3860=CARTESIAN_POINT('',(0.0238175951245402,0.00741161669971287,-0.002032));
#3861=CARTESIAN_POINT('',(0.0238175951245402,0.00741161669971287,8.67361737988404E-19));
#3862=CARTESIAN_POINT('',(0.025788780842964,0.00644688711466674,-0.002032));
#3863=CARTESIAN_POINT('',(0.025788780842964,0.00644688711466674,8.67361737988404E-19));
#3864=CARTESIAN_POINT('',(0.0280388151961573,0.0053829599095361,-0.002032));
#3865=CARTESIAN_POINT('',(0.0280388151961573,0.0053829599095361,1.30104260698261E-18));
#3866=CARTESIAN_POINT('',(0.030545678062255,0.00403006173646539,-0.002032));
#3867=CARTESIAN_POINT('',(0.030545678062255,0.00403006173646539,4.33680868994202E-19));
#3868=CARTESIAN_POINT('',(0.0328435759958769,0.00235749519510122,-0.002032));
#3869=CARTESIAN_POINT('',(0.0328435759958769,0.00235749519510122,1.30104260698261E-18));
#3870=CARTESIAN_POINT('',(0.0346931573687578,0.000177953874522742,-0.002032));
#3871=CARTESIAN_POINT('',(0.0346931573687578,0.000177953874522742,4.33680868994202E-19));
#3872=CARTESIAN_POINT('',(0.0358172471475743,-0.00188162872797471,-0.002032));
#3873=CARTESIAN_POINT('',(0.0358172471475743,-0.00188162872797471,8.67361737988404E-19));
#3874=CARTESIAN_POINT('',(0.0364961020531349,-0.00428032003977624,-0.002032));
#3875=CARTESIAN_POINT('',(0.0364961020531349,-0.00428032003977624,4.33680868994202E-19));
#3876=CARTESIAN_POINT('',(0.0365480630641047,-0.00701790337870759,-0.002032));
#3877=CARTESIAN_POINT('',(0.0365480630641047,-0.00701790337870759,8.67361737988404E-19));
#3878=CARTESIAN_POINT('',(0.0357612963093111,-0.00983629994373837,-0.002032));
#3879=CARTESIAN_POINT('',(0.0357612963093111,-0.00983629994373837,8.67361737988404E-19));
#3880=CARTESIAN_POINT('',(0.0346609645031479,-0.0115039132752071,-0.002032));
#3881=CARTESIAN_POINT('',(0.0346609645031479,-0.0115039132752071,8.67361737988404E-19));
#3882=CARTESIAN_POINT('',(0.0340498473003457,-0.0122012737890225,-0.002032));
#3883=CARTESIAN_POINT('',(0.0340498473003457,-0.0122012737890225,8.67361737988404E-19));
#3884=MECHANICAL_DESIGN_GEOMETRIC_PRESENTATION_REPRESENTATION('',(#427),
#3885);
#3885=(
GEOMETRIC_REPRESENTATION_CONTEXT(3)
GLOBAL_UNCERTAINTY_ASSIGNED_CONTEXT((#3886))
GLOBAL_UNIT_ASSIGNED_CONTEXT((#3889,#3888,#3887))
REPRESENTATION_CONTEXT('Part 1','TOP_LEVEL_ASSEMBLY_PART')
);
#3886=UNCERTAINTY_MEASURE_WITH_UNIT(LENGTH_MEASURE(2.E-5),#3889,
'DISTANCE_ACCURACY_VALUE','Maximum Tolerance applied to model');
#3887=(
NAMED_UNIT(*)
SI_UNIT($,.STERADIAN.)
SOLID_ANGLE_UNIT()
);
#3888=(
NAMED_UNIT(*)
PLANE_ANGLE_UNIT()
SI_UNIT($,.RADIAN.)
);
#3889=(
LENGTH_UNIT()
NAMED_UNIT(*)
SI_UNIT($,.METRE.)
);
#3890=PRODUCT_DEFINITION_SHAPE('','',#3891);
#3891=PRODUCT_DEFINITION('','',#3893,#3892);
#3892=PRODUCT_DEFINITION_CONTEXT('',#3899,'design');
#3893=PRODUCT_DEFINITION_FORMATION_WITH_SPECIFIED_SOURCE('','',#3895,
 .NOT_KNOWN.);
#3894=PRODUCT_RELATED_PRODUCT_CATEGORY('','',(#3895));
#3895=PRODUCT('Part 1','Part 1','Part 1',(#3897));
#3896=PRODUCT_CATEGORY('','');
#3897=PRODUCT_CONTEXT('',#3899,'mechanical');
#3898=APPLICATION_PROTOCOL_DEFINITION('international standard',
'ap242_managed_model_based_3d_engineering',2011,#3899);
#3899=APPLICATION_CONTEXT('managed model based 3d engineering');
ENDSEC;
END-ISO-10303-21;
