ISO-10303-21;
HEADER;
/* Generated by software containing ST-Developer
 * from STEP Tools, Inc. (www.steptools.com) 
 */
/* OPTION: using custom renumber hook */

FILE_DESCRIPTION(
/* description */ ('STEP AP242 Edition 2',
'CAx-IF Rec.Pracs.---Representation and Presentation of Product Manufa
cturing Information (PMI)---4.0---2014-10-13',
'CAx-IF Rec.Pracs.---3D Tessellated Geometry---0.4---2014-09-14','2;1',
'CAx-IF Rec.Pracs.---User Defined Attributes---1.5---2016-08-15'),
/* implementation_level */ '2;1');

FILE_NAME(
/* name */ '6925b7c85bb84654850f0b62',
/* time_stamp */ '2025-11-25T14:06:01Z',
/* author */ (''),
/* organization */ (''),
/* preprocessor_version */ 'ST-DEVELOPER v20',
/* originating_system */ 'ONSHAPE BY PTC INC, 1.207',
/* authorisation */ '  ');

FILE_SCHEMA (('AP242_MANAGED_MODEL_BASED_3D_ENGINEERING_MIM_LF { 1 0 10303 442 3 1 4 }'));
ENDSEC;

DATA;
#10=SHAPE_REPRESENTATION_RELATIONSHIP('','',#130,#11);
#11=ADVANCED_BREP_SHAPE_REPRESENTATION('',(#128),#1564);
#12=LINE('',#1196,#15);
#13=LINE('',#1304,#16);
#14=LINE('',#1405,#17);
#15=VECTOR('',#141,1.);
#16=VECTOR('',#142,1.);
#17=VECTOR('',#143,1.);
#18=PLANE('',#132);
#19=PLANE('',#133);
#20=PLANE('',#134);
#21=ORIENTED_EDGE('',*,*,#47,.T.);
#22=ORIENTED_EDGE('',*,*,#48,.F.);
#23=ORIENTED_EDGE('',*,*,#49,.T.);
#24=ORIENTED_EDGE('',*,*,#50,.F.);
#25=ORIENTED_EDGE('',*,*,#48,.T.);
#26=ORIENTED_EDGE('',*,*,#49,.F.);
#27=ORIENTED_EDGE('',*,*,#51,.T.);
#28=ORIENTED_EDGE('',*,*,#52,.T.);
#29=ORIENTED_EDGE('',*,*,#53,.T.);
#30=ORIENTED_EDGE('',*,*,#47,.F.);
#31=ORIENTED_EDGE('',*,*,#51,.F.);
#32=ORIENTED_EDGE('',*,*,#54,.F.);
#33=ORIENTED_EDGE('',*,*,#55,.T.);
#34=ORIENTED_EDGE('',*,*,#56,.T.);
#35=ORIENTED_EDGE('',*,*,#52,.F.);
#36=ORIENTED_EDGE('',*,*,#56,.F.);
#37=ORIENTED_EDGE('',*,*,#57,.T.);
#38=ORIENTED_EDGE('',*,*,#58,.T.);
#39=ORIENTED_EDGE('',*,*,#53,.F.);
#40=ORIENTED_EDGE('',*,*,#58,.F.);
#41=ORIENTED_EDGE('',*,*,#59,.T.);
#42=ORIENTED_EDGE('',*,*,#54,.T.);
#43=ORIENTED_EDGE('',*,*,#55,.F.);
#44=ORIENTED_EDGE('',*,*,#59,.F.);
#45=ORIENTED_EDGE('',*,*,#57,.F.);
#46=ORIENTED_EDGE('',*,*,#50,.T.);
#47=EDGE_CURVE('',#60,#60,#70,.T.);
#48=EDGE_CURVE('',#61,#61,#71,.T.);
#49=EDGE_CURVE('',#62,#62,#72,.T.);
#50=EDGE_CURVE('',#63,#63,#73,.T.);
#51=EDGE_CURVE('',#64,#65,#74,.T.);
#52=EDGE_CURVE('',#65,#66,#75,.T.);
#53=EDGE_CURVE('',#66,#64,#76,.T.);
#54=EDGE_CURVE('',#67,#64,#12,.T.);
#55=EDGE_CURVE('',#67,#68,#77,.T.);
#56=EDGE_CURVE('',#68,#65,#13,.T.);
#57=EDGE_CURVE('',#68,#69,#78,.T.);
#58=EDGE_CURVE('',#69,#66,#14,.T.);
#59=EDGE_CURVE('',#69,#67,#79,.T.);
#60=VERTEX_POINT('',#630);
#61=VERTEX_POINT('',#792);
#62=VERTEX_POINT('',#847);
#63=VERTEX_POINT('',#866);
#64=VERTEX_POINT('',#974);
#65=VERTEX_POINT('',#975);
#66=VERTEX_POINT('',#1023);
#67=VERTEX_POINT('',#1197);
#68=VERTEX_POINT('',#1303);
#69=VERTEX_POINT('',#1404);
#70=B_SPLINE_CURVE_WITH_KNOTS('',3,(#469,#470,#471,#472,#473,#474,#475,
#476,#477,#478,#479,#480,#481,#482,#483,#484,#485,#486,#487,#488,#489,#490,
#491,#492,#493,#494,#495,#496,#497,#498,#499,#500,#501,#502,#503,#504,#505,
#506,#507,#508,#509,#510,#511,#512,#513,#514,#515,#516,#517,#518,#519,#520,
#521,#522,#523,#524,#525,#526,#527,#528,#529,#530,#531,#532,#533,#534,#535,
#536,#537,#538,#539,#540,#541,#542,#543,#544,#545,#546,#547,#548,#549,#550,
#551,#552,#553,#554,#555,#556,#557,#558,#559,#560,#561,#562,#563,#564,#565,
#566,#567,#568,#569,#570,#571,#572,#573,#574,#575,#576,#577,#578,#579,#580,
#581,#582,#583,#584,#585,#586,#587,#588,#589,#590,#591,#592,#593,#594,#595,
#596,#597,#598,#599,#600,#601,#602,#603,#604,#605,#606,#607,#608,#609,#610,
#611,#612,#613,#614,#615,#616,#617,#618,#619,#620,#621,#622,#623,#624,#625,
#626,#627,#628,#629),.UNSPECIFIED.,.T.,.F.,(1,1,1,1,1,1,1,1,1,1,1,1,1,1,
1,1,1,1,1,1,1,1,1,1,1,1,1,1,1,1,1,1,1,1,1,1,1,1,1,1,1,1,1,1,1,1,1,1,1,1,
1,1,1,1,1,1,1,1,1,1,1,1,1,1,1,1,1,1,1,1,1,1,1,1,1,1,1,1,1,1,1,1,1,1,1,1,
1,1,1,1,1,1,1,1,1,1,1,1,1,1,1,1,1,1,1,1,1,1,1,1,1,1,1,1,1,1,1,1,1,1,1,1,
1,1,1,1,1,1,1,1,1,1,1,1,1,1,1,1,1,1,1,1,1,1,1,1,1,1,1,1,1,1,1,1,1,1,1,1,
1,1,1,1,1,1,1),(-0.005859375,-0.00390625,-0.001953125,0.,0.001953125,0.00390625,
0.0078125,0.01171875,0.015625,0.01953125,0.0234375,0.03125,0.0390625,0.046875,
0.0546875,0.0625,0.078125,0.09375,0.109375,0.1171875,0.125,0.140625,0.15625,
0.171875,0.1796875,0.1875,0.1953125,0.203125,0.20703125,0.2109375,0.21484375,
0.216796875,0.21875,0.2265625,0.234375,0.2421875,0.25,0.2578125,0.26171875,
0.265625,0.267578125,0.26953125,0.2734375,0.27734375,0.28125,0.2890625,
0.296875,0.3046875,0.3125,0.3203125,0.328125,0.3359375,0.33984375,0.34375,
0.34765625,0.3515625,0.359375,0.3671875,0.37109375,0.375,0.37890625,0.3828125,
0.38671875,0.388671875,0.390625,0.39453125,0.3984375,0.40234375,0.40625,
0.4140625,0.421875,0.42578125,0.4296875,0.43359375,0.4375,0.4453125,0.453125,
0.46875,0.4765625,0.484375,0.48828125,0.4921875,0.5,0.5078125,0.515625,
0.5234375,0.52734375,0.53125,0.533203125,0.53515625,0.5390625,0.54296875,
0.546875,0.5546875,0.5625,0.5703125,0.578125,0.5859375,0.58984375,0.59375,
0.6015625,0.609375,0.6171875,0.625,0.6328125,0.640625,0.64453125,0.6484375,
0.65234375,0.65625,0.66015625,0.6640625,0.66796875,0.671875,0.6796875,0.6875,
0.69140625,0.6953125,0.69921875,0.701171875,0.703125,0.70703125,0.7109375,
0.71484375,0.71875,0.7265625,0.734375,0.7421875,0.75,0.7578125,0.765625,
0.7734375,0.78125,0.796875,0.8125,0.828125,0.84375,0.859375,0.8671875,0.875,
0.8828125,0.890625,0.90625,0.921875,0.9296875,0.9375,0.9453125,0.953125,
0.9609375,0.96484375,0.96875,0.97265625,0.9765625,0.98046875,0.984375,0.98828125,
0.990234375,0.9921875,0.994140625,0.99609375,0.998046875,1.,1.001953125,
1.00390625,1.0078125),.UNSPECIFIED.);
#71=B_SPLINE_CURVE_WITH_KNOTS('',3,(#631,#632,#633,#634,#635,#636,#637,
#638,#639,#640,#641,#642,#643,#644,#645,#646,#647,#648,#649,#650,#651,#652,
#653,#654,#655,#656,#657,#658,#659,#660,#661,#662,#663,#664,#665,#666,#667,
#668,#669,#670,#671,#672,#673,#674,#675,#676,#677,#678,#679,#680,#681,#682,
#683,#684,#685,#686,#687,#688,#689,#690,#691,#692,#693,#694,#695,#696,#697,
#698,#699,#700,#701,#702,#703,#704,#705,#706,#707,#708,#709,#710,#711,#712,
#713,#714,#715,#716,#717,#718,#719,#720,#721,#722,#723,#724,#725,#726,#727,
#728,#729,#730,#731,#732,#733,#734,#735,#736,#737,#738,#739,#740,#741,#742,
#743,#744,#745,#746,#747,#748,#749,#750,#751,#752,#753,#754,#755,#756,#757,
#758,#759,#760,#761,#762,#763,#764,#765,#766,#767,#768,#769,#770,#771,#772,
#773,#774,#775,#776,#777,#778,#779,#780,#781,#782,#783,#784,#785,#786,#787,
#788,#789,#790,#791),.UNSPECIFIED.,.T.,.F.,(1,1,1,1,1,1,1,1,1,1,1,1,1,1,
1,1,1,1,1,1,1,1,1,1,1,1,1,1,1,1,1,1,1,1,1,1,1,1,1,1,1,1,1,1,1,1,1,1,1,1,
1,1,1,1,1,1,1,1,1,1,1,1,1,1,1,1,1,1,1,1,1,1,1,1,1,1,1,1,1,1,1,1,1,1,1,1,
1,1,1,1,1,1,1,1,1,1,1,1,1,1,1,1,1,1,1,1,1,1,1,1,1,1,1,1,1,1,1,1,1,1,1,1,
1,1,1,1,1,1,1,1,1,1,1,1,1,1,1,1,1,1,1,1,1,1,1,1,1,1,1,1,1,1,1,1,1,1,1,1,
1,1,1,1,1,1,1),(-0.005859375,-0.00390625,-0.001953125,0.,0.001953125,0.00390625,
0.0078125,0.01171875,0.015625,0.01953125,0.0234375,0.03125,0.0390625,0.046875,
0.0546875,0.0625,0.078125,0.09375,0.109375,0.1171875,0.125,0.140625,0.15625,
0.171875,0.1796875,0.1875,0.1953125,0.203125,0.20703125,0.2109375,0.21484375,
0.216796875,0.21875,0.2265625,0.234375,0.2421875,0.25,0.2578125,0.26171875,
0.265625,0.267578125,0.26953125,0.2734375,0.27734375,0.28125,0.2890625,
0.296875,0.3046875,0.3125,0.3203125,0.328125,0.3359375,0.33984375,0.34375,
0.34765625,0.3515625,0.359375,0.3671875,0.37109375,0.375,0.37890625,0.3828125,
0.38671875,0.388671875,0.390625,0.39453125,0.3984375,0.40234375,0.40625,
0.4140625,0.421875,0.42578125,0.4296875,0.43359375,0.4375,0.4453125,0.453125,
0.46875,0.4765625,0.484375,0.48828125,0.4921875,0.5,0.5078125,0.515625,
0.5234375,0.52734375,0.53125,0.533203125,0.53515625,0.5390625,0.54296875,
0.546875,0.5546875,0.5625,0.5703125,0.578125,0.5859375,0.58984375,0.59375,
0.6015625,0.609375,0.6171875,0.625,0.6328125,0.640625,0.64453125,0.6484375,
0.65234375,0.65625,0.66015625,0.6640625,0.66796875,0.671875,0.6796875,0.6875,
0.69140625,0.6953125,0.69921875,0.701171875,0.703125,0.70703125,0.7109375,
0.71484375,0.71875,0.7265625,0.734375,0.7421875,0.75,0.7578125,0.765625,
0.7734375,0.78125,0.796875,0.8125,0.828125,0.84375,0.859375,0.8671875,0.875,
0.8828125,0.890625,0.90625,0.921875,0.9296875,0.9375,0.9453125,0.953125,
0.9609375,0.96484375,0.96875,0.97265625,0.9765625,0.98046875,0.984375,0.98828125,
0.990234375,0.9921875,0.994140625,0.99609375,0.998046875,1.,1.001953125,
1.00390625,1.0078125),.UNSPECIFIED.);
#72=B_SPLINE_CURVE_WITH_KNOTS('',3,(#829,#830,#831,#832,#833,#834,#835,
#836,#837,#838,#839,#840,#841,#842,#843,#844,#845,#846),.UNSPECIFIED.,.T.,
 .F.,(1,1,1,1,1,1,1,1,1,1,1,1,1,1,1,1,1,1,1,1,1,1),(-0.229540727759092,
-0.132487072201627,-0.0335479455774158,0.,0.111723745730277,0.215926888994102,
0.266661837008638,0.343123702747814,0.38823415696498,0.428376652087821,
0.485775243556407,0.53414948176101,0.587739849030127,0.657883722526927,
0.702315630952784,0.770459272240908,0.867512927798373,0.966452054422584,
1.,1.11172374573028,1.2159268889941,1.26666183700864),.UNSPECIFIED.);
#73=B_SPLINE_CURVE_WITH_KNOTS('',3,(#848,#849,#850,#851,#852,#853,#854,
#855,#856,#857,#858,#859,#860,#861,#862,#863,#864,#865),.UNSPECIFIED.,.T.,
 .F.,(1,1,1,1,1,1,1,1,1,1,1,1,1,1,1,1,1,1,1,1,1,1),(-0.229540727759092,
-0.132487072201627,-0.0335479455774158,0.,0.111723745730277,0.215926888994102,
0.266661837008638,0.343123702747814,0.38823415696498,0.428376652087821,
0.485775243556407,0.53414948176101,0.587739849030127,0.657883722526927,
0.702315630952784,0.770459272240908,0.867512927798373,0.966452054422584,
1.,1.11172374573028,1.2159268889941,1.26666183700864),.UNSPECIFIED.);
#74=B_SPLINE_CURVE_WITH_KNOTS('',3,(#869,#870,#871,#872,#873,#874,#875,
#876,#877,#878,#879,#880,#881,#882,#883,#884,#885,#886,#887,#888,#889,#890,
#891,#892,#893,#894,#895,#896,#897,#898,#899,#900,#901,#902,#903,#904,#905,
#906,#907,#908,#909,#910,#911,#912,#913,#914,#915,#916,#917,#918,#919,#920,
#921,#922,#923,#924,#925,#926,#927,#928,#929,#930,#931,#932,#933,#934,#935,
#936,#937,#938,#939,#940,#941,#942,#943,#944,#945,#946,#947,#948,#949,#950,
#951,#952,#953,#954,#955,#956,#957,#958,#959,#960,#961,#962,#963,#964,#965,
#966,#967,#968,#969,#970,#971,#972,#973),.UNSPECIFIED.,.F.,.F.,(4,1,1,1,
1,1,1,1,1,1,1,1,1,1,1,1,1,1,1,1,1,1,1,1,1,1,1,1,1,1,1,1,1,1,1,1,1,1,1,1,
1,1,1,1,1,1,1,1,1,1,1,1,1,1,1,1,1,1,1,1,1,1,1,1,1,1,1,1,1,1,1,1,1,1,1,1,
1,1,1,1,1,1,1,1,1,1,1,1,1,1,1,1,1,1,1,1,1,1,1,1,1,1,4),(0.274120102663419,
0.279614502365387,0.285108902067354,0.296097701471289,0.307086500875223,
0.318075300279158,0.329064099683093,0.33455849938506,0.340052899087028,
0.342800098938011,0.345547298788995,0.351041698490963,0.35653609819293,
0.362030497894897,0.364777697745881,0.366151297671373,0.367524897596865,
0.370272097447849,0.371645697373341,0.373019297298833,0.374392897224324,
0.375766497149816,0.377140097075308,0.3785136970008,0.379887296926291,0.381260896851783,
0.382634496777275,0.384008096702767,0.385381696628259,0.386068496591005,
0.386755296553751,0.387442096516497,0.388128896479242,0.388815696441988,
0.389502496404734,0.390876096330227,0.392249696255718,0.39362329618121,
0.394996896106702,0.397744095957686,0.399117695883177,0.400491295808669,
0.401864895734161,0.403238495659653,0.405985695510636,0.407359295436129,
0.40873289536162,0.411480095212604,0.414227295063588,0.416974494914571,
0.422468894616538,0.425216094467523,0.427963294318506,0.43071049416949,
0.433457694020474,0.436204893871457,0.438952093722441,0.444446493424409,
0.449940893126376,0.455435292828343,0.46092969253031,0.466424092232278,
0.471918491934245,0.477412891636213,0.48290729133818,0.488401691040147,
0.493896090742115,0.499390490444082,0.504884890146049,0.510379289848017,
0.513126489699,0.515873689549984,0.518620889400968,0.521368089251951,0.524115289102935,
0.526862488953919,0.529609688804903,0.532356888655886,0.533730488581378,
0.53510408850687,0.536477688432362,0.537851288357854,0.540598488208837,
0.543345688059821,0.546092887910805,0.548840087761789,0.551587287612772,
0.554334487463756,0.55708168731474,0.559828887165723,0.562576087016707,
0.565323286867691,0.570817686569658,0.576312086271625,0.581806485973593,
0.584553685824577,0.58730088567556,0.590048085526544,0.592795285377528,
0.598289685079495,0.603784084781462,0.614772884185397,0.625761683589332),
 .UNSPECIFIED.);
#75=B_SPLINE_CURVE_WITH_KNOTS('',3,(#976,#977,#978,#979,#980,#981,#982,
#983,#984,#985,#986,#987,#988,#989,#990,#991,#992,#993,#994,#995,#996,#997,
#998,#999,#1000,#1001,#1002,#1003,#1004,#1005,#1006,#1007,#1008,#1009,#1010,
#1011,#1012,#1013,#1014,#1015,#1016,#1017,#1018,#1019,#1020,#1021,#1022),
 .UNSPECIFIED.,.F.,.F.,(4,1,1,1,1,1,1,1,1,1,1,1,1,1,1,1,1,1,1,1,1,1,1,1,
1,1,1,1,1,1,1,1,1,1,1,1,1,1,1,1,1,1,1,1,4),(0.689956424831315,0.692099863195747,
0.694243301560178,0.69638673992461,0.698530178289042,0.699601897471257,
0.700673616653473,0.701745335835689,0.702817055017905,0.703888774200121,
0.704960493382336,0.707103931746768,0.709247370111199,0.711390808475631,
0.715677685204494,0.719964561933357,0.72425143866222,0.728538315391083,
0.732825192119947,0.73711206884881,0.741398945577673,0.749972699035399,
0.758546452493125,0.762833329221988,0.767120205950852,0.771407082679715,
0.775693959408578,0.784267712866304,0.79284146632403,0.809988973239483,
0.827136480154936,0.844283987070388,0.852857740528115,0.861431493985841,
0.870005247443567,0.878579000901293,0.88715275435902,0.895726507816746,
0.912874014732198,0.930021521647651,0.938595275105377,0.947169028563103,
0.95574278202083,0.960029658749693,0.964316535478556),.UNSPECIFIED.);
#76=B_SPLINE_CURVE_WITH_KNOTS('',3,(#1024,#1025,#1026,#1027,#1028,#1029,
#1030,#1031,#1032,#1033,#1034,#1035,#1036,#1037,#1038,#1039,#1040,#1041,
#1042,#1043,#1044,#1045,#1046,#1047,#1048,#1049,#1050,#1051,#1052,#1053,
#1054,#1055,#1056,#1057,#1058,#1059,#1060,#1061,#1062,#1063,#1064,#1065,
#1066,#1067,#1068,#1069,#1070,#1071,#1072,#1073,#1074,#1075,#1076,#1077,
#1078,#1079,#1080,#1081,#1082,#1083,#1084,#1085,#1086,#1087,#1088,#1089,
#1090,#1091,#1092,#1093,#1094,#1095,#1096,#1097,#1098,#1099,#1100,#1101,
#1102,#1103),.UNSPECIFIED.,.F.,.F.,(4,1,1,1,1,1,1,1,1,1,1,1,1,1,1,1,1,1,
1,1,1,1,1,1,1,1,1,1,1,1,1,1,1,1,1,1,1,1,1,1,1,1,1,1,1,1,1,1,1,1,1,1,1,1,
1,1,1,1,1,1,1,1,1,1,1,1,1,1,1,1,1,1,1,1,1,1,1,4),(0.964316535478556,0.96877389137525,
0.971002569323597,0.973231247271944,0.975459925220291,0.977688603168638,
0.979917281116985,0.981031620091158,0.982145959065332,0.983260298039505,
0.984374637013679,0.985488975987852,0.986603314962026,0.987717653936199,
0.988831992910373,0.989946331884547,0.99106067085872,0.991617840345807,
0.992175009832893,0.99273217931998,0.993289348807067,0.993846518294154,
0.994403687781241,0.995518026755414,0.996632365729587,0.997746704703761,
0.998303874190848,0.998861043677934,0.999975382652108,1.00108972162628,
1.00220406060045,1.00331839957463,1.0044327385488,1.00554707752298,1.00666141649715,
1.00777575547132,1.0088900944455,1.01111877239384,1.01223311136802,1.01334745034219,
1.01557612829054,1.01780480623888,1.02226216213558,1.02671951803227,1.03117687392897,
1.03563422982566,1.04454894161905,1.05346365341244,1.06237836520582,1.07129307699921,
1.0802077887926,1.08912250058599,1.09803721237938,1.10695192417276,1.11586663596615,
1.12478134775954,1.13369605955293,1.14261077134632,1.1515254831397,1.16044019493309,
1.16935490672648,1.17826961851987,1.18718433031326,1.19609904210664,1.20055639800334,
1.20501375390003,1.20947110979673,1.21392846569342,1.21615714364177,1.21838582159011,
1.22284317748681,1.2273005333835,1.2317578892802,1.23621524517689,1.24067260107358,
1.24290127902193,1.24512995697028,1.24958731286697),.UNSPECIFIED.);
#77=B_SPLINE_CURVE_WITH_KNOTS('',3,(#1198,#1199,#1200,#1201,#1202,#1203,
#1204,#1205,#1206,#1207,#1208,#1209,#1210,#1211,#1212,#1213,#1214,#1215,
#1216,#1217,#1218,#1219,#1220,#1221,#1222,#1223,#1224,#1225,#1226,#1227,
#1228,#1229,#1230,#1231,#1232,#1233,#1234,#1235,#1236,#1237,#1238,#1239,
#1240,#1241,#1242,#1243,#1244,#1245,#1246,#1247,#1248,#1249,#1250,#1251,
#1252,#1253,#1254,#1255,#1256,#1257,#1258,#1259,#1260,#1261,#1262,#1263,
#1264,#1265,#1266,#1267,#1268,#1269,#1270,#1271,#1272,#1273,#1274,#1275,
#1276,#1277,#1278,#1279,#1280,#1281,#1282,#1283,#1284,#1285,#1286,#1287,
#1288,#1289,#1290,#1291,#1292,#1293,#1294,#1295,#1296,#1297,#1298,#1299,
#1300,#1301,#1302),.UNSPECIFIED.,.F.,.F.,(4,1,1,1,1,1,1,1,1,1,1,1,1,1,1,
1,1,1,1,1,1,1,1,1,1,1,1,1,1,1,1,1,1,1,1,1,1,1,1,1,1,1,1,1,1,1,1,1,1,1,1,
1,1,1,1,1,1,1,1,1,1,1,1,1,1,1,1,1,1,1,1,1,1,1,1,1,1,1,1,1,1,1,1,1,1,1,1,
1,1,1,1,1,1,1,1,1,1,1,1,1,1,1,4),(0.274120102663419,0.279614502365387,0.285108902067354,
0.296097701471289,0.307086500875223,0.318075300279158,0.329064099683093,
0.33455849938506,0.340052899087028,0.342800098938011,0.345547298788995,
0.351041698490963,0.35653609819293,0.362030497894897,0.364777697745881,
0.366151297671373,0.367524897596865,0.370272097447849,0.371645697373341,
0.373019297298833,0.374392897224324,0.375766497149816,0.377140097075308,
0.3785136970008,0.379887296926291,0.381260896851783,0.382634496777275,0.384008096702767,
0.385381696628259,0.386068496591005,0.386755296553751,0.387442096516497,
0.388128896479242,0.388815696441988,0.389502496404734,0.390876096330227,
0.392249696255718,0.39362329618121,0.394996896106702,0.397744095957686,
0.399117695883177,0.400491295808669,0.401864895734161,0.403238495659653,
0.405985695510636,0.407359295436129,0.40873289536162,0.411480095212604,
0.414227295063588,0.416974494914571,0.422468894616538,0.425216094467523,
0.427963294318506,0.43071049416949,0.433457694020474,0.436204893871457,
0.438952093722441,0.444446493424409,0.449940893126376,0.455435292828343,
0.46092969253031,0.466424092232278,0.471918491934245,0.477412891636213,
0.48290729133818,0.488401691040147,0.493896090742115,0.499390490444082,
0.504884890146049,0.510379289848017,0.513126489699,0.515873689549984,0.518620889400968,
0.521368089251951,0.524115289102935,0.526862488953919,0.529609688804903,
0.532356888655886,0.533730488581378,0.53510408850687,0.536477688432362,
0.537851288357854,0.540598488208837,0.543345688059821,0.546092887910805,
0.548840087761789,0.551587287612772,0.554334487463756,0.55708168731474,
0.559828887165723,0.562576087016707,0.565323286867691,0.570817686569658,
0.576312086271625,0.581806485973593,0.584553685824577,0.58730088567556,
0.590048085526544,0.592795285377528,0.598289685079495,0.603784084781462,
0.614772884185397,0.625761683589332),.UNSPECIFIED.);
#78=B_SPLINE_CURVE_WITH_KNOTS('',3,(#1357,#1358,#1359,#1360,#1361,#1362,
#1363,#1364,#1365,#1366,#1367,#1368,#1369,#1370,#1371,#1372,#1373,#1374,
#1375,#1376,#1377,#1378,#1379,#1380,#1381,#1382,#1383,#1384,#1385,#1386,
#1387,#1388,#1389,#1390,#1391,#1392,#1393,#1394,#1395,#1396,#1397,#1398,
#1399,#1400,#1401,#1402,#1403),.UNSPECIFIED.,.F.,.F.,(4,1,1,1,1,1,1,1,1,
1,1,1,1,1,1,1,1,1,1,1,1,1,1,1,1,1,1,1,1,1,1,1,1,1,1,1,1,1,1,1,1,1,1,1,4),
(0.689956424831315,0.692099863195747,0.694243301560178,0.69638673992461,
0.698530178289042,0.699601897471257,0.700673616653473,0.701745335835689,
0.702817055017905,0.703888774200121,0.704960493382336,0.707103931746768,
0.709247370111199,0.711390808475631,0.715677685204494,0.719964561933357,
0.72425143866222,0.728538315391083,0.732825192119947,0.73711206884881,0.741398945577673,
0.749972699035399,0.758546452493125,0.762833329221988,0.767120205950852,
0.771407082679715,0.775693959408578,0.784267712866304,0.79284146632403,
0.809988973239483,0.827136480154936,0.844283987070388,0.852857740528115,
0.861431493985841,0.870005247443567,0.878579000901293,0.88715275435902,
0.895726507816746,0.912874014732198,0.930021521647651,0.938595275105377,
0.947169028563103,0.95574278202083,0.960029658749693,0.964316535478556),
 .UNSPECIFIED.);
#79=B_SPLINE_CURVE_WITH_KNOTS('',3,(#1482,#1483,#1484,#1485,#1486,#1487,
#1488,#1489,#1490,#1491,#1492,#1493,#1494,#1495,#1496,#1497,#1498,#1499,
#1500,#1501,#1502,#1503,#1504,#1505,#1506,#1507,#1508,#1509,#1510,#1511,
#1512,#1513,#1514,#1515,#1516,#1517,#1518,#1519,#1520,#1521,#1522,#1523,
#1524,#1525,#1526,#1527,#1528,#1529,#1530,#1531,#1532,#1533,#1534,#1535,
#1536,#1537,#1538,#1539,#1540,#1541,#1542,#1543,#1544,#1545,#1546,#1547,
#1548,#1549,#1550,#1551,#1552,#1553,#1554,#1555,#1556,#1557,#1558,#1559,
#1560,#1561),.UNSPECIFIED.,.F.,.F.,(4,1,1,1,1,1,1,1,1,1,1,1,1,1,1,1,1,1,
1,1,1,1,1,1,1,1,1,1,1,1,1,1,1,1,1,1,1,1,1,1,1,1,1,1,1,1,1,1,1,1,1,1,1,1,
1,1,1,1,1,1,1,1,1,1,1,1,1,1,1,1,1,1,1,1,1,1,1,4),(0.964316535478556,0.96877389137525,
0.971002569323597,0.973231247271944,0.975459925220291,0.977688603168638,
0.979917281116985,0.981031620091158,0.982145959065332,0.983260298039505,
0.984374637013679,0.985488975987852,0.986603314962026,0.987717653936199,
0.988831992910373,0.989946331884547,0.99106067085872,0.991617840345807,
0.992175009832893,0.99273217931998,0.993289348807067,0.993846518294154,
0.994403687781241,0.995518026755414,0.996632365729587,0.997746704703761,
0.998303874190848,0.998861043677934,0.999975382652108,1.00108972162628,
1.00220406060045,1.00331839957463,1.0044327385488,1.00554707752298,1.00666141649715,
1.00777575547132,1.0088900944455,1.01111877239384,1.01223311136802,1.01334745034219,
1.01557612829054,1.01780480623888,1.02226216213558,1.02671951803227,1.03117687392897,
1.03563422982566,1.04454894161905,1.05346365341244,1.06237836520582,1.07129307699921,
1.0802077887926,1.08912250058599,1.09803721237938,1.10695192417276,1.11586663596615,
1.12478134775954,1.13369605955293,1.14261077134632,1.1515254831397,1.16044019493309,
1.16935490672648,1.17826961851987,1.18718433031326,1.19609904210664,1.20055639800334,
1.20501375390003,1.20947110979673,1.21392846569342,1.21615714364177,1.21838582159011,
1.22284317748681,1.2273005333835,1.2317578892802,1.23621524517689,1.24067260107358,
1.24290127902193,1.24512995697028,1.24958731286697),.UNSPECIFIED.);
#80=EDGE_LOOP('',(#21));
#81=EDGE_LOOP('',(#22));
#82=EDGE_LOOP('',(#23));
#83=EDGE_LOOP('',(#24));
#84=EDGE_LOOP('',(#25));
#85=EDGE_LOOP('',(#26));
#86=EDGE_LOOP('',(#27,#28,#29));
#87=EDGE_LOOP('',(#30));
#88=EDGE_LOOP('',(#31,#32,#33,#34));
#89=EDGE_LOOP('',(#35,#36,#37,#38));
#90=EDGE_LOOP('',(#39,#40,#41,#42));
#91=EDGE_LOOP('',(#43,#44,#45));
#92=EDGE_LOOP('',(#46));
#93=FACE_BOUND('',#80,.T.);
#94=FACE_BOUND('',#81,.T.);
#95=FACE_BOUND('',#82,.T.);
#96=FACE_BOUND('',#83,.T.);
#97=FACE_BOUND('',#84,.T.);
#98=FACE_BOUND('',#85,.T.);
#99=FACE_BOUND('',#86,.T.);
#100=FACE_BOUND('',#87,.T.);
#101=FACE_BOUND('',#88,.T.);
#102=FACE_BOUND('',#89,.T.);
#103=FACE_BOUND('',#90,.T.);
#104=FACE_BOUND('',#91,.T.);
#105=FACE_BOUND('',#92,.T.);
#106=B_SPLINE_SURFACE_WITH_KNOTS('',3,1,((#147,#148),(#149,#150),(#151,
#152),(#153,#154),(#155,#156),(#157,#158),(#159,#160),(#161,#162),(#163,
#164),(#165,#166),(#167,#168),(#169,#170),(#171,#172),(#173,#174),(#175,
#176),(#177,#178),(#179,#180),(#181,#182),(#183,#184),(#185,#186),(#187,
#188),(#189,#190),(#191,#192),(#193,#194),(#195,#196),(#197,#198),(#199,
#200),(#201,#202),(#203,#204),(#205,#206),(#207,#208),(#209,#210),(#211,
#212),(#213,#214),(#215,#216),(#217,#218),(#219,#220),(#221,#222),(#223,
#224),(#225,#226),(#227,#228),(#229,#230),(#231,#232),(#233,#234),(#235,
#236),(#237,#238),(#239,#240),(#241,#242),(#243,#244),(#245,#246),(#247,
#248),(#249,#250),(#251,#252),(#253,#254),(#255,#256),(#257,#258),(#259,
#260),(#261,#262),(#263,#264),(#265,#266),(#267,#268),(#269,#270),(#271,
#272),(#273,#274),(#275,#276),(#277,#278),(#279,#280),(#281,#282),(#283,
#284),(#285,#286),(#287,#288),(#289,#290),(#291,#292),(#293,#294),(#295,
#296),(#297,#298),(#299,#300),(#301,#302),(#303,#304),(#305,#306),(#307,
#308),(#309,#310),(#311,#312),(#313,#314),(#315,#316),(#317,#318),(#319,
#320),(#321,#322),(#323,#324),(#325,#326),(#327,#328),(#329,#330),(#331,
#332),(#333,#334),(#335,#336),(#337,#338),(#339,#340),(#341,#342),(#343,
#344),(#345,#346),(#347,#348),(#349,#350),(#351,#352),(#353,#354),(#355,
#356),(#357,#358),(#359,#360),(#361,#362),(#363,#364),(#365,#366),(#367,
#368),(#369,#370),(#371,#372),(#373,#374),(#375,#376),(#377,#378),(#379,
#380),(#381,#382),(#383,#384),(#385,#386),(#387,#388),(#389,#390),(#391,
#392),(#393,#394),(#395,#396),(#397,#398),(#399,#400),(#401,#402),(#403,
#404),(#405,#406),(#407,#408),(#409,#410),(#411,#412),(#413,#414),(#415,
#416),(#417,#418),(#419,#420),(#421,#422),(#423,#424),(#425,#426),(#427,
#428),(#429,#430),(#431,#432),(#433,#434),(#435,#436),(#437,#438),(#439,
#440),(#441,#442),(#443,#444),(#445,#446),(#447,#448),(#449,#450),(#451,
#452),(#453,#454),(#455,#456),(#457,#458),(#459,#460),(#461,#462),(#463,
#464),(#465,#466),(#467,#468)),.SURF_OF_LINEAR_EXTRUSION.,.T.,.F.,.F.,(1,
1,1,1,1,1,1,1,1,1,1,1,1,1,1,1,1,1,1,1,1,1,1,1,1,1,1,1,1,1,1,1,1,1,1,1,1,
1,1,1,1,1,1,1,1,1,1,1,1,1,1,1,1,1,1,1,1,1,1,1,1,1,1,1,1,1,1,1,1,1,1,1,1,
1,1,1,1,1,1,1,1,1,1,1,1,1,1,1,1,1,1,1,1,1,1,1,1,1,1,1,1,1,1,1,1,1,1,1,1,
1,1,1,1,1,1,1,1,1,1,1,1,1,1,1,1,1,1,1,1,1,1,1,1,1,1,1,1,1,1,1,1,1,1,1,1,
1,1,1,1,1,1,1,1,1,1,1,1,1,1,1,1,1,1,1,1),(2,2),(-0.005859375,-0.00390625,
-0.001953125,0.,0.001953125,0.00390625,0.0078125,0.01171875,0.015625,0.01953125,
0.0234375,0.03125,0.0390625,0.046875,0.0546875,0.0625,0.078125,0.09375,
0.109375,0.1171875,0.125,0.140625,0.15625,0.171875,0.1796875,0.1875,0.1953125,
0.203125,0.20703125,0.2109375,0.21484375,0.216796875,0.21875,0.2265625,
0.234375,0.2421875,0.25,0.2578125,0.26171875,0.265625,0.267578125,0.26953125,
0.2734375,0.27734375,0.28125,0.2890625,0.296875,0.3046875,0.3125,0.3203125,
0.328125,0.3359375,0.33984375,0.34375,0.34765625,0.3515625,0.359375,0.3671875,
0.37109375,0.375,0.37890625,0.3828125,0.38671875,0.388671875,0.390625,0.39453125,
0.3984375,0.40234375,0.40625,0.4140625,0.421875,0.42578125,0.4296875,0.43359375,
0.4375,0.4453125,0.453125,0.46875,0.4765625,0.484375,0.48828125,0.4921875,
0.5,0.5078125,0.515625,0.5234375,0.52734375,0.53125,0.533203125,0.53515625,
0.5390625,0.54296875,0.546875,0.5546875,0.5625,0.5703125,0.578125,0.5859375,
0.58984375,0.59375,0.6015625,0.609375,0.6171875,0.625,0.6328125,0.640625,
0.64453125,0.6484375,0.65234375,0.65625,0.66015625,0.6640625,0.66796875,
0.671875,0.6796875,0.6875,0.69140625,0.6953125,0.69921875,0.701171875,0.703125,
0.70703125,0.7109375,0.71484375,0.71875,0.7265625,0.734375,0.7421875,0.75,
0.7578125,0.765625,0.7734375,0.78125,0.796875,0.8125,0.828125,0.84375,0.859375,
0.8671875,0.875,0.8828125,0.890625,0.90625,0.921875,0.9296875,0.9375,0.9453125,
0.953125,0.9609375,0.96484375,0.96875,0.97265625,0.9765625,0.98046875,0.984375,
0.98828125,0.990234375,0.9921875,0.994140625,0.99609375,0.998046875,1.,
1.001953125,1.00390625,1.0078125),(0.,1.),.UNSPECIFIED.);
#107=B_SPLINE_SURFACE_WITH_KNOTS('',3,1,((#793,#794),(#795,#796),(#797,
#798),(#799,#800),(#801,#802),(#803,#804),(#805,#806),(#807,#808),(#809,
#810),(#811,#812),(#813,#814),(#815,#816),(#817,#818),(#819,#820),(#821,
#822),(#823,#824),(#825,#826),(#827,#828)),.SURF_OF_LINEAR_EXTRUSION.,.T.,
 .F.,.F.,(1,1,1,1,1,1,1,1,1,1,1,1,1,1,1,1,1,1,1,1,1,1),(2,2),(-0.229540727759092,
-0.132487072201627,-0.0335479455774158,0.,0.111723745730277,0.215926888994102,
0.266661837008638,0.343123702747814,0.38823415696498,0.428376652087821,
0.485775243556407,0.53414948176101,0.587739849030127,0.657883722526927,
0.702315630952784,0.770459272240908,0.867512927798373,0.966452054422584,
1.,1.11172374573028,1.2159268889941,1.26666183700864),(0.,1.),
 .UNSPECIFIED.);
#108=B_SPLINE_SURFACE_WITH_KNOTS('',3,1,((#1104,#1105),(#1106,#1107),(#1108,
#1109),(#1110,#1111),(#1112,#1113),(#1114,#1115),(#1116,#1117),(#1118,#1119),
(#1120,#1121),(#1122,#1123),(#1124,#1125),(#1126,#1127),(#1128,#1129),(#1130,
#1131),(#1132,#1133),(#1134,#1135),(#1136,#1137),(#1138,#1139),(#1140,#1141),
(#1142,#1143),(#1144,#1145),(#1146,#1147),(#1148,#1149),(#1150,#1151),(#1152,
#1153),(#1154,#1155),(#1156,#1157),(#1158,#1159),(#1160,#1161),(#1162,#1163),
(#1164,#1165),(#1166,#1167),(#1168,#1169),(#1170,#1171),(#1172,#1173),(#1174,
#1175),(#1176,#1177),(#1178,#1179),(#1180,#1181),(#1182,#1183),(#1184,#1185),
(#1186,#1187),(#1188,#1189),(#1190,#1191),(#1192,#1193),(#1194,#1195)),
 .SURF_OF_LINEAR_EXTRUSION.,.F.,.F.,.F.,(4,1,1,1,1,1,1,1,1,1,1,1,1,1,1,
1,1,1,1,1,1,1,1,1,1,1,1,1,1,1,1,1,1,1,1,1,1,1,1,1,1,1,1,4),(2,2),(0.274120102663419,
0.285108902067354,0.296097701471289,0.307086500875224,0.318075300279159,
0.329064099683093,0.340052899087028,0.351041698490963,0.362030497894898,
0.367524897596865,0.373019297298832,0.3785136970008,0.384008096702767,0.386755296553751,
0.389502496404735,0.392249696255718,0.394996896106702,0.400491295808669,
0.405985695510637,0.411480095212604,0.416974494914571,0.422468894616539,
0.427963294318506,0.433457694020474,0.438952093722441,0.449940893126376,
0.460929692530311,0.471918491934245,0.48290729133818,0.493896090742115,
0.50488489014605,0.515873689549984,0.521368089251952,0.526862488953919,
0.532356888655886,0.537851288357854,0.543345688059821,0.548840087761789,
0.559828887165723,0.570817686569658,0.581806485973593,0.592795285377528,
0.603784084781463,0.625761683589332),(0.,1.),.UNSPECIFIED.);
#109=B_SPLINE_SURFACE_WITH_KNOTS('',3,1,((#1305,#1306),(#1307,#1308),(#1309,
#1310),(#1311,#1312),(#1313,#1314),(#1315,#1316),(#1317,#1318),(#1319,#1320),
(#1321,#1322),(#1323,#1324),(#1325,#1326),(#1327,#1328),(#1329,#1330),(#1331,
#1332),(#1333,#1334),(#1335,#1336),(#1337,#1338),(#1339,#1340),(#1341,#1342),
(#1343,#1344),(#1345,#1346),(#1347,#1348),(#1349,#1350),(#1351,#1352),(#1353,
#1354),(#1355,#1356)),.SURF_OF_LINEAR_EXTRUSION.,.F.,.F.,.F.,(4,1,1,1,1,
1,1,1,1,1,1,1,1,1,1,1,1,1,1,1,1,1,1,4),(2,2),(0.689956424831315,0.694243301560178,
0.698530178289041,0.702817055017904,0.707103931746768,0.711390808475631,
0.715677685204494,0.72425143866222,0.732825192119946,0.741398945577673,
0.758546452493125,0.767120205950852,0.775693959408578,0.79284146632403,
0.809988973239483,0.827136480154935,0.844283987070388,0.861431493985841,
0.878579000901293,0.895726507816746,0.912874014732198,0.930021521647651,
0.947169028563103,0.964316535478556),(0.,1.),.UNSPECIFIED.);
#110=B_SPLINE_SURFACE_WITH_KNOTS('',3,1,((#1406,#1407),(#1408,#1409),(#1410,
#1411),(#1412,#1413),(#1414,#1415),(#1416,#1417),(#1418,#1419),(#1420,#1421),
(#1422,#1423),(#1424,#1425),(#1426,#1427),(#1428,#1429),(#1430,#1431),(#1432,
#1433),(#1434,#1435),(#1436,#1437),(#1438,#1439),(#1440,#1441),(#1442,#1443),
(#1444,#1445),(#1446,#1447),(#1448,#1449),(#1450,#1451),(#1452,#1453),(#1454,
#1455),(#1456,#1457),(#1458,#1459),(#1460,#1461),(#1462,#1463),(#1464,#1465),
(#1466,#1467),(#1468,#1469),(#1470,#1471),(#1472,#1473),(#1474,#1475),(#1476,
#1477),(#1478,#1479),(#1480,#1481)),.SURF_OF_LINEAR_EXTRUSION.,.F.,.F.,
 .F.,(4,1,1,1,1,1,1,1,1,1,1,1,1,1,1,1,1,1,1,1,1,1,1,1,1,1,1,1,1,1,1,1,1,
1,1,4),(2,2),(0.964316535478556,0.973231247271944,0.977688603168638,0.982145959065332,
0.986603314962026,0.99106067085872,0.993289348807067,0.995518026755414,
0.999975382652108,1.00220406060046,1.0044327385488,1.0088900944455,1.01334745034219,
1.01780480623888,1.02226216213558,1.02671951803227,1.03563422982566,1.04454894161905,
1.05346365341244,1.06237836520582,1.07129307699921,1.08912250058599,1.10695192417276,
1.12478134775954,1.14261077134632,1.16044019493309,1.17826961851987,1.18718433031326,
1.19609904210664,1.20501375390003,1.21392846569342,1.21838582159011,1.22284317748681,
1.2317578892802,1.24067260107358,1.24958731286697),(0.,1.),
 .UNSPECIFIED.);
#111=ADVANCED_FACE('',(#93,#94),#106,.T.);
#112=ADVANCED_FACE('',(#95,#96),#107,.F.);
#113=ADVANCED_FACE('',(#97,#98),#18,.F.);
#114=ADVANCED_FACE('',(#99,#100),#19,.T.);
#115=ADVANCED_FACE('',(#101),#108,.T.);
#116=ADVANCED_FACE('',(#102),#109,.T.);
#117=ADVANCED_FACE('',(#103),#110,.T.);
#118=ADVANCED_FACE('',(#104,#105),#20,.F.);
#119=CLOSED_SHELL('',(#111,#112,#113,#114,#115,#116,#117,#118));
#120=STYLED_ITEM('',(#121),#128);
#121=PRESENTATION_STYLE_ASSIGNMENT((#122));
#122=SURFACE_STYLE_USAGE(.BOTH.,#123);
#123=SURFACE_SIDE_STYLE('',(#124));
#124=SURFACE_STYLE_FILL_AREA(#125);
#125=FILL_AREA_STYLE('',(#126));
#126=FILL_AREA_STYLE_COLOUR('',#127);
#127=COLOUR_RGB('',0.615686274509804,0.811764705882353,0.929411764705882);
#128=MANIFOLD_SOLID_BREP('Part 1',#119);
#129=SHAPE_DEFINITION_REPRESENTATION(#1569,#130);
#130=SHAPE_REPRESENTATION('Part 1',(#131),#1564);
#131=AXIS2_PLACEMENT_3D('',#146,#135,#136);
#132=AXIS2_PLACEMENT_3D('',#867,#137,#138);
#133=AXIS2_PLACEMENT_3D('',#868,#139,#140);
#134=AXIS2_PLACEMENT_3D('',#1562,#144,#145);
#135=DIRECTION('',(0.,0.,1.));
#136=DIRECTION('',(1.,0.,0.));
#137=DIRECTION('',(0.,0.,1.));
#138=DIRECTION('',(1.,0.,0.));
#139=DIRECTION('',(-3.117986592238E-13,3.85603043064344E-13,-1.));
#140=DIRECTION('',(0.,1.,3.85603043064344E-13));
#141=DIRECTION('',(0.,0.,-1.));
#142=DIRECTION('',(0.,0.,-1.));
#143=DIRECTION('',(0.,0.,-1.));
#144=DIRECTION('',(-3.117986592238E-13,3.85603043064344E-13,-1.));
#145=DIRECTION('',(0.,1.,3.85603043064344E-13));
#146=CARTESIAN_POINT('',(0.,0.,0.));
#147=CARTESIAN_POINT('',(-0.039171761264619,-0.0388795767247202,0.0127));
#148=CARTESIAN_POINT('',(-0.039171761264619,-0.0388795767247202,1.73472347597681E-18));
#149=CARTESIAN_POINT('',(-0.039269511046183,-0.0383938501826626,0.0127));
#150=CARTESIAN_POINT('',(-0.039269511046183,-0.0383938501826626,1.73472347597681E-18));
#151=CARTESIAN_POINT('',(-0.0392891111831953,-0.0379373986363176,0.0127));
#152=CARTESIAN_POINT('',(-0.0392891111831953,-0.0379373986363176,1.73472347597681E-18));
#153=CARTESIAN_POINT('',(-0.0392430170555972,-0.0373832261411129,0.0127));
#154=CARTESIAN_POINT('',(-0.0392430170555972,-0.0373832261411129,1.73472347597681E-18));
#155=CARTESIAN_POINT('',(-0.0390951774547892,-0.0367643278050369,0.0127));
#156=CARTESIAN_POINT('',(-0.0390951774547892,-0.0367643278050369,1.73472347597681E-18));
#157=CARTESIAN_POINT('',(-0.0388326891681148,-0.0360698539835341,0.0127));
#158=CARTESIAN_POINT('',(-0.0388326891681148,-0.0360698539835341,1.73472347597681E-18));
#159=CARTESIAN_POINT('',(-0.0384989854452922,-0.0353789367790574,0.0127));
#160=CARTESIAN_POINT('',(-0.0384989854452922,-0.0353789367790574,1.73472347597681E-18));
#161=CARTESIAN_POINT('',(-0.0380989282532658,-0.0346688529600943,0.0127));
#162=CARTESIAN_POINT('',(-0.0380989282532658,-0.0346688529600943,1.73472347597681E-18));
#163=CARTESIAN_POINT('',(-0.0374799624900134,-0.0336809583142157,0.0127));
#164=CARTESIAN_POINT('',(-0.0374799624900134,-0.0336809583142157,1.73472347597681E-18));
#165=CARTESIAN_POINT('',(-0.03655099397645,-0.0323534993760488,0.0127));
#166=CARTESIAN_POINT('',(-0.03655099397645,-0.0323534993760488,1.73472347597681E-18));
#167=CARTESIAN_POINT('',(-0.0352091309942328,-0.030599815396731,0.0127));
#168=CARTESIAN_POINT('',(-0.0352091309942328,-0.030599815396731,1.73472347597681E-18));
#169=CARTESIAN_POINT('',(-0.0336668762108078,-0.0286931445193783,0.0127));
#170=CARTESIAN_POINT('',(-0.0336668762108078,-0.0286931445193783,1.73472347597681E-18));
#171=CARTESIAN_POINT('',(-0.0319537850933512,-0.0266476312477011,0.0127));
#172=CARTESIAN_POINT('',(-0.0319537850933512,-0.0266476312477011,1.73472347597681E-18));
#173=CARTESIAN_POINT('',(-0.0294835687939134,-0.0237586421658695,0.0127));
#174=CARTESIAN_POINT('',(-0.0294835687939134,-0.0237586421658695,1.73472347597681E-18));
#175=CARTESIAN_POINT('',(-0.0261269573984471,-0.0198919839670366,0.0127));
#176=CARTESIAN_POINT('',(-0.0261269573984471,-0.0198919839670366,1.73472347597681E-18));
#177=CARTESIAN_POINT('',(-0.0219333184573944,-0.0150066580876692,0.0127));
#178=CARTESIAN_POINT('',(-0.0219333184573944,-0.0150066580876692,1.73472347597681E-18));
#179=CARTESIAN_POINT('',(-0.0185229290476009,-0.0108744767241842,0.0127));
#180=CARTESIAN_POINT('',(-0.0185229290476009,-0.0108744767241842,1.73472347597681E-18));
#181=CARTESIAN_POINT('',(-0.0159857053842294,-0.00762042974814528,0.0127));
#182=CARTESIAN_POINT('',(-0.0159857053842294,-0.00762042974814528,1.73472347597681E-18));
#183=CARTESIAN_POINT('',(-0.0135678080486037,-0.00440545288303051,0.0127));
#184=CARTESIAN_POINT('',(-0.0135678080486037,-0.00440545288303051,1.73472347597681E-18));
#185=CARTESIAN_POINT('',(-0.0107548608005803,-0.000511632563561496,0.0127));
#186=CARTESIAN_POINT('',(-0.0107548608005803,-0.000511632563561496,1.73472347597681E-18));
#187=CARTESIAN_POINT('',(-0.00766814311685439,0.00382140279097177,0.0127));
#188=CARTESIAN_POINT('',(-0.00766814311685439,0.00382140279097177,1.73472347597681E-18));
#189=CARTESIAN_POINT('',(-0.00529272467573587,0.00703474755113738,0.0127));
#190=CARTESIAN_POINT('',(-0.00529272467573587,0.00703474755113738,1.73472347597681E-18));
#191=CARTESIAN_POINT('',(-0.00347596935089324,0.00930349621474424,0.0127));
#192=CARTESIAN_POINT('',(-0.00347596935089324,0.00930349621474424,1.73472347597681E-18));
#193=CARTESIAN_POINT('',(-0.00214304305241633,0.0108396475913741,0.0127));
#194=CARTESIAN_POINT('',(-0.00214304305241633,0.0108396475913741,1.73472347597681E-18));
#195=CARTESIAN_POINT('',(-0.000823947590439589,0.0121964171972304,0.0127));
#196=CARTESIAN_POINT('',(-0.000823947590439589,0.0121964171972304,1.73472347597681E-18));
#197=CARTESIAN_POINT('',(0.000282747340605955,0.0131658397649636,0.0127));
#198=CARTESIAN_POINT('',(0.000282747340605955,0.0131658397649636,1.73472347597681E-18));
#199=CARTESIAN_POINT('',(0.00118930281792997,0.0138347782841894,0.0127));
#200=CARTESIAN_POINT('',(0.00118930281792997,0.0138347782841894,1.73472347597681E-18));
#201=CARTESIAN_POINT('',(0.00188553472438046,0.0142792871747783,0.0127));
#202=CARTESIAN_POINT('',(0.00188553472438046,0.0142792871747783,1.73472347597681E-18));
#203=CARTESIAN_POINT('',(0.00248309637031447,0.0145972843444285,0.0127));
#204=CARTESIAN_POINT('',(0.00248309637031447,0.0145972843444285,1.73472347597681E-18));
#205=CARTESIAN_POINT('',(0.0029762552752453,0.0148166935951038,0.0127));
#206=CARTESIAN_POINT('',(0.0029762552752453,0.0148166935951038,1.73472347597681E-18));
#207=CARTESIAN_POINT('',(0.00370989297032407,0.015101230642562,0.0127));
#208=CARTESIAN_POINT('',(0.00370989297032407,0.015101230642562,1.73472347597681E-18));
#209=CARTESIAN_POINT('',(0.00477640111404949,0.0153725320164704,0.0127));
#210=CARTESIAN_POINT('',(0.00477640111404949,0.0153725320164704,1.73472347597681E-18));
#211=CARTESIAN_POINT('',(0.00605092755666617,0.0155245447489011,0.0127));
#212=CARTESIAN_POINT('',(0.00605092755666617,0.0155245447489011,1.73472347597681E-18));
#213=CARTESIAN_POINT('',(0.0071545474844102,0.0155978275478991,0.0127));
#214=CARTESIAN_POINT('',(0.0071545474844102,0.0155978275478991,1.73472347597681E-18));
#215=CARTESIAN_POINT('',(0.00808885075724796,0.0156887614043913,0.0127));
#216=CARTESIAN_POINT('',(0.00808885075724796,0.0156887614043913,1.73472347597681E-18));
#217=CARTESIAN_POINT('',(0.00874241361043837,0.0158260304352679,0.0127));
#218=CARTESIAN_POINT('',(0.00874241361043837,0.0158260304352679,1.73472347597681E-18));
#219=CARTESIAN_POINT('',(0.00922536196927212,0.0159941556512084,0.0127));
#220=CARTESIAN_POINT('',(0.00922536196927212,0.0159941556512084,1.73472347597681E-18));
#221=CARTESIAN_POINT('',(0.00952356963516696,0.0161317556617655,0.0127));
#222=CARTESIAN_POINT('',(0.00952356963516696,0.0161317556617655,1.73472347597681E-18));
#223=CARTESIAN_POINT('',(0.00976581110404409,0.0162675820230846,0.0127));
#224=CARTESIAN_POINT('',(0.00976581110404409,0.0162675820230846,1.73472347597681E-18));
#225=CARTESIAN_POINT('',(0.0100247955913309,0.0164303004591442,0.0127));
#226=CARTESIAN_POINT('',(0.0100247955913309,0.0164303004591442,1.73472347597681E-18));
#227=CARTESIAN_POINT('',(0.0103733786733908,0.0166827319552174,0.0127));
#228=CARTESIAN_POINT('',(0.0103733786733908,0.0166827319552174,1.73472347597681E-18));
#229=CARTESIAN_POINT('',(0.0108207796184644,0.0170614797004093,0.0127));
#230=CARTESIAN_POINT('',(0.0108207796184644,0.0170614797004093,1.73472347597681E-18));
#231=CARTESIAN_POINT('',(0.0114436845472674,0.0176602422913082,0.0127));
#232=CARTESIAN_POINT('',(0.0114436845472674,0.0176602422913082,1.73472347597681E-18));
#233=CARTESIAN_POINT('',(0.0122529888305428,0.0185689162792844,0.0127));
#234=CARTESIAN_POINT('',(0.0122529888305428,0.0185689162792844,1.73472347597681E-18));
#235=CARTESIAN_POINT('',(0.0132302390248928,0.019861924558243,0.0127));
#236=CARTESIAN_POINT('',(0.0132302390248928,0.019861924558243,1.73472347597681E-18));
#237=CARTESIAN_POINT('',(0.014183603173893,0.0213041123322453,0.0127));
#238=CARTESIAN_POINT('',(0.014183603173893,0.0213041123322453,1.73472347597681E-18));
#239=CARTESIAN_POINT('',(0.0150888775325586,0.0228435932768641,0.0127));
#240=CARTESIAN_POINT('',(0.0150888775325586,0.0228435932768641,1.73472347597681E-18));
#241=CARTESIAN_POINT('',(0.0159250373229906,0.0244293405507057,0.0127));
#242=CARTESIAN_POINT('',(0.0159250373229906,0.0244293405507057,1.73472347597681E-18));
#243=CARTESIAN_POINT('',(0.0166727744622303,0.0260107815325244,0.0127));
#244=CARTESIAN_POINT('',(0.0166727744622303,0.0260107815325244,1.73472347597681E-18));
#245=CARTESIAN_POINT('',(0.017206464670998,0.02728145068027,0.0127));
#246=CARTESIAN_POINT('',(0.017206464670998,0.02728145068027,1.73472347597681E-18));
#247=CARTESIAN_POINT('',(0.0175712302151294,0.0282440308841037,0.0127));
#248=CARTESIAN_POINT('',(0.0175712302151294,0.0282440308841037,1.73472347597681E-18));
#249=CARTESIAN_POINT('',(0.0178099747439382,0.0289278121404851,0.0127));
#250=CARTESIAN_POINT('',(0.0178099747439382,0.0289278121404851,1.73472347597681E-18));
#251=CARTESIAN_POINT('',(0.0180181748390703,0.0295826012069279,0.0127));
#252=CARTESIAN_POINT('',(0.0180181748390703,0.0295826012069279,1.73472347597681E-18));
#253=CARTESIAN_POINT('',(0.0182665713671829,0.030424261651566,0.0127));
#254=CARTESIAN_POINT('',(0.0182665713671829,0.030424261651566,1.73472347597681E-18));
#255=CARTESIAN_POINT('',(0.0185367429492448,0.0314131339869275,0.0127));
#256=CARTESIAN_POINT('',(0.0185367429492448,0.0314131339869275,1.73472347597681E-18));
#257=CARTESIAN_POINT('',(0.0188011023794251,0.0323277301585942,0.0127));
#258=CARTESIAN_POINT('',(0.0188011023794251,0.0323277301585942,1.73472347597681E-18));
#259=CARTESIAN_POINT('',(0.0190564163684682,0.0330383954617129,0.0127));
#260=CARTESIAN_POINT('',(0.0190564163684682,0.0330383954617129,1.73472347597681E-18));
#261=CARTESIAN_POINT('',(0.0192919341621194,0.0335719118634253,0.0127));
#262=CARTESIAN_POINT('',(0.0192919341621194,0.0335719118634253,1.73472347597681E-18));
#263=CARTESIAN_POINT('',(0.0196055021812959,0.0341154062048662,0.0127));
#264=CARTESIAN_POINT('',(0.0196055021812959,0.0341154062048662,1.73472347597681E-18));
#265=CARTESIAN_POINT('',(0.0200509381054069,0.0346643965456425,0.0127));
#266=CARTESIAN_POINT('',(0.0200509381054069,0.0346643965456425,1.73472347597681E-18));
#267=CARTESIAN_POINT('',(0.0205754401416986,0.0350777603414261,0.0127));
#268=CARTESIAN_POINT('',(0.0205754401416986,0.0350777603414261,1.73472347597681E-18));
#269=CARTESIAN_POINT('',(0.0210795664319601,0.0353272931048849,0.0127));
#270=CARTESIAN_POINT('',(0.0210795664319601,0.0353272931048849,1.73472347597681E-18));
#271=CARTESIAN_POINT('',(0.0215950932447452,0.0355001034717726,0.0127));
#272=CARTESIAN_POINT('',(0.0215950932447452,0.0355001034717726,1.73472347597681E-18));
#273=CARTESIAN_POINT('',(0.0222148325274731,0.0355845220599966,0.0127));
#274=CARTESIAN_POINT('',(0.0222148325274731,0.0355845220599966,1.73472347597681E-18));
#275=CARTESIAN_POINT('',(0.022881874729347,0.0355504423368262,0.0127));
#276=CARTESIAN_POINT('',(0.022881874729347,0.0355504423368262,1.73472347597681E-18));
#277=CARTESIAN_POINT('',(0.0234872282748,0.035436415794184,0.0127));
#278=CARTESIAN_POINT('',(0.0234872282748,0.035436415794184,1.73472347597681E-18));
#279=CARTESIAN_POINT('',(0.0242420844320144,0.035215337326129,0.0127));
#280=CARTESIAN_POINT('',(0.0242420844320144,0.035215337326129,1.73472347597681E-18));
#281=CARTESIAN_POINT('',(0.0251341408725897,0.0348477614922062,0.0127));
#282=CARTESIAN_POINT('',(0.0251341408725897,0.0348477614922062,1.73472347597681E-18));
#283=CARTESIAN_POINT('',(0.026014726653575,0.0344090447387542,0.0127));
#284=CARTESIAN_POINT('',(0.026014726653575,0.0344090447387542,1.73472347597681E-18));
#285=CARTESIAN_POINT('',(0.0267198284366248,0.0340358015980463,0.0127));
#286=CARTESIAN_POINT('',(0.0267198284366248,0.0340358015980463,1.73472347597681E-18));
#287=CARTESIAN_POINT('',(0.0272448133105094,0.0337526303306399,0.0127));
#288=CARTESIAN_POINT('',(0.0272448133105094,0.0337526303306399,1.73472347597681E-18));
#289=CARTESIAN_POINT('',(0.0277840505292056,0.0334590692217585,0.0127));
#290=CARTESIAN_POINT('',(0.0277840505292056,0.0334590692217585,1.73472347597681E-18));
#291=CARTESIAN_POINT('',(0.0285194597000811,0.0330509737742611,0.0127));
#292=CARTESIAN_POINT('',(0.0285194597000811,0.0330509737742611,1.73472347597681E-18));
#293=CARTESIAN_POINT('',(0.0294623203873558,0.0325078582965787,0.0127));
#294=CARTESIAN_POINT('',(0.0294623203873558,0.0325078582965787,1.73472347597681E-18));
#295=CARTESIAN_POINT('',(0.0309935710397053,0.0315559814930148,0.0127));
#296=CARTESIAN_POINT('',(0.0309935710397053,0.0315559814930148,1.73472347597681E-18));
#297=CARTESIAN_POINT('',(0.0325184530184089,0.0304596558838068,0.0127));
#298=CARTESIAN_POINT('',(0.0325184530184089,0.0304596558838068,1.73472347597681E-18));
#299=CARTESIAN_POINT('',(0.0339516799272364,0.0291698399462352,0.0127));
#300=CARTESIAN_POINT('',(0.0339516799272364,0.0291698399462352,1.73472347597681E-18));
#301=CARTESIAN_POINT('',(0.0347892097466554,0.028271841364256,0.0127));
#302=CARTESIAN_POINT('',(0.0347892097466554,0.028271841364256,1.73472347597681E-18));
#303=CARTESIAN_POINT('',(0.0354100849305218,0.0274917432278529,0.0127));
#304=CARTESIAN_POINT('',(0.0354100849305218,0.0274917432278529,1.73472347597681E-18));
#305=CARTESIAN_POINT('',(0.0359854216717241,0.0266843746287775,0.0127));
#306=CARTESIAN_POINT('',(0.0359854216717241,0.0266843746287775,1.73472347597681E-18));
#307=CARTESIAN_POINT('',(0.0366174253138056,0.0256297252028351,0.0127));
#308=CARTESIAN_POINT('',(0.0366174253138056,0.0256297252028351,1.73472347597681E-18));
#309=CARTESIAN_POINT('',(0.0372146693063551,0.0243131403517582,0.0127));
#310=CARTESIAN_POINT('',(0.0372146693063551,0.0243131403517582,1.73472347597681E-18));
#311=CARTESIAN_POINT('',(0.0376218195308132,0.0229560546414411,0.0127));
#312=CARTESIAN_POINT('',(0.0376218195308132,0.0229560546414411,1.73472347597681E-18));
#313=CARTESIAN_POINT('',(0.0377632938010581,0.02178610489271,0.0127));
#314=CARTESIAN_POINT('',(0.0377632938010581,0.02178610489271,1.73472347597681E-18));
#315=CARTESIAN_POINT('',(0.0377076669466297,0.0208217407145068,0.0127));
#316=CARTESIAN_POINT('',(0.0377076669466297,0.0208217407145068,1.73472347597681E-18));
#317=CARTESIAN_POINT('',(0.0375847442207516,0.0202106005875348,0.0127));
#318=CARTESIAN_POINT('',(0.0375847442207516,0.0202106005875348,1.73472347597681E-18));
#319=CARTESIAN_POINT('',(0.037422512681886,0.0197247379538153,0.0127));
#320=CARTESIAN_POINT('',(0.037422512681886,0.0197247379538153,1.73472347597681E-18));
#321=CARTESIAN_POINT('',(0.0372133077970727,0.0192445905939386,0.0127));
#322=CARTESIAN_POINT('',(0.0372133077970727,0.0192445905939386,1.73472347597681E-18));
#323=CARTESIAN_POINT('',(0.0368778899747215,0.0186955021144837,0.0127));
#324=CARTESIAN_POINT('',(0.0368778899747215,0.0186955021144837,1.73472347597681E-18));
#325=CARTESIAN_POINT('',(0.0363911886245728,0.0181354848646897,0.0127));
#326=CARTESIAN_POINT('',(0.0363911886245728,0.0181354848646897,1.73472347597681E-18));
#327=CARTESIAN_POINT('',(0.0356744504794397,0.0175173119658507,0.0127));
#328=CARTESIAN_POINT('',(0.0356744504794397,0.0175173119658507,1.73472347597681E-18));
#329=CARTESIAN_POINT('',(0.0347069235294409,0.0169405787473424,0.0127));
#330=CARTESIAN_POINT('',(0.0347069235294409,0.0169405787473424,1.73472347597681E-18));
#331=CARTESIAN_POINT('',(0.0334737504560865,0.0164145631390466,0.0127));
#332=CARTESIAN_POINT('',(0.0334737504560865,0.0164145631390466,1.73472347597681E-18));
#333=CARTESIAN_POINT('',(0.0321571318589711,0.0159617583248609,0.0127));
#334=CARTESIAN_POINT('',(0.0321571318589711,0.0159617583248609,1.73472347597681E-18));
#335=CARTESIAN_POINT('',(0.0307545346376435,0.0155241199688498,0.0127));
#336=CARTESIAN_POINT('',(0.0307545346376435,0.0155241199688498,1.73472347597681E-18));
#337=CARTESIAN_POINT('',(0.0295189161442986,0.0151358983793017,0.0127));
#338=CARTESIAN_POINT('',(0.0295189161442986,0.0151358983793017,1.73472347597681E-18));
#339=CARTESIAN_POINT('',(0.028496799536633,0.0147921798050612,0.0127));
#340=CARTESIAN_POINT('',(0.028496799536633,0.0147921798050612,1.73472347597681E-18));
#341=CARTESIAN_POINT('',(0.0274444910784167,0.0144197738725791,0.0127));
#342=CARTESIAN_POINT('',(0.0274444910784167,0.0144197738725791,1.73472347597681E-18));
#343=CARTESIAN_POINT('',(0.0260953484697027,0.0139062896542931,0.0127));
#344=CARTESIAN_POINT('',(0.0260953484697027,0.0139062896542931,1.73472347597681E-18));
#345=CARTESIAN_POINT('',(0.0244805426863014,0.013224361904607,0.0127));
#346=CARTESIAN_POINT('',(0.0244805426863014,0.013224361904607,1.73472347597681E-18));
#347=CARTESIAN_POINT('',(0.0229305419862842,0.0124900481690636,0.0127));
#348=CARTESIAN_POINT('',(0.0229305419862842,0.0124900481690636,1.73472347597681E-18));
#349=CARTESIAN_POINT('',(0.0215074806181349,0.0117192235698242,0.0127));
#350=CARTESIAN_POINT('',(0.0215074806181349,0.0117192235698242,1.73472347597681E-18));
#351=CARTESIAN_POINT('',(0.0202767445395025,0.0109338682629846,0.0127));
#352=CARTESIAN_POINT('',(0.0202767445395025,0.0109338682629846,1.73472347597681E-18));
#353=CARTESIAN_POINT('',(0.0194699339618303,0.0102954846126114,0.0127));
#354=CARTESIAN_POINT('',(0.0194699339618303,0.0102954846126114,1.73472347597681E-18));
#355=CARTESIAN_POINT('',(0.0189910837334763,0.00982700176596964,0.0127));
#356=CARTESIAN_POINT('',(0.0189910837334763,0.00982700176596964,1.73472347597681E-18));
#357=CARTESIAN_POINT('',(0.0187222088491468,0.009510301414429,0.0127));
#358=CARTESIAN_POINT('',(0.0187222088491468,0.009510301414429,1.73472347597681E-18));
#359=CARTESIAN_POINT('',(0.0185462287582248,0.00924600315352517,0.0127));
#360=CARTESIAN_POINT('',(0.0185462287582248,0.00924600315352517,1.73472347597681E-18));
#361=CARTESIAN_POINT('',(0.0184569120442812,0.00905209175081161,0.0127));
#362=CARTESIAN_POINT('',(0.0184569120442812,0.00905209175081161,1.73472347597681E-18));
#363=CARTESIAN_POINT('',(0.0184298154521222,0.00895003566848538,0.0127));
#364=CARTESIAN_POINT('',(0.0184298154521222,0.00895003566848538,1.73472347597681E-18));
#365=CARTESIAN_POINT('',(0.0184133347643917,0.00880703991967664,0.0127));
#366=CARTESIAN_POINT('',(0.0184133347643917,0.00880703991967664,1.73472347597681E-18));
#367=CARTESIAN_POINT('',(0.0184233758491476,0.00859679998644201,0.0127));
#368=CARTESIAN_POINT('',(0.0184233758491476,0.00859679998644201,1.73472347597681E-18));
#369=CARTESIAN_POINT('',(0.0184882294054942,0.00821193050448676,0.0127));
#370=CARTESIAN_POINT('',(0.0184882294054942,0.00821193050448676,1.73472347597681E-18));
#371=CARTESIAN_POINT('',(0.0186815368552956,0.00755292999731029,0.0127));
#372=CARTESIAN_POINT('',(0.0186815368552956,0.00755292999731029,1.73472347597681E-18));
#373=CARTESIAN_POINT('',(0.0189697034160802,0.00670538227519593,0.0127));
#374=CARTESIAN_POINT('',(0.0189697034160802,0.00670538227519593,1.73472347597681E-18));
#375=CARTESIAN_POINT('',(0.0191829195748218,0.00590549232083544,0.0127));
#376=CARTESIAN_POINT('',(0.0191829195748218,0.00590549232083544,1.73472347597681E-18));
#377=CARTESIAN_POINT('',(0.019307248080739,0.00523600287749199,0.0127));
#378=CARTESIAN_POINT('',(0.019307248080739,0.00523600287749199,1.73472347597681E-18));
#379=CARTESIAN_POINT('',(0.0193514870385724,0.00461478405784314,0.0127));
#380=CARTESIAN_POINT('',(0.0193514870385724,0.00461478405784314,1.73472347597681E-18));
#381=CARTESIAN_POINT('',(0.0193294509460651,0.00408518427794128,0.0127));
#382=CARTESIAN_POINT('',(0.0193294509460651,0.00408518427794128,1.73472347597681E-18));
#383=CARTESIAN_POINT('',(0.0192601302695159,0.00353440370236865,0.0127));
#384=CARTESIAN_POINT('',(0.0192601302695159,0.00353440370236865,1.73472347597681E-18));
#385=CARTESIAN_POINT('',(0.0190897874946981,0.00287788312082992,0.0127));
#386=CARTESIAN_POINT('',(0.0190897874946981,0.00287788312082992,1.73472347597681E-18));
#387=CARTESIAN_POINT('',(0.0187830127142178,0.00214953803843409,0.0127));
#388=CARTESIAN_POINT('',(0.0187830127142178,0.00214953803843409,1.73472347597681E-18));
#389=CARTESIAN_POINT('',(0.0183978810129739,0.00147642133833034,0.0127));
#390=CARTESIAN_POINT('',(0.0183978810129739,0.00147642133833034,1.73472347597681E-18));
#391=CARTESIAN_POINT('',(0.0178014722698911,0.00063837863219447,0.0127));
#392=CARTESIAN_POINT('',(0.0178014722698911,0.00063837863219447,1.73472347597681E-18));
#393=CARTESIAN_POINT('',(0.0169265525649905,-0.000326336691638037,0.0127));
#394=CARTESIAN_POINT('',(0.0169265525649905,-0.000326336691638037,1.73472347597681E-18));
#395=CARTESIAN_POINT('',(0.015713367478943,-0.00141770958538174,0.0127));
#396=CARTESIAN_POINT('',(0.015713367478943,-0.00141770958538174,1.73472347597681E-18));
#397=CARTESIAN_POINT('',(0.0143660520213017,-0.00247938795750905,0.0127));
#398=CARTESIAN_POINT('',(0.0143660520213017,-0.00247938795750905,1.73472347597681E-18));
#399=CARTESIAN_POINT('',(0.0129152120277859,-0.00353236785811858,0.0127));
#400=CARTESIAN_POINT('',(0.0129152120277859,-0.00353236785811858,1.73472347597681E-18));
#401=CARTESIAN_POINT('',(0.0113946692875314,-0.00458900402555776,0.0127));
#402=CARTESIAN_POINT('',(0.0113946692875314,-0.00458900402555776,1.73472347597681E-18));
#403=CARTESIAN_POINT('',(0.00983801302131136,-0.00565815234075464,0.0127));
#404=CARTESIAN_POINT('',(0.00983801302131136,-0.00565815234075464,1.73472347597681E-18));
#405=CARTESIAN_POINT('',(0.00829091746369247,-0.00674192091977553,0.0127));
#406=CARTESIAN_POINT('',(0.00829091746369247,-0.00674192091977553,1.73472347597681E-18));
#407=CARTESIAN_POINT('',(0.00623623299181683,-0.00823491541868706,0.0127));
#408=CARTESIAN_POINT('',(0.00623623299181683,-0.00823491541868706,1.73472347597681E-18));
#409=CARTESIAN_POINT('',(0.00366228419900155,-0.010194198065331,0.0127));
#410=CARTESIAN_POINT('',(0.00366228419900155,-0.010194198065331,1.73472347597681E-18));
#411=CARTESIAN_POINT('',(0.00053549046677633,-0.0127053586693332,0.0127));
#412=CARTESIAN_POINT('',(0.00053549046677633,-0.0127053586693332,1.73472347597681E-18));
#413=CARTESIAN_POINT('',(-0.00266225816082914,-0.0153871275054221,0.0127));
#414=CARTESIAN_POINT('',(-0.00266225816082914,-0.0153871275054221,1.73472347597681E-18));
#415=CARTESIAN_POINT('',(-0.0059623071255465,-0.0182495869585603,0.0127));
#416=CARTESIAN_POINT('',(-0.0059623071255465,-0.0182495869585603,1.73472347597681E-18));
#417=CARTESIAN_POINT('',(-0.00882427399486222,-0.0207940879267479,0.0127));
#418=CARTESIAN_POINT('',(-0.00882427399486222,-0.0207940879267479,1.73472347597681E-18));
#419=CARTESIAN_POINT('',(-0.0111959247012427,-0.0229291672635575,0.0127));
#420=CARTESIAN_POINT('',(-0.0111959247012427,-0.0229291672635575,1.73472347597681E-18));
#421=CARTESIAN_POINT('',(-0.0130216509777267,-0.0245833808477521,0.0127));
#422=CARTESIAN_POINT('',(-0.0130216509777267,-0.0245833808477521,1.73472347597681E-18));
#423=CARTESIAN_POINT('',(-0.0148823655718738,-0.0262703302834994,0.0127));
#424=CARTESIAN_POINT('',(-0.0148823655718738,-0.0262703302834994,1.73472347597681E-18));
#425=CARTESIAN_POINT('',(-0.0173895036733198,-0.0285318711234342,0.0127));
#426=CARTESIAN_POINT('',(-0.0173895036733198,-0.0285318711234342,1.73472347597681E-18));
#427=CARTESIAN_POINT('',(-0.0205371068549411,-0.0313257028954095,0.0127));
#428=CARTESIAN_POINT('',(-0.0205371068549411,-0.0313257028954095,1.73472347597681E-18));
#429=CARTESIAN_POINT('',(-0.0236103392212985,-0.0339265485145189,0.0127));
#430=CARTESIAN_POINT('',(-0.0236103392212985,-0.0339265485145189,1.73472347597681E-18));
#431=CARTESIAN_POINT('',(-0.0259737041368493,-0.0358046254127001,0.0127));
#432=CARTESIAN_POINT('',(-0.0259737041368493,-0.0358046254127001,1.73472347597681E-18));
#433=CARTESIAN_POINT('',(-0.0276878533340941,-0.0370908839888571,0.0127));
#434=CARTESIAN_POINT('',(-0.0276878533340941,-0.0370908839888571,1.73472347597681E-18));
#435=CARTESIAN_POINT('',(-0.029334851565441,-0.0382343530965664,0.0127));
#436=CARTESIAN_POINT('',(-0.029334851565441,-0.0382343530965664,1.73472347597681E-18));
#437=CARTESIAN_POINT('',(-0.0309100416283421,-0.0392151635983311,0.0127));
#438=CARTESIAN_POINT('',(-0.0309100416283421,-0.0392151635983311,1.73472347597681E-18));
#439=CARTESIAN_POINT('',(-0.0321652226146143,-0.0398806280100126,0.0127));
#440=CARTESIAN_POINT('',(-0.0321652226146143,-0.0398806280100126,1.73472347597681E-18));
#441=CARTESIAN_POINT('',(-0.0331440128610337,-0.0403104399203714,0.0127));
#442=CARTESIAN_POINT('',(-0.0331440128610337,-0.0403104399203714,1.73472347597681E-18));
#443=CARTESIAN_POINT('',(-0.0338713871705144,-0.0405770918093152,0.0127));
#444=CARTESIAN_POINT('',(-0.0338713871705144,-0.0405770918093152,1.73472347597681E-18));
#445=CARTESIAN_POINT('',(-0.0345841333981668,-0.0407801078088933,0.0127));
#446=CARTESIAN_POINT('',(-0.0345841333981668,-0.0407801078088933,1.73472347597681E-18));
#447=CARTESIAN_POINT('',(-0.0352892070700382,-0.0409157530610791,0.0127));
#448=CARTESIAN_POINT('',(-0.0352892070700382,-0.0409157530610791,1.73472347597681E-18));
#449=CARTESIAN_POINT('',(-0.0359994256196154,-0.0409731266401943,0.0127));
#450=CARTESIAN_POINT('',(-0.0359994256196154,-0.0409731266401943,1.73472347597681E-18));
#451=CARTESIAN_POINT('',(-0.0367369697104766,-0.0409274256265034,0.0127));
#452=CARTESIAN_POINT('',(-0.0367369697104766,-0.0409274256265034,1.73472347597681E-18));
#453=CARTESIAN_POINT('',(-0.0373985694328791,-0.0407538578541518,0.0127));
#454=CARTESIAN_POINT('',(-0.0373985694328791,-0.0407538578541518,1.73472347597681E-18));
#455=CARTESIAN_POINT('',(-0.037943375631064,-0.0404769980517448,0.0127));
#456=CARTESIAN_POINT('',(-0.037943375631064,-0.0404769980517448,1.73472347597681E-18));
#457=CARTESIAN_POINT('',(-0.0383406866754347,-0.0401859875503571,0.0127));
#458=CARTESIAN_POINT('',(-0.0383406866754347,-0.0401859875503571,1.73472347597681E-18));
#459=CARTESIAN_POINT('',(-0.0386977351042348,-0.0398087600669063,0.0127));
#460=CARTESIAN_POINT('',(-0.0386977351042348,-0.0398087600669063,1.73472347597681E-18));
#461=CARTESIAN_POINT('',(-0.0389815311360859,-0.0393617691699163,0.0127));
#462=CARTESIAN_POINT('',(-0.0389815311360859,-0.0393617691699163,1.73472347597681E-18));
#463=CARTESIAN_POINT('',(-0.039171761264619,-0.0388795767247202,0.0127));
#464=CARTESIAN_POINT('',(-0.039171761264619,-0.0388795767247202,1.73472347597681E-18));
#465=CARTESIAN_POINT('',(-0.039269511046183,-0.0383938501826626,0.0127));
#466=CARTESIAN_POINT('',(-0.039269511046183,-0.0383938501826626,1.73472347597681E-18));
#467=CARTESIAN_POINT('',(-0.0392891111831953,-0.0379373986363176,0.0127));
#468=CARTESIAN_POINT('',(-0.0392891111831953,-0.0379373986363176,1.73472347597681E-18));
#469=CARTESIAN_POINT('',(-0.039171761264619,-0.0388795767247202,0.0127));
#470=CARTESIAN_POINT('',(-0.039269511046183,-0.0383938501826626,0.0127));
#471=CARTESIAN_POINT('',(-0.0392891111831953,-0.0379373986363176,0.0127));
#472=CARTESIAN_POINT('',(-0.0392430170555972,-0.0373832261411129,0.0127));
#473=CARTESIAN_POINT('',(-0.0390951774547892,-0.0367643278050369,0.0127));
#474=CARTESIAN_POINT('',(-0.0388326891681148,-0.0360698539835341,0.0127));
#475=CARTESIAN_POINT('',(-0.0384989854452922,-0.0353789367790574,0.0127));
#476=CARTESIAN_POINT('',(-0.0380989282532658,-0.0346688529600943,0.0127));
#477=CARTESIAN_POINT('',(-0.0374799624900134,-0.0336809583142157,0.0127));
#478=CARTESIAN_POINT('',(-0.03655099397645,-0.0323534993760488,0.0127));
#479=CARTESIAN_POINT('',(-0.0352091309942328,-0.030599815396731,0.0127));
#480=CARTESIAN_POINT('',(-0.0336668762108078,-0.0286931445193783,0.0127));
#481=CARTESIAN_POINT('',(-0.0319537850933512,-0.0266476312477011,0.0127));
#482=CARTESIAN_POINT('',(-0.0294835687939134,-0.0237586421658695,0.0127));
#483=CARTESIAN_POINT('',(-0.0261269573984471,-0.0198919839670366,0.0127));
#484=CARTESIAN_POINT('',(-0.0219333184573944,-0.0150066580876692,0.0127));
#485=CARTESIAN_POINT('',(-0.0185229290476009,-0.0108744767241842,0.0127));
#486=CARTESIAN_POINT('',(-0.0159857053842294,-0.00762042974814528,0.0127));
#487=CARTESIAN_POINT('',(-0.0135678080486037,-0.00440545288303051,0.0127));
#488=CARTESIAN_POINT('',(-0.0107548608005803,-0.000511632563561496,0.0127));
#489=CARTESIAN_POINT('',(-0.00766814311685439,0.00382140279097177,0.0127));
#490=CARTESIAN_POINT('',(-0.00529272467573587,0.00703474755113738,0.0127));
#491=CARTESIAN_POINT('',(-0.00347596935089324,0.00930349621474424,0.0127));
#492=CARTESIAN_POINT('',(-0.00214304305241633,0.0108396475913741,0.0127));
#493=CARTESIAN_POINT('',(-0.000823947590439589,0.0121964171972304,0.0127));
#494=CARTESIAN_POINT('',(0.000282747340605955,0.0131658397649636,0.0127));
#495=CARTESIAN_POINT('',(0.00118930281792997,0.0138347782841894,0.0127));
#496=CARTESIAN_POINT('',(0.00188553472438046,0.0142792871747783,0.0127));
#497=CARTESIAN_POINT('',(0.00248309637031447,0.0145972843444285,0.0127));
#498=CARTESIAN_POINT('',(0.0029762552752453,0.0148166935951038,0.0127));
#499=CARTESIAN_POINT('',(0.00370989297032407,0.015101230642562,0.0127));
#500=CARTESIAN_POINT('',(0.00477640111404949,0.0153725320164704,0.0127));
#501=CARTESIAN_POINT('',(0.00605092755666617,0.0155245447489011,0.0127));
#502=CARTESIAN_POINT('',(0.0071545474844102,0.0155978275478991,0.0127));
#503=CARTESIAN_POINT('',(0.00808885075724796,0.0156887614043913,0.0127));
#504=CARTESIAN_POINT('',(0.00874241361043837,0.0158260304352679,0.0127));
#505=CARTESIAN_POINT('',(0.00922536196927212,0.0159941556512084,0.0127));
#506=CARTESIAN_POINT('',(0.00952356963516696,0.0161317556617655,0.0127));
#507=CARTESIAN_POINT('',(0.00976581110404409,0.0162675820230846,0.0127));
#508=CARTESIAN_POINT('',(0.0100247955913309,0.0164303004591442,0.0127));
#509=CARTESIAN_POINT('',(0.0103733786733908,0.0166827319552174,0.0127));
#510=CARTESIAN_POINT('',(0.0108207796184644,0.0170614797004093,0.0127));
#511=CARTESIAN_POINT('',(0.0114436845472674,0.0176602422913082,0.0127));
#512=CARTESIAN_POINT('',(0.0122529888305428,0.0185689162792844,0.0127));
#513=CARTESIAN_POINT('',(0.0132302390248928,0.019861924558243,0.0127));
#514=CARTESIAN_POINT('',(0.014183603173893,0.0213041123322453,0.0127));
#515=CARTESIAN_POINT('',(0.0150888775325586,0.0228435932768641,0.0127));
#516=CARTESIAN_POINT('',(0.0159250373229906,0.0244293405507057,0.0127));
#517=CARTESIAN_POINT('',(0.0166727744622303,0.0260107815325244,0.0127));
#518=CARTESIAN_POINT('',(0.017206464670998,0.02728145068027,0.0127));
#519=CARTESIAN_POINT('',(0.0175712302151294,0.0282440308841037,0.0127));
#520=CARTESIAN_POINT('',(0.0178099747439382,0.0289278121404851,0.0127));
#521=CARTESIAN_POINT('',(0.0180181748390703,0.0295826012069279,0.0127));
#522=CARTESIAN_POINT('',(0.0182665713671829,0.030424261651566,0.0127));
#523=CARTESIAN_POINT('',(0.0185367429492448,0.0314131339869275,0.0127));
#524=CARTESIAN_POINT('',(0.0188011023794251,0.0323277301585942,0.0127));
#525=CARTESIAN_POINT('',(0.0190564163684682,0.0330383954617129,0.0127));
#526=CARTESIAN_POINT('',(0.0192919341621194,0.0335719118634253,0.0127));
#527=CARTESIAN_POINT('',(0.0196055021812959,0.0341154062048662,0.0127));
#528=CARTESIAN_POINT('',(0.0200509381054069,0.0346643965456425,0.0127));
#529=CARTESIAN_POINT('',(0.0205754401416986,0.0350777603414261,0.0127));
#530=CARTESIAN_POINT('',(0.0210795664319601,0.0353272931048849,0.0127));
#531=CARTESIAN_POINT('',(0.0215950932447452,0.0355001034717726,0.0127));
#532=CARTESIAN_POINT('',(0.0222148325274731,0.0355845220599966,0.0127));
#533=CARTESIAN_POINT('',(0.022881874729347,0.0355504423368262,0.0127));
#534=CARTESIAN_POINT('',(0.0234872282748,0.035436415794184,0.0127));
#535=CARTESIAN_POINT('',(0.0242420844320144,0.035215337326129,0.0127));
#536=CARTESIAN_POINT('',(0.0251341408725897,0.0348477614922062,0.0127));
#537=CARTESIAN_POINT('',(0.026014726653575,0.0344090447387542,0.0127));
#538=CARTESIAN_POINT('',(0.0267198284366248,0.0340358015980463,0.0127));
#539=CARTESIAN_POINT('',(0.0272448133105094,0.0337526303306399,0.0127));
#540=CARTESIAN_POINT('',(0.0277840505292056,0.0334590692217585,0.0127));
#541=CARTESIAN_POINT('',(0.0285194597000811,0.0330509737742611,0.0127));
#542=CARTESIAN_POINT('',(0.0294623203873558,0.0325078582965787,0.0127));
#543=CARTESIAN_POINT('',(0.0309935710397053,0.0315559814930148,0.0127));
#544=CARTESIAN_POINT('',(0.0325184530184089,0.0304596558838068,0.0127));
#545=CARTESIAN_POINT('',(0.0339516799272364,0.0291698399462352,0.0127));
#546=CARTESIAN_POINT('',(0.0347892097466554,0.028271841364256,0.0127));
#547=CARTESIAN_POINT('',(0.0354100849305218,0.0274917432278529,0.0127));
#548=CARTESIAN_POINT('',(0.0359854216717241,0.0266843746287775,0.0127));
#549=CARTESIAN_POINT('',(0.0366174253138056,0.0256297252028351,0.0127));
#550=CARTESIAN_POINT('',(0.0372146693063551,0.0243131403517582,0.0127));
#551=CARTESIAN_POINT('',(0.0376218195308132,0.0229560546414411,0.0127));
#552=CARTESIAN_POINT('',(0.0377632938010581,0.02178610489271,0.0127));
#553=CARTESIAN_POINT('',(0.0377076669466297,0.0208217407145068,0.0127));
#554=CARTESIAN_POINT('',(0.0375847442207516,0.0202106005875348,0.0127));
#555=CARTESIAN_POINT('',(0.037422512681886,0.0197247379538153,0.0127));
#556=CARTESIAN_POINT('',(0.0372133077970727,0.0192445905939386,0.0127));
#557=CARTESIAN_POINT('',(0.0368778899747215,0.0186955021144837,0.0127));
#558=CARTESIAN_POINT('',(0.0363911886245728,0.0181354848646897,0.0127));
#559=CARTESIAN_POINT('',(0.0356744504794397,0.0175173119658507,0.0127));
#560=CARTESIAN_POINT('',(0.0347069235294409,0.0169405787473424,0.0127));
#561=CARTESIAN_POINT('',(0.0334737504560865,0.0164145631390466,0.0127));
#562=CARTESIAN_POINT('',(0.0321571318589711,0.0159617583248609,0.0127));
#563=CARTESIAN_POINT('',(0.0307545346376435,0.0155241199688498,0.0127));
#564=CARTESIAN_POINT('',(0.0295189161442986,0.0151358983793017,0.0127));
#565=CARTESIAN_POINT('',(0.028496799536633,0.0147921798050612,0.0127));
#566=CARTESIAN_POINT('',(0.0274444910784167,0.0144197738725791,0.0127));
#567=CARTESIAN_POINT('',(0.0260953484697027,0.0139062896542931,0.0127));
#568=CARTESIAN_POINT('',(0.0244805426863014,0.013224361904607,0.0127));
#569=CARTESIAN_POINT('',(0.0229305419862842,0.0124900481690636,0.0127));
#570=CARTESIAN_POINT('',(0.0215074806181349,0.0117192235698242,0.0127));
#571=CARTESIAN_POINT('',(0.0202767445395025,0.0109338682629846,0.0127));
#572=CARTESIAN_POINT('',(0.0194699339618303,0.0102954846126114,0.0127));
#573=CARTESIAN_POINT('',(0.0189910837334763,0.00982700176596964,0.0127));
#574=CARTESIAN_POINT('',(0.0187222088491468,0.009510301414429,0.0127));
#575=CARTESIAN_POINT('',(0.0185462287582248,0.00924600315352517,0.0127));
#576=CARTESIAN_POINT('',(0.0184569120442812,0.00905209175081161,0.0127));
#577=CARTESIAN_POINT('',(0.0184298154521222,0.00895003566848538,0.0127));
#578=CARTESIAN_POINT('',(0.0184133347643917,0.00880703991967664,0.0127));
#579=CARTESIAN_POINT('',(0.0184233758491476,0.00859679998644201,0.0127));
#580=CARTESIAN_POINT('',(0.0184882294054942,0.00821193050448676,0.0127));
#581=CARTESIAN_POINT('',(0.0186815368552956,0.00755292999731029,0.0127));
#582=CARTESIAN_POINT('',(0.0189697034160802,0.00670538227519593,0.0127));
#583=CARTESIAN_POINT('',(0.0191829195748218,0.00590549232083544,0.0127));
#584=CARTESIAN_POINT('',(0.019307248080739,0.00523600287749199,0.0127));
#585=CARTESIAN_POINT('',(0.0193514870385724,0.00461478405784314,0.0127));
#586=CARTESIAN_POINT('',(0.0193294509460651,0.00408518427794128,0.0127));
#587=CARTESIAN_POINT('',(0.0192601302695159,0.00353440370236865,0.0127));
#588=CARTESIAN_POINT('',(0.0190897874946981,0.00287788312082992,0.0127));
#589=CARTESIAN_POINT('',(0.0187830127142178,0.00214953803843409,0.0127));
#590=CARTESIAN_POINT('',(0.0183978810129739,0.00147642133833034,0.0127));
#591=CARTESIAN_POINT('',(0.0178014722698911,0.00063837863219447,0.0127));
#592=CARTESIAN_POINT('',(0.0169265525649905,-0.000326336691638037,0.0127));
#593=CARTESIAN_POINT('',(0.015713367478943,-0.00141770958538174,0.0127));
#594=CARTESIAN_POINT('',(0.0143660520213017,-0.00247938795750905,0.0127));
#595=CARTESIAN_POINT('',(0.0129152120277859,-0.00353236785811858,0.0127));
#596=CARTESIAN_POINT('',(0.0113946692875314,-0.00458900402555776,0.0127));
#597=CARTESIAN_POINT('',(0.00983801302131136,-0.00565815234075464,0.0127));
#598=CARTESIAN_POINT('',(0.00829091746369247,-0.00674192091977553,0.0127));
#599=CARTESIAN_POINT('',(0.00623623299181683,-0.00823491541868706,0.0127));
#600=CARTESIAN_POINT('',(0.00366228419900155,-0.010194198065331,0.0127));
#601=CARTESIAN_POINT('',(0.00053549046677633,-0.0127053586693332,0.0127));
#602=CARTESIAN_POINT('',(-0.00266225816082914,-0.0153871275054221,0.0127));
#603=CARTESIAN_POINT('',(-0.0059623071255465,-0.0182495869585603,0.0127));
#604=CARTESIAN_POINT('',(-0.00882427399486222,-0.0207940879267479,0.0127));
#605=CARTESIAN_POINT('',(-0.0111959247012427,-0.0229291672635575,0.0127));
#606=CARTESIAN_POINT('',(-0.0130216509777267,-0.0245833808477521,0.0127));
#607=CARTESIAN_POINT('',(-0.0148823655718738,-0.0262703302834994,0.0127));
#608=CARTESIAN_POINT('',(-0.0173895036733198,-0.0285318711234342,0.0127));
#609=CARTESIAN_POINT('',(-0.0205371068549411,-0.0313257028954095,0.0127));
#610=CARTESIAN_POINT('',(-0.0236103392212985,-0.0339265485145189,0.0127));
#611=CARTESIAN_POINT('',(-0.0259737041368493,-0.0358046254127001,0.0127));
#612=CARTESIAN_POINT('',(-0.0276878533340941,-0.0370908839888571,0.0127));
#613=CARTESIAN_POINT('',(-0.029334851565441,-0.0382343530965664,0.0127));
#614=CARTESIAN_POINT('',(-0.0309100416283421,-0.0392151635983311,0.0127));
#615=CARTESIAN_POINT('',(-0.0321652226146143,-0.0398806280100126,0.0127));
#616=CARTESIAN_POINT('',(-0.0331440128610337,-0.0403104399203714,0.0127));
#617=CARTESIAN_POINT('',(-0.0338713871705144,-0.0405770918093152,0.0127));
#618=CARTESIAN_POINT('',(-0.0345841333981668,-0.0407801078088933,0.0127));
#619=CARTESIAN_POINT('',(-0.0352892070700382,-0.0409157530610791,0.0127));
#620=CARTESIAN_POINT('',(-0.0359994256196154,-0.0409731266401943,0.0127));
#621=CARTESIAN_POINT('',(-0.0367369697104766,-0.0409274256265034,0.0127));
#622=CARTESIAN_POINT('',(-0.0373985694328791,-0.0407538578541518,0.0127));
#623=CARTESIAN_POINT('',(-0.037943375631064,-0.0404769980517448,0.0127));
#624=CARTESIAN_POINT('',(-0.0383406866754347,-0.0401859875503571,0.0127));
#625=CARTESIAN_POINT('',(-0.0386977351042348,-0.0398087600669063,0.0127));
#626=CARTESIAN_POINT('',(-0.0389815311360859,-0.0393617691699163,0.0127));
#627=CARTESIAN_POINT('',(-0.039171761264619,-0.0388795767247202,0.0127));
#628=CARTESIAN_POINT('',(-0.039269511046183,-0.0383938501826626,0.0127));
#629=CARTESIAN_POINT('',(-0.0392891111831953,-0.0379373986363176,0.0127));
#630=CARTESIAN_POINT('',(-0.0392564861054243,-0.0383987293486147,0.0127));
#631=CARTESIAN_POINT('',(-0.039171761264619,-0.0388795767247202,0.));
#632=CARTESIAN_POINT('',(-0.039269511046183,-0.0383938501826626,0.));
#633=CARTESIAN_POINT('',(-0.0392891111831953,-0.0379373986363176,0.));
#634=CARTESIAN_POINT('',(-0.0392430170555972,-0.0373832261411129,0.));
#635=CARTESIAN_POINT('',(-0.0390951774547892,-0.0367643278050369,0.));
#636=CARTESIAN_POINT('',(-0.0388326891681148,-0.0360698539835341,0.));
#637=CARTESIAN_POINT('',(-0.0384989854452922,-0.0353789367790574,0.));
#638=CARTESIAN_POINT('',(-0.0380989282532658,-0.0346688529600943,0.));
#639=CARTESIAN_POINT('',(-0.0374799624900134,-0.0336809583142157,0.));
#640=CARTESIAN_POINT('',(-0.03655099397645,-0.0323534993760488,0.));
#641=CARTESIAN_POINT('',(-0.0352091309942328,-0.030599815396731,0.));
#642=CARTESIAN_POINT('',(-0.0336668762108078,-0.0286931445193783,0.));
#643=CARTESIAN_POINT('',(-0.0319537850933512,-0.0266476312477011,0.));
#644=CARTESIAN_POINT('',(-0.0294835687939134,-0.0237586421658695,0.));
#645=CARTESIAN_POINT('',(-0.0261269573984471,-0.0198919839670366,0.));
#646=CARTESIAN_POINT('',(-0.0219333184573944,-0.0150066580876692,0.));
#647=CARTESIAN_POINT('',(-0.0185229290476009,-0.0108744767241842,0.));
#648=CARTESIAN_POINT('',(-0.0159857053842294,-0.00762042974814528,0.));
#649=CARTESIAN_POINT('',(-0.0135678080486037,-0.00440545288303051,0.));
#650=CARTESIAN_POINT('',(-0.0107548608005803,-0.000511632563561496,0.));
#651=CARTESIAN_POINT('',(-0.00766814311685439,0.00382140279097177,0.));
#652=CARTESIAN_POINT('',(-0.00529272467573587,0.00703474755113738,0.));
#653=CARTESIAN_POINT('',(-0.00347596935089324,0.00930349621474424,0.));
#654=CARTESIAN_POINT('',(-0.00214304305241633,0.0108396475913741,0.));
#655=CARTESIAN_POINT('',(-0.000823947590439589,0.0121964171972304,0.));
#656=CARTESIAN_POINT('',(0.000282747340605955,0.0131658397649636,0.));
#657=CARTESIAN_POINT('',(0.00118930281792997,0.0138347782841894,0.));
#658=CARTESIAN_POINT('',(0.00188553472438046,0.0142792871747783,0.));
#659=CARTESIAN_POINT('',(0.00248309637031447,0.0145972843444285,0.));
#660=CARTESIAN_POINT('',(0.0029762552752453,0.0148166935951038,0.));
#661=CARTESIAN_POINT('',(0.00370989297032407,0.015101230642562,0.));
#662=CARTESIAN_POINT('',(0.00477640111404949,0.0153725320164704,0.));
#663=CARTESIAN_POINT('',(0.00605092755666617,0.0155245447489011,0.));
#664=CARTESIAN_POINT('',(0.0071545474844102,0.0155978275478991,0.));
#665=CARTESIAN_POINT('',(0.00808885075724796,0.0156887614043913,0.));
#666=CARTESIAN_POINT('',(0.00874241361043837,0.0158260304352679,0.));
#667=CARTESIAN_POINT('',(0.00922536196927212,0.0159941556512084,0.));
#668=CARTESIAN_POINT('',(0.00952356963516696,0.0161317556617655,0.));
#669=CARTESIAN_POINT('',(0.00976581110404409,0.0162675820230846,0.));
#670=CARTESIAN_POINT('',(0.0100247955913309,0.0164303004591442,0.));
#671=CARTESIAN_POINT('',(0.0103733786733908,0.0166827319552174,0.));
#672=CARTESIAN_POINT('',(0.0108207796184644,0.0170614797004093,0.));
#673=CARTESIAN_POINT('',(0.0114436845472674,0.0176602422913082,0.));
#674=CARTESIAN_POINT('',(0.0122529888305428,0.0185689162792844,0.));
#675=CARTESIAN_POINT('',(0.0132302390248928,0.019861924558243,0.));
#676=CARTESIAN_POINT('',(0.014183603173893,0.0213041123322453,0.));
#677=CARTESIAN_POINT('',(0.0150888775325586,0.0228435932768641,0.));
#678=CARTESIAN_POINT('',(0.0159250373229906,0.0244293405507057,0.));
#679=CARTESIAN_POINT('',(0.0166727744622303,0.0260107815325244,0.));
#680=CARTESIAN_POINT('',(0.017206464670998,0.02728145068027,0.));
#681=CARTESIAN_POINT('',(0.0175712302151294,0.0282440308841037,0.));
#682=CARTESIAN_POINT('',(0.0178099747439382,0.0289278121404851,0.));
#683=CARTESIAN_POINT('',(0.0180181748390703,0.0295826012069279,0.));
#684=CARTESIAN_POINT('',(0.0182665713671829,0.030424261651566,0.));
#685=CARTESIAN_POINT('',(0.0185367429492448,0.0314131339869275,0.));
#686=CARTESIAN_POINT('',(0.0188011023794251,0.0323277301585942,0.));
#687=CARTESIAN_POINT('',(0.0190564163684682,0.0330383954617129,0.));
#688=CARTESIAN_POINT('',(0.0192919341621194,0.0335719118634253,0.));
#689=CARTESIAN_POINT('',(0.0196055021812959,0.0341154062048662,0.));
#690=CARTESIAN_POINT('',(0.0200509381054069,0.0346643965456425,0.));
#691=CARTESIAN_POINT('',(0.0205754401416986,0.0350777603414261,0.));
#692=CARTESIAN_POINT('',(0.0210795664319601,0.0353272931048849,0.));
#693=CARTESIAN_POINT('',(0.0215950932447452,0.0355001034717726,0.));
#694=CARTESIAN_POINT('',(0.0222148325274731,0.0355845220599966,0.));
#695=CARTESIAN_POINT('',(0.022881874729347,0.0355504423368262,0.));
#696=CARTESIAN_POINT('',(0.0234872282748,0.035436415794184,0.));
#697=CARTESIAN_POINT('',(0.0242420844320144,0.035215337326129,0.));
#698=CARTESIAN_POINT('',(0.0251341408725897,0.0348477614922062,0.));
#699=CARTESIAN_POINT('',(0.026014726653575,0.0344090447387542,0.));
#700=CARTESIAN_POINT('',(0.0267198284366248,0.0340358015980463,0.));
#701=CARTESIAN_POINT('',(0.0272448133105094,0.0337526303306399,0.));
#702=CARTESIAN_POINT('',(0.0277840505292056,0.0334590692217585,0.));
#703=CARTESIAN_POINT('',(0.0285194597000811,0.0330509737742611,0.));
#704=CARTESIAN_POINT('',(0.0294623203873558,0.0325078582965787,0.));
#705=CARTESIAN_POINT('',(0.0309935710397053,0.0315559814930148,0.));
#706=CARTESIAN_POINT('',(0.0325184530184089,0.0304596558838068,0.));
#707=CARTESIAN_POINT('',(0.0339516799272364,0.0291698399462352,0.));
#708=CARTESIAN_POINT('',(0.0347892097466554,0.028271841364256,0.));
#709=CARTESIAN_POINT('',(0.0354100849305218,0.0274917432278529,0.));
#710=CARTESIAN_POINT('',(0.0359854216717241,0.0266843746287775,0.));
#711=CARTESIAN_POINT('',(0.0366174253138056,0.0256297252028351,0.));
#712=CARTESIAN_POINT('',(0.0372146693063551,0.0243131403517582,0.));
#713=CARTESIAN_POINT('',(0.0376218195308132,0.0229560546414411,0.));
#714=CARTESIAN_POINT('',(0.0377632938010581,0.02178610489271,0.));
#715=CARTESIAN_POINT('',(0.0377076669466297,0.0208217407145068,0.));
#716=CARTESIAN_POINT('',(0.0375847442207516,0.0202106005875348,0.));
#717=CARTESIAN_POINT('',(0.037422512681886,0.0197247379538153,0.));
#718=CARTESIAN_POINT('',(0.0372133077970727,0.0192445905939386,0.));
#719=CARTESIAN_POINT('',(0.0368778899747215,0.0186955021144837,0.));
#720=CARTESIAN_POINT('',(0.0363911886245728,0.0181354848646897,0.));
#721=CARTESIAN_POINT('',(0.0356744504794397,0.0175173119658507,0.));
#722=CARTESIAN_POINT('',(0.0347069235294409,0.0169405787473424,0.));
#723=CARTESIAN_POINT('',(0.0334737504560865,0.0164145631390466,0.));
#724=CARTESIAN_POINT('',(0.0321571318589711,0.0159617583248609,0.));
#725=CARTESIAN_POINT('',(0.0307545346376435,0.0155241199688498,0.));
#726=CARTESIAN_POINT('',(0.0295189161442986,0.0151358983793017,0.));
#727=CARTESIAN_POINT('',(0.028496799536633,0.0147921798050612,0.));
#728=CARTESIAN_POINT('',(0.0274444910784167,0.0144197738725791,0.));
#729=CARTESIAN_POINT('',(0.0260953484697027,0.0139062896542931,0.));
#730=CARTESIAN_POINT('',(0.0244805426863014,0.013224361904607,0.));
#731=CARTESIAN_POINT('',(0.0229305419862842,0.0124900481690636,0.));
#732=CARTESIAN_POINT('',(0.0215074806181349,0.0117192235698242,0.));
#733=CARTESIAN_POINT('',(0.0202767445395025,0.0109338682629846,0.));
#734=CARTESIAN_POINT('',(0.0194699339618303,0.0102954846126114,0.));
#735=CARTESIAN_POINT('',(0.0189910837334763,0.00982700176596964,0.));
#736=CARTESIAN_POINT('',(0.0187222088491468,0.009510301414429,0.));
#737=CARTESIAN_POINT('',(0.0185462287582248,0.00924600315352517,0.));
#738=CARTESIAN_POINT('',(0.0184569120442812,0.00905209175081161,0.));
#739=CARTESIAN_POINT('',(0.0184298154521222,0.00895003566848538,0.));
#740=CARTESIAN_POINT('',(0.0184133347643917,0.00880703991967664,0.));
#741=CARTESIAN_POINT('',(0.0184233758491476,0.00859679998644201,0.));
#742=CARTESIAN_POINT('',(0.0184882294054942,0.00821193050448676,0.));
#743=CARTESIAN_POINT('',(0.0186815368552956,0.00755292999731029,0.));
#744=CARTESIAN_POINT('',(0.0189697034160802,0.00670538227519593,0.));
#745=CARTESIAN_POINT('',(0.0191829195748218,0.00590549232083544,0.));
#746=CARTESIAN_POINT('',(0.019307248080739,0.00523600287749199,0.));
#747=CARTESIAN_POINT('',(0.0193514870385724,0.00461478405784314,0.));
#748=CARTESIAN_POINT('',(0.0193294509460651,0.00408518427794128,0.));
#749=CARTESIAN_POINT('',(0.0192601302695159,0.00353440370236865,0.));
#750=CARTESIAN_POINT('',(0.0190897874946981,0.00287788312082992,0.));
#751=CARTESIAN_POINT('',(0.0187830127142178,0.00214953803843409,0.));
#752=CARTESIAN_POINT('',(0.0183978810129739,0.00147642133833034,0.));
#753=CARTESIAN_POINT('',(0.0178014722698911,0.00063837863219447,0.));
#754=CARTESIAN_POINT('',(0.0169265525649905,-0.000326336691638037,0.));
#755=CARTESIAN_POINT('',(0.015713367478943,-0.00141770958538174,0.));
#756=CARTESIAN_POINT('',(0.0143660520213017,-0.00247938795750905,0.));
#757=CARTESIAN_POINT('',(0.0129152120277859,-0.00353236785811858,0.));
#758=CARTESIAN_POINT('',(0.0113946692875314,-0.00458900402555776,0.));
#759=CARTESIAN_POINT('',(0.00983801302131136,-0.00565815234075464,0.));
#760=CARTESIAN_POINT('',(0.00829091746369247,-0.00674192091977553,0.));
#761=CARTESIAN_POINT('',(0.00623623299181683,-0.00823491541868706,0.));
#762=CARTESIAN_POINT('',(0.00366228419900155,-0.010194198065331,0.));
#763=CARTESIAN_POINT('',(0.00053549046677633,-0.0127053586693332,0.));
#764=CARTESIAN_POINT('',(-0.00266225816082914,-0.0153871275054221,0.));
#765=CARTESIAN_POINT('',(-0.0059623071255465,-0.0182495869585603,0.));
#766=CARTESIAN_POINT('',(-0.00882427399486222,-0.0207940879267479,0.));
#767=CARTESIAN_POINT('',(-0.0111959247012427,-0.0229291672635575,0.));
#768=CARTESIAN_POINT('',(-0.0130216509777267,-0.0245833808477521,0.));
#769=CARTESIAN_POINT('',(-0.0148823655718738,-0.0262703302834994,0.));
#770=CARTESIAN_POINT('',(-0.0173895036733198,-0.0285318711234342,0.));
#771=CARTESIAN_POINT('',(-0.0205371068549411,-0.0313257028954095,0.));
#772=CARTESIAN_POINT('',(-0.0236103392212985,-0.0339265485145189,0.));
#773=CARTESIAN_POINT('',(-0.0259737041368493,-0.0358046254127001,0.));
#774=CARTESIAN_POINT('',(-0.0276878533340941,-0.0370908839888571,0.));
#775=CARTESIAN_POINT('',(-0.029334851565441,-0.0382343530965664,0.));
#776=CARTESIAN_POINT('',(-0.0309100416283421,-0.0392151635983311,0.));
#777=CARTESIAN_POINT('',(-0.0321652226146143,-0.0398806280100126,0.));
#778=CARTESIAN_POINT('',(-0.0331440128610337,-0.0403104399203714,0.));
#779=CARTESIAN_POINT('',(-0.0338713871705144,-0.0405770918093152,0.));
#780=CARTESIAN_POINT('',(-0.0345841333981668,-0.0407801078088933,0.));
#781=CARTESIAN_POINT('',(-0.0352892070700382,-0.0409157530610791,0.));
#782=CARTESIAN_POINT('',(-0.0359994256196154,-0.0409731266401943,0.));
#783=CARTESIAN_POINT('',(-0.0367369697104766,-0.0409274256265034,0.));
#784=CARTESIAN_POINT('',(-0.0373985694328791,-0.0407538578541518,0.));
#785=CARTESIAN_POINT('',(-0.037943375631064,-0.0404769980517448,0.));
#786=CARTESIAN_POINT('',(-0.0383406866754347,-0.0401859875503571,0.));
#787=CARTESIAN_POINT('',(-0.0386977351042348,-0.0398087600669063,0.));
#788=CARTESIAN_POINT('',(-0.0389815311360859,-0.0393617691699163,0.));
#789=CARTESIAN_POINT('',(-0.039171761264619,-0.0388795767247202,0.));
#790=CARTESIAN_POINT('',(-0.039269511046183,-0.0383938501826626,0.));
#791=CARTESIAN_POINT('',(-0.0392891111831953,-0.0379373986363176,0.));
#792=CARTESIAN_POINT('',(-0.0392564861054243,-0.0383987293486147,0.));
#793=CARTESIAN_POINT('',(-0.0320528161536851,-0.0394445518709527,0.0147));
#794=CARTESIAN_POINT('',(-0.0320528161536851,-0.0394445518709527,1.73472347597681E-18));
#795=CARTESIAN_POINT('',(-0.0414564997662174,-0.0388031954851717,0.0147));
#796=CARTESIAN_POINT('',(-0.0414564997662174,-0.0388031954851717,1.73472347597681E-18));
#797=CARTESIAN_POINT('',(-0.0132426254376483,-0.0105728929127706,0.0147));
#798=CARTESIAN_POINT('',(-0.0132426254376483,-0.0105728929127706,1.73472347597681E-18));
#799=CARTESIAN_POINT('',(0.0014252092373741,0.0157119695716978,0.0147));
#800=CARTESIAN_POINT('',(0.0014252092373741,0.0157119695716978,1.73472347597681E-18));
#801=CARTESIAN_POINT('',(0.0116880039058619,0.0118773393768274,0.0147));
#802=CARTESIAN_POINT('',(0.0116880039058619,0.0118773393768274,1.73472347597681E-18));
#803=CARTESIAN_POINT('',(0.0203181203492629,0.0275377740525928,0.0147));
#804=CARTESIAN_POINT('',(0.0203181203492629,0.0275377740525928,1.73472347597681E-18));
#805=CARTESIAN_POINT('',(0.0209344759539344,0.0347927677779637,0.0147));
#806=CARTESIAN_POINT('',(0.0209344759539344,0.0347927677779637,1.73472347597681E-18));
#807=CARTESIAN_POINT('',(0.0266285826294487,0.0318747678743936,0.0147));
#808=CARTESIAN_POINT('',(0.0266285826294487,0.0318747678743936,1.73472347597681E-18));
#809=CARTESIAN_POINT('',(0.0340408821239497,0.0276464746365641,0.0147));
#810=CARTESIAN_POINT('',(0.0340408821239497,0.0276464746365641,1.73472347597681E-18));
#811=CARTESIAN_POINT('',(0.0373015862332797,0.0190568217072716,0.0147));
#812=CARTESIAN_POINT('',(0.0373015862332797,0.0190568217072716,1.73472347597681E-18));
#813=CARTESIAN_POINT('',(0.0281942572256349,0.0173534593451153,0.0147));
#814=CARTESIAN_POINT('',(0.0281942572256349,0.0173534593451153,1.73472347597681E-18));
#815=CARTESIAN_POINT('',(0.0135104353246554,0.0106811624197601,0.0147));
#816=CARTESIAN_POINT('',(0.0135104353246554,0.0106811624197601,1.73472347597681E-18));
#817=CARTESIAN_POINT('',(0.0199680351837493,0.00311641065031498,0.0147));
#818=CARTESIAN_POINT('',(0.0199680351837493,0.00311641065031498,1.73472347597681E-18));
#819=CARTESIAN_POINT('',(0.00568284532350462,-0.00543574882691016,0.0147));
#820=CARTESIAN_POINT('',(0.00568284532350462,-0.00543574882691016,1.73472347597681E-18));
#821=CARTESIAN_POINT('',(-0.0116087652955693,-0.020339953090535,0.0147));
#822=CARTESIAN_POINT('',(-0.0116087652955693,-0.020339953090535,1.73472347597681E-18));
#823=CARTESIAN_POINT('',(-0.0320528161536851,-0.0394445518709527,0.0147));
#824=CARTESIAN_POINT('',(-0.0320528161536851,-0.0394445518709527,1.73472347597681E-18));
#825=CARTESIAN_POINT('',(-0.0414564997662174,-0.0388031954851717,0.0147));
#826=CARTESIAN_POINT('',(-0.0414564997662174,-0.0388031954851717,1.73472347597681E-18));
#827=CARTESIAN_POINT('',(-0.0132426254376483,-0.0105728929127706,0.0147));
#828=CARTESIAN_POINT('',(-0.0132426254376483,-0.0105728929127706,1.73472347597681E-18));
#829=CARTESIAN_POINT('',(-0.0320528161536851,-0.0394445518709527,0.));
#830=CARTESIAN_POINT('',(-0.0414564997662174,-0.0388031954851717,0.));
#831=CARTESIAN_POINT('',(-0.0132426254376483,-0.0105728929127706,0.));
#832=CARTESIAN_POINT('',(0.0014252092373741,0.0157119695716978,0.));
#833=CARTESIAN_POINT('',(0.0116880039058619,0.0118773393768274,0.));
#834=CARTESIAN_POINT('',(0.0203181203492629,0.0275377740525928,0.));
#835=CARTESIAN_POINT('',(0.0209344759539344,0.0347927677779637,0.));
#836=CARTESIAN_POINT('',(0.0266285826294487,0.0318747678743936,0.));
#837=CARTESIAN_POINT('',(0.0340408821239497,0.0276464746365641,0.));
#838=CARTESIAN_POINT('',(0.0373015862332797,0.0190568217072716,0.));
#839=CARTESIAN_POINT('',(0.0281942572256349,0.0173534593451153,0.));
#840=CARTESIAN_POINT('',(0.0135104353246554,0.0106811624197601,0.));
#841=CARTESIAN_POINT('',(0.0199680351837493,0.00311641065031498,0.));
#842=CARTESIAN_POINT('',(0.00568284532350462,-0.00543574882691016,0.));
#843=CARTESIAN_POINT('',(-0.0116087652955693,-0.020339953090535,0.));
#844=CARTESIAN_POINT('',(-0.0320528161536851,-0.0394445518709527,0.));
#845=CARTESIAN_POINT('',(-0.0414564997662174,-0.0388031954851717,0.));
#846=CARTESIAN_POINT('',(-0.0132426254376483,-0.0105728929127706,0.));
#847=CARTESIAN_POINT('',(-0.0372717417776585,-0.0381521731615066,0.));
#848=CARTESIAN_POINT('',(-0.0320528161536851,-0.0394445518709527,0.0147));
#849=CARTESIAN_POINT('',(-0.0414564997662174,-0.0388031954851717,0.0147));
#850=CARTESIAN_POINT('',(-0.0132426254376483,-0.0105728929127706,0.0147));
#851=CARTESIAN_POINT('',(0.0014252092373741,0.0157119695716978,0.0147));
#852=CARTESIAN_POINT('',(0.0116880039058619,0.0118773393768274,0.0147));
#853=CARTESIAN_POINT('',(0.0203181203492629,0.0275377740525928,0.0147));
#854=CARTESIAN_POINT('',(0.0209344759539344,0.0347927677779637,0.0147));
#855=CARTESIAN_POINT('',(0.0266285826294487,0.0318747678743936,0.0147));
#856=CARTESIAN_POINT('',(0.0340408821239497,0.0276464746365641,0.0147));
#857=CARTESIAN_POINT('',(0.0373015862332797,0.0190568217072716,0.0147));
#858=CARTESIAN_POINT('',(0.0281942572256349,0.0173534593451153,0.0147));
#859=CARTESIAN_POINT('',(0.0135104353246554,0.0106811624197601,0.0147));
#860=CARTESIAN_POINT('',(0.0199680351837493,0.00311641065031498,0.0147));
#861=CARTESIAN_POINT('',(0.00568284532350462,-0.00543574882691016,0.0147));
#862=CARTESIAN_POINT('',(-0.0116087652955693,-0.020339953090535,0.0147));
#863=CARTESIAN_POINT('',(-0.0320528161536851,-0.0394445518709527,0.0147));
#864=CARTESIAN_POINT('',(-0.0414564997662174,-0.0388031954851717,0.0147));
#865=CARTESIAN_POINT('',(-0.0132426254376483,-0.0105728929127706,0.0147));
#866=CARTESIAN_POINT('',(-0.0372717417776585,-0.0381521731615066,0.0147));
#867=CARTESIAN_POINT('',(0.0365905652508142,0.0256212242795107,0.));
#868=CARTESIAN_POINT('',(0.0328057037345681,0.0363135913789862,0.0127));
#869=CARTESIAN_POINT('',(0.00731048281951632,0.0206440624970541,0.0127));
#870=CARTESIAN_POINT('',(0.00738317829853914,0.0207028440686694,0.0127));
#871=CARTESIAN_POINT('',(0.00759132169452776,0.0208846450255974,0.0127));
#872=CARTESIAN_POINT('',(0.00816300498381231,0.0214791846775845,0.0127));
#873=CARTESIAN_POINT('',(0.0090532215238228,0.0225953929804839,0.0127));
#874=CARTESIAN_POINT('',(0.010183313000603,0.0243259907645591,0.0127));
#875=CARTESIAN_POINT('',(0.0112595410103944,0.0262623739747079,0.0127));
#876=CARTESIAN_POINT('',(0.0120405645435106,0.0279013093598957,0.0127));
#877=CARTESIAN_POINT('',(0.0125607428088018,0.0291353665253319,0.0127));
#878=CARTESIAN_POINT('',(0.0128357603224948,0.0298538712132241,0.0127));
#879=CARTESIAN_POINT('',(0.0130203284724947,0.0303781492042248,0.0127));
#880=CARTESIAN_POINT('',(0.0131851325524463,0.03087728748354,0.0127));
#881=CARTESIAN_POINT('',(0.013377320945279,0.0315152883581963,0.0127));
#882=CARTESIAN_POINT('',(0.0135992179377712,0.0323093138527069,0.0127));
#883=CARTESIAN_POINT('',(0.0137938055193072,0.0330132133268902,0.0127));
#884=CARTESIAN_POINT('',(0.0139579529991936,0.033565474511108,0.0127));
#885=CARTESIAN_POINT('',(0.0140632902340051,0.0338986334671018,0.0127));
#886=CARTESIAN_POINT('',(0.0141764327889553,0.0342408262026358,0.0127));
#887=CARTESIAN_POINT('',(0.0143099011866532,0.0346154112922675,0.0127));
#888=CARTESIAN_POINT('',(0.0144690309187243,0.0350167847259446,0.0127));
#889=CARTESIAN_POINT('',(0.0146077618535179,0.035341184726265,0.0127));
#890=CARTESIAN_POINT('',(0.0147683833341518,0.0356854001171207,0.0127));
#891=CARTESIAN_POINT('',(0.0149514197315008,0.0360438722269432,0.0127));
#892=CARTESIAN_POINT('',(0.0151725217249958,0.036435722635044,0.0127));
#893=CARTESIAN_POINT('',(0.0154324598277897,0.0368471113418094,0.0127));
#894=CARTESIAN_POINT('',(0.0157340680633028,0.0372721651101062,0.0127));
#895=CARTESIAN_POINT('',(0.0160977780196884,0.0377232189298736,0.0127));
#896=CARTESIAN_POINT('',(0.016525412384778,0.0381826439401828,0.0127));
#897=CARTESIAN_POINT('',(0.0170163616980041,0.0386345009688437,0.0127));
#898=CARTESIAN_POINT('',(0.0174797311779121,0.0389953484529862,0.0127));
#899=CARTESIAN_POINT('',(0.0178861822325224,0.0392701785521816,0.0127));
#900=CARTESIAN_POINT('',(0.01821238550754,0.0394693063156161,0.0127));
#901=CARTESIAN_POINT('',(0.0185483723540489,0.0396527768192606,0.0127));
#902=CARTESIAN_POINT('',(0.0188878451056218,0.0398182804334761,0.0127));
#903=CARTESIAN_POINT('',(0.0192423070792554,0.0399709097053888,0.0127));
#904=CARTESIAN_POINT('',(0.0197127952957835,0.040147217340837,0.0127));
#905=CARTESIAN_POINT('',(0.0202867861825488,0.0403182927458128,0.0127));
#906=CARTESIAN_POINT('',(0.0209523915960967,0.040456805924049,0.0127));
#907=CARTESIAN_POINT('',(0.0215814182821155,0.0405367253930983,0.0127));
#908=CARTESIAN_POINT('',(0.0223565520952859,0.0405805356841596,0.0127));
#909=CARTESIAN_POINT('',(0.0230666753751178,0.0405498332716075,0.0127));
#910=CARTESIAN_POINT('',(0.0236783350106269,0.0404776300604534,0.0127));
#911=CARTESIAN_POINT('',(0.0241122671875082,0.0404065827692214,0.0127));
#912=CARTESIAN_POINT('',(0.0245150113587794,0.0403230356040112,0.0127));
#913=CARTESIAN_POINT('',(0.0250090968201849,0.0402017513341191,0.0127));
#914=CARTESIAN_POINT('',(0.0254623346634242,0.0400661059016797,0.0127));
#915=CARTESIAN_POINT('',(0.0258718494105879,0.0399267901437864,0.0127));
#916=CARTESIAN_POINT('',(0.0262677099500132,0.0397819476756813,0.0127));
#917=CARTESIAN_POINT('',(0.0267312279445466,0.0395950683021462,0.0127));
#918=CARTESIAN_POINT('',(0.0272367690030913,0.0393714098151991,0.0127));
#919=CARTESIAN_POINT('',(0.0278667984341954,0.0390739989522495,0.0127));
#920=CARTESIAN_POINT('',(0.0284525382229288,0.0387755743077861,0.0127));
#921=CARTESIAN_POINT('',(0.0289969105837408,0.0384876976566926,0.0127));
#922=CARTESIAN_POINT('',(0.0293875833128884,0.0382779659139767,0.0127));
#923=CARTESIAN_POINT('',(0.0297717007219929,0.0380699782554871,0.0127));
#924=CARTESIAN_POINT('',(0.0301722697796373,0.0378514409510143,0.0127));
#925=CARTESIAN_POINT('',(0.0305865115373761,0.0376223750585016,0.0127));
#926=CARTESIAN_POINT('',(0.0311526295346639,0.0373041851883707,0.0127));
#927=CARTESIAN_POINT('',(0.0318870162435244,0.0368793936759421,0.0127));
#928=CARTESIAN_POINT('',(0.032801589679609,0.0363223075069865,0.0127));
#929=CARTESIAN_POINT('',(0.0337408474454482,0.0357129245700294,0.0127));
#930=CARTESIAN_POINT('',(0.0346999755447035,0.0350423928854557,0.0127));
#931=CARTESIAN_POINT('',(0.035668840497438,0.0343034742523851,0.0127));
#932=CARTESIAN_POINT('',(0.0366371543872023,0.033488724290882,0.0127));
#933=CARTESIAN_POINT('',(0.037595912243757,0.0325872509587707,0.0127));
#934=CARTESIAN_POINT('',(0.0385334388667557,0.0315883793233197,0.0127));
#935=CARTESIAN_POINT('',(0.0394315289396244,0.0304817858774799,0.0127));
#936=CARTESIAN_POINT('',(0.0402384995735841,0.0293192070251046,0.0127));
#937=CARTESIAN_POINT('',(0.0409584799423084,0.0280971032489697,0.0127));
#938=CARTESIAN_POINT('',(0.041587897329286,0.0268033106112324,0.0127));
#939=CARTESIAN_POINT('',(0.0420266573333781,0.0256562355938453,0.0127));
#940=CARTESIAN_POINT('',(0.0423176070559441,0.0246728361795254,0.0127));
#941=CARTESIAN_POINT('',(0.0424979196423432,0.0239074662507207,0.0127));
#942=CARTESIAN_POINT('',(0.0426376916958693,0.0230974531170716,0.0127));
#943=CARTESIAN_POINT('',(0.0427251844046831,0.0222325603942076,0.0127));
#944=CARTESIAN_POINT('',(0.042746585601772,0.0213278396595994,0.0127));
#945=CARTESIAN_POINT('',(0.0426870648638552,0.0203604638853771,0.0127));
#946=CARTESIAN_POINT('',(0.0425226991496747,0.0193367518428523,0.0127));
#947=CARTESIAN_POINT('',(0.0422801869069055,0.0184498459964959,0.0127));
#948=CARTESIAN_POINT('',(0.0420064769458993,0.0177209208231015,0.0127));
#949=CARTESIAN_POINT('',(0.0417651987911789,0.0171834176138699,0.0127));
#950=CARTESIAN_POINT('',(0.0414887662612134,0.0166599814497263,0.0127));
#951=CARTESIAN_POINT('',(0.0410899987655904,0.0160068416684325,0.0127));
#952=CARTESIAN_POINT('',(0.0405329825724055,0.0152582951409616,0.0127));
#953=CARTESIAN_POINT('',(0.0398206158944806,0.014496636655383,0.0127));
#954=CARTESIAN_POINT('',(0.0390960080380265,0.0138616629564421,0.0127));
#955=CARTESIAN_POINT('',(0.0383911649614869,0.013341942994713,0.0127));
#956=CARTESIAN_POINT('',(0.0376960759818067,0.0129037144024823,0.0127));
#957=CARTESIAN_POINT('',(0.0370376245177784,0.012544016670445,0.0127));
#958=CARTESIAN_POINT('',(0.0364158683350443,0.0122422703596933,0.0127));
#959=CARTESIAN_POINT('',(0.0358101194048475,0.0119781474807445,0.0127));
#960=CARTESIAN_POINT('',(0.0352328849604694,0.0117489510499029,0.0127));
#961=CARTESIAN_POINT('',(0.0344887672214166,0.0114747712573444,0.0127));
#962=CARTESIAN_POINT('',(0.0335951978758886,0.0111752372025622,0.0127));
#963=CARTESIAN_POINT('',(0.032564939051826,0.0108505401226624,0.0127));
#964=CARTESIAN_POINT('',(0.0317288008650623,0.0105898118800644,0.0127));
#965=CARTESIAN_POINT('',(0.031069719205961,0.0103788958461014,0.0127));
#966=CARTESIAN_POINT('',(0.0305808635030374,0.0102181849820297,0.0127));
#967=CARTESIAN_POINT('',(0.0300893775555903,0.0100511382902191,0.0127));
#968=CARTESIAN_POINT('',(0.0294213197035992,0.00981579943160131,0.0127));
#969=CARTESIAN_POINT('',(0.028567792669361,0.00949921018838633,0.0127));
#970=CARTESIAN_POINT('',(0.0272024512545545,0.00895546913373574,0.0127));
#971=CARTESIAN_POINT('',(0.0255527027892356,0.00822063527060197,0.0127));
#972=CARTESIAN_POINT('',(0.0244362005889967,0.0076231148958192,0.0127));
#973=CARTESIAN_POINT('',(0.0239706585252747,0.00734569144772908,0.0127));
#974=CARTESIAN_POINT('',(0.00731048281951608,0.020644062497054,0.0127));
#975=CARTESIAN_POINT('',(0.0239706585252747,0.00734569144772908,0.0127));
#976=CARTESIAN_POINT('',(0.0239706585252747,0.00734569144772915,0.0127));
#977=CARTESIAN_POINT('',(0.0240133050613966,0.00717633192399057,0.0127));
#978=CARTESIAN_POINT('',(0.0240976793738186,0.00681651942391091,0.0127));
#979=CARTESIAN_POINT('',(0.0242135917769959,0.00619492617538064,0.0127));
#980=CARTESIAN_POINT('',(0.0243026153697237,0.0055007009405262,0.0127));
#981=CARTESIAN_POINT('',(0.0243416673306096,0.00485547776855371,0.0127));
#982=CARTESIAN_POINT('',(0.0243421546238815,0.00430536894778726,0.0127));
#983=CARTESIAN_POINT('',(0.0243246925978852,0.00387214693046974,0.0127));
#984=CARTESIAN_POINT('',(0.0242858163475372,0.003419860874687,0.0127));
#985=CARTESIAN_POINT('',(0.0242267632744639,0.00297206557833401,0.0127));
#986=CARTESIAN_POINT('',(0.024145477936818,0.00251839817546908,0.0127));
#987=CARTESIAN_POINT('',(0.024013775082671,0.00193894652760449,0.0127));
#988=CARTESIAN_POINT('',(0.0238097769739135,0.0012531743327081,0.0127));
#989=CARTESIAN_POINT('',(0.0235158404675547,0.000492268669554132,0.0127));
#990=CARTESIAN_POINT('',(0.0230757461717275,-0.000440424400449671,0.0127));
#991=CARTESIAN_POINT('',(0.0224599484076458,-0.0014658577781495,0.0127));
#992=CARTESIAN_POINT('',(0.0216786445688951,-0.00250831804610656,0.0127));
#993=CARTESIAN_POINT('',(0.020865933301016,-0.00342682156503896,0.0127));
#994=CARTESIAN_POINT('',(0.0200471450600217,-0.00423998372978507,0.0127));
#995=CARTESIAN_POINT('',(0.0192131694580551,-0.00498991660399994,0.0127));
#996=CARTESIAN_POINT('',(0.0183723638468468,-0.00568804353184393,0.0127));
#997=CARTESIAN_POINT('',(0.0172378596173429,-0.00657343203309721,0.0127));
#998=CARTESIAN_POINT('',(0.015804595882153,-0.00761489502557571,0.0127));
#999=CARTESIAN_POINT('',(0.0143664956562525,-0.0086120873058098,0.0127));
#1000=CARTESIAN_POINT('',(0.0132314340449925,-0.00939355961554597,0.0127));
#1001=CARTESIAN_POINT('',(0.0123982045103282,-0.00997011446541088,0.0127));
#1002=CARTESIAN_POINT('',(0.0115783218055035,-0.0105447859415714,0.0127));
#1003=CARTESIAN_POINT('',(0.0105017065443225,-0.0113132762472866,0.0127));
#1004=CARTESIAN_POINT('',(0.00914753614409174,-0.012308270514255,0.0127));
#1005=CARTESIAN_POINT('',(0.00696839823465763,-0.0139630067703708,0.0127));
#1006=CARTESIAN_POINT('',(0.00420769461898352,-0.0161573887052485,0.0127));
#1007=CARTESIAN_POINT('',(0.000791156660940258,-0.019010410625293,0.0127));
#1008=CARTESIAN_POINT('',(-0.00217474972981894,-0.0215821907455714,0.0127));
#1009=CARTESIAN_POINT('',(-0.00463894999902695,-0.0237630363179969,0.0127));
#1010=CARTESIAN_POINT('',(-0.00653740461461715,-0.0254613505349576,0.0127));
#1011=CARTESIAN_POINT('',(-0.00849075545955871,-0.027224167679975,0.0127));
#1012=CARTESIAN_POINT('',(-0.0105104661784379,-0.0290562815608996,0.0127));
#1013=CARTESIAN_POINT('',(-0.0125761220894484,-0.0309258022043542,0.0127));
#1014=CARTESIAN_POINT('',(-0.015365978373487,-0.0334282509356433,0.0127));
#1015=CARTESIAN_POINT('',(-0.0188765053975493,-0.036502009033002,0.0127));
#1016=CARTESIAN_POINT('',(-0.0223188498327215,-0.0393204393611103,0.0127));
#1017=CARTESIAN_POINT('',(-0.025007373776408,-0.0413272885631529,0.0127));
#1018=CARTESIAN_POINT('',(-0.0270023802201406,-0.0426897548258982,0.0127));
#1019=CARTESIAN_POINT('',(-0.0286699241048389,-0.0436919882319641,0.0127));
#1020=CARTESIAN_POINT('',(-0.0300507254092986,-0.0444061435992453,0.0127));
#1021=CARTESIAN_POINT('',(-0.0307663463121046,-0.0447298919011153,0.0127));
#1022=CARTESIAN_POINT('',(-0.0311366879818069,-0.044882738671866,0.0127));
#1023=CARTESIAN_POINT('',(-0.0311366879818069,-0.044882738671866,0.0127));
#1024=CARTESIAN_POINT('',(-0.0311366879818066,-0.0448827386718658,0.0127));
#1025=CARTESIAN_POINT('',(-0.031521757282757,-0.0450416638050079,0.0127));
#1026=CARTESIAN_POINT('',(-0.0321147435273474,-0.0452632186434646,0.0127));
#1027=CARTESIAN_POINT('',(-0.0329438067412545,-0.0455140413940622,0.0127));
#1028=CARTESIAN_POINT('',(-0.033583253506783,-0.0456756696839092,0.0127));
#1029=CARTESIAN_POINT('',(-0.034260049291734,-0.0458098651102079,0.0127));
#1030=CARTESIAN_POINT('',(-0.0349718288859495,-0.0459084164060611,0.0127));
#1031=CARTESIAN_POINT('',(-0.0356238828934664,-0.0459535722639255,0.0127));
#1032=CARTESIAN_POINT('',(-0.0361694932241321,-0.0459583494461606,0.0127));
#1033=CARTESIAN_POINT('',(-0.0366101596412519,-0.0459433425599556,0.0127));
#1034=CARTESIAN_POINT('',(-0.037076941578977,-0.0459043757256869,0.0127));
#1035=CARTESIAN_POINT('',(-0.0375593210255604,-0.0458385012037353,0.0127));
#1036=CARTESIAN_POINT('',(-0.038071251629315,-0.0457395144038579,0.0127));
#1037=CARTESIAN_POINT('',(-0.0386243401412244,-0.0455956124980004,0.0127));
#1038=CARTESIAN_POINT('',(-0.0392031909018959,-0.0453997810733346,0.0127));
#1039=CARTESIAN_POINT('',(-0.0397936141943087,-0.0451489667020206,0.0127));
#1040=CARTESIAN_POINT('',(-0.0404101382437647,-0.0448253835826322,0.0127));
#1041=CARTESIAN_POINT('',(-0.0409306425133906,-0.044488399309715,0.0127));
#1042=CARTESIAN_POINT('',(-0.0413397526238085,-0.0441787764227222,0.0127));
#1043=CARTESIAN_POINT('',(-0.0416440671671362,-0.043923667634883,0.0127));
#1044=CARTESIAN_POINT('',(-0.0419399299538021,-0.0436483803381705,0.0127));
#1045=CARTESIAN_POINT('',(-0.0422233634043774,-0.0433557400165353,0.0127));
#1046=CARTESIAN_POINT('',(-0.0424955828313065,-0.0430436090256003,0.0127));
#1047=CARTESIAN_POINT('',(-0.0428439492480511,-0.0425968442840148,0.0127));
#1048=CARTESIAN_POINT('',(-0.0432245397604744,-0.0420172371625858,0.0127));
#1049=CARTESIAN_POINT('',(-0.0436092082568851,-0.0412655591970961,0.0127));
#1050=CARTESIAN_POINT('',(-0.0438500224951169,-0.040637350213195,0.0127));
#1051=CARTESIAN_POINT('',(-0.0440023238955125,-0.0401286037953318,0.0127));
#1052=CARTESIAN_POINT('',(-0.0441244674554068,-0.0396311161751303,0.0127));
#1053=CARTESIAN_POINT('',(-0.0442276641228634,-0.0390263135677476,0.0127));
#1054=CARTESIAN_POINT('',(-0.0442825937716921,-0.0383370466582685,0.0127));
#1055=CARTESIAN_POINT('',(-0.0442826621420975,-0.0377145719117569,0.0127));
#1056=CARTESIAN_POINT('',(-0.0442423421096783,-0.0371409688182577,0.0127));
#1057=CARTESIAN_POINT('',(-0.044175620661866,-0.0366354912741383,0.0127));
#1058=CARTESIAN_POINT('',(-0.0440865620743844,-0.036157280138,0.0127));
#1059=CARTESIAN_POINT('',(-0.0439807398642091,-0.0357149635455853,0.0127));
#1060=CARTESIAN_POINT('',(-0.0438667964809117,-0.0353162482905563,0.0127));
#1061=CARTESIAN_POINT('',(-0.0437073723615651,-0.0348261154920415,0.0127));
#1062=CARTESIAN_POINT('',(-0.0435312593300754,-0.0343666330681596,0.0127));
#1063=CARTESIAN_POINT('',(-0.043351559365705,-0.0339487215421477,0.0127));
#1064=CARTESIAN_POINT('',(-0.04316559088168,-0.0335433501638802,0.0127));
#1065=CARTESIAN_POINT('',(-0.0429254548413765,-0.0330635011530147,0.0127));
#1066=CARTESIAN_POINT('',(-0.0425266325860403,-0.0323334608057639,0.0127));
#1067=CARTESIAN_POINT('',(-0.0419972034099253,-0.0314610106407565,0.0127));
#1068=CARTESIAN_POINT('',(-0.0413098454417705,-0.0304303029772864,0.0127));
#1069=CARTESIAN_POINT('',(-0.0405657516661486,-0.0293890302426582,0.0127));
#1070=CARTESIAN_POINT('',(-0.0394991184664806,-0.027970428668785,0.0127));
#1071=CARTESIAN_POINT('',(-0.0380251769584118,-0.0261178368743065,0.0127));
#1072=CARTESIAN_POINT('',(-0.036057026431362,-0.0237536589038065,0.0127));
#1073=CARTESIAN_POINT('',(-0.0339250964115052,-0.0212578954459736,0.0127));
#1074=CARTESIAN_POINT('',(-0.0316714873959152,-0.0186509853711115,0.0127));
#1075=CARTESIAN_POINT('',(-0.0293425470145535,-0.0159596638028458,0.0127));
#1076=CARTESIAN_POINT('',(-0.026985639658209,-0.0132126784236869,0.0127));
#1077=CARTESIAN_POINT('',(-0.0246501218189769,-0.0104424409549119,0.0127));
#1078=CARTESIAN_POINT('',(-0.0223882889380736,-0.00768525689949431,0.0127));
#1079=CARTESIAN_POINT('',(-0.0202588509099424,-0.0049801920826657,0.0127));
#1080=CARTESIAN_POINT('',(-0.0182346478937662,-0.0022961072206172,0.0127));
#1081=CARTESIAN_POINT('',(-0.0162990177613923,0.000349718163494257,0.0127));
#1082=CARTESIAN_POINT('',(-0.014447080702305,0.00292812975454126,0.0127));
#1083=CARTESIAN_POINT('',(-0.0126663461607781,0.0054191970929073,0.0127));
#1084=CARTESIAN_POINT('',(-0.0109440644760446,0.00780148884784412,0.0127));
#1085=CARTESIAN_POINT('',(-0.00926110126448866,0.0100589551496678,0.0127));
#1086=CARTESIAN_POINT('',(-0.00759443417292826,0.0121762759409701,0.0127));
#1087=CARTESIAN_POINT('',(-0.00590531014866922,0.0141469375284981,0.0127));
#1088=CARTESIAN_POINT('',(-0.00443244926031057,0.0156621053052559,0.0127));
#1089=CARTESIAN_POINT('',(-0.0031610198859346,0.0167977261329006,0.0127));
#1090=CARTESIAN_POINT('',(-0.00214508796973968,0.0176046407034842,0.0127));
#1091=CARTESIAN_POINT('',(-0.00104020163474214,0.0183624425428737,0.0127));
#1092=CARTESIAN_POINT('',(-2.73313237255764E-5,0.0189380395050586,0.0127));
#1093=CARTESIAN_POINT('',(0.000857785161979168,0.0193527834908149,0.0127));
#1094=CARTESIAN_POINT('',(0.00176157089083655,0.0197162176495681,0.0127));
#1095=CARTESIAN_POINT('',(0.00284271050215458,0.0200499745912043,0.0127));
#1096=CARTESIAN_POINT('',(0.00402616020662024,0.0203013701971894,0.0127));
#1097=CARTESIAN_POINT('',(0.00506316647164902,0.0204452669482495,0.0127));
#1098=CARTESIAN_POINT('',(0.00590634395144998,0.0205230531394997,0.0127));
#1099=CARTESIAN_POINT('',(0.00646774214689261,0.0205642960519683,0.0127));
#1100=CARTESIAN_POINT('',(0.00680884711593775,0.0205911086463697,0.0127));
#1101=CARTESIAN_POINT('',(0.00709432619004589,0.0206166299014771,0.0127));
#1102=CARTESIAN_POINT('',(0.0072438578238459,0.0206345356347355,0.0127));
#1103=CARTESIAN_POINT('',(0.00731048281951614,0.020644062497054,0.0127));
#1104=CARTESIAN_POINT('',(0.00731048281951632,0.0206440624970541,0.0147));
#1105=CARTESIAN_POINT('',(0.00731048281951632,0.0206440624970541,0.0127));
#1106=CARTESIAN_POINT('',(0.00745587377756196,0.0207616256402846,0.0147));
#1107=CARTESIAN_POINT('',(0.00745587377756196,0.0207616256402846,0.0127));
#1108=CARTESIAN_POINT('',(0.00798692796626715,0.0212555984306638,0.0147));
#1109=CARTESIAN_POINT('',(0.00798692796626715,0.0212555984306638,0.0127));
#1110=CARTESIAN_POINT('',(0.00905269139203103,0.0225954791149425,0.0147));
#1111=CARTESIAN_POINT('',(0.00905269139203103,0.0225954791149425,0.0127));
#1112=CARTESIAN_POINT('',(0.0101834672373133,0.0243259908130658,0.0147));
#1113=CARTESIAN_POINT('',(0.0101834672373133,0.0243259908130658,0.0127));
#1114=CARTESIAN_POINT('',(0.0112594541953452,0.0262622876462224,0.0147));
#1115=CARTESIAN_POINT('',(0.0112594541953452,0.0262622876462224,0.0127));
#1116=CARTESIAN_POINT('',(0.0121969622736206,0.0282294417023687,0.0147));
#1117=CARTESIAN_POINT('',(0.0121969622736206,0.0282294417023687,0.0127));
#1118=CARTESIAN_POINT('',(0.0129240310885722,0.0300403418804742,0.0147));
#1119=CARTESIAN_POINT('',(0.0129240310885722,0.0300403418804742,0.0127));
#1120=CARTESIAN_POINT('',(0.013380604601582,0.0314935721619237,0.0147));
#1121=CARTESIAN_POINT('',(0.013380604601582,0.0314935721619237,0.0127));
#1122=CARTESIAN_POINT('',(0.0137373900151524,0.032836865415264,0.0147));
#1123=CARTESIAN_POINT('',(0.0137373900151524,0.032836865415264,0.0127));
#1124=CARTESIAN_POINT('',(0.0141266732138939,0.0341249435450802,0.0147));
#1125=CARTESIAN_POINT('',(0.0141266732138939,0.0341249435450802,0.0127));
#1126=CARTESIAN_POINT('',(0.0145576421522669,0.035289205161524,0.0147));
#1127=CARTESIAN_POINT('',(0.0145576421522669,0.035289205161524,0.0127000000000001));
#1128=CARTESIAN_POINT('',(0.0153112198439863,0.0367851595569494,0.0147));
#1129=CARTESIAN_POINT('',(0.0153112198439863,0.0367851595569494,0.0127));
#1130=CARTESIAN_POINT('',(0.0165801262833687,0.0383529346953802,0.0147));
#1131=CARTESIAN_POINT('',(0.0165801262833687,0.0383529346953802,0.0127000000000001));
#1132=CARTESIAN_POINT('',(0.0181751608464835,0.0395017685196121,0.0147));
#1133=CARTESIAN_POINT('',(0.0181751608464835,0.0395017685196121,0.0127));
#1134=CARTESIAN_POINT('',(0.0196045683066494,0.0401529634040201,0.0147));
#1135=CARTESIAN_POINT('',(0.0196045683066494,0.0401529634040201,0.0127));
#1136=CARTESIAN_POINT('',(0.0209719576232692,0.0404854968004233,0.0147));
#1137=CARTESIAN_POINT('',(0.0209719576232692,0.0404854968004233,0.0127000000000001));
#1138=CARTESIAN_POINT('',(0.0225898435246764,0.0406212227057173,0.0147));
#1139=CARTESIAN_POINT('',(0.0225898435246764,0.0406212227057173,0.0127));
#1140=CARTESIAN_POINT('',(0.0241918866247929,0.0404321174378249,0.0147));
#1141=CARTESIAN_POINT('',(0.0241918866247929,0.0404321174378249,0.0127000000000001));
#1142=CARTESIAN_POINT('',(0.0256054337156144,0.040039483230755,0.0147));
#1143=CARTESIAN_POINT('',(0.0256054337156144,0.040039483230755,0.0127));
#1144=CARTESIAN_POINT('',(0.0267527970660029,0.0395957762496665,0.0147));
#1145=CARTESIAN_POINT('',(0.0267527970660029,0.0395957762496665,0.0127));
#1146=CARTESIAN_POINT('',(0.0277200651527578,0.0391484183447512,0.0147));
#1147=CARTESIAN_POINT('',(0.0277200651527578,0.0391484183447512,0.0127));
#1148=CARTESIAN_POINT('',(0.0286005439602971,0.0387001534884931,0.0147));
#1149=CARTESIAN_POINT('',(0.0286005439602971,0.0387001534884931,0.0127));
#1150=CARTESIAN_POINT('',(0.029388863170884,0.0382778725680377,0.0147));
#1151=CARTESIAN_POINT('',(0.029388863170884,0.0382778725680377,0.0127));
#1152=CARTESIAN_POINT('',(0.0301629479134545,0.0378578958074425,0.0147));
#1153=CARTESIAN_POINT('',(0.0301629479134545,0.0378578958074425,0.0127));
#1154=CARTESIAN_POINT('',(0.0312878660998037,0.0372322498245037,0.0147));
#1155=CARTESIAN_POINT('',(0.0312878660998037,0.0372322498245037,0.0127));
#1156=CARTESIAN_POINT('',(0.0327877052768737,0.0363492082060409,0.0147));
#1157=CARTESIAN_POINT('',(0.0327877052768737,0.0363492082060409,0.0127000000000001));
#1158=CARTESIAN_POINT('',(0.0346955030355238,0.0350758573015573,0.0147));
#1159=CARTESIAN_POINT('',(0.0346955030355238,0.0350758573015573,0.0127));
#1160=CARTESIAN_POINT('',(0.0366398727027314,0.0335333329519666,0.0147));
#1161=CARTESIAN_POINT('',(0.0366398727027314,0.0335333329519666,0.0127));
#1162=CARTESIAN_POINT('',(0.0385583764435548,0.0316364332652598,0.0147));
#1163=CARTESIAN_POINT('',(0.0385583764435548,0.0316364332652598,0.0127));
#1164=CARTESIAN_POINT('',(0.0402878181734537,0.0293434881165235,0.0147));
#1165=CARTESIAN_POINT('',(0.0402878181734537,0.0293434881165235,0.0127));
#1166=CARTESIAN_POINT('',(0.0416343580388999,0.0268453314955138,0.0147));
#1167=CARTESIAN_POINT('',(0.0416343580388999,0.0268453314955138,0.0127));
#1168=CARTESIAN_POINT('',(0.0424384165603132,0.0244845154039926,0.0147));
#1169=CARTESIAN_POINT('',(0.0424384165603132,0.0244845154039926,0.0127));
#1170=CARTESIAN_POINT('',(0.0427574672442493,0.02225888312345,0.0147));
#1171=CARTESIAN_POINT('',(0.0427574672442493,0.02225888312345,0.0127));
#1172=CARTESIAN_POINT('',(0.042736966708079,0.0203918945258444,0.0147));
#1173=CARTESIAN_POINT('',(0.042736966708079,0.0203918945258444,0.0127));
#1174=CARTESIAN_POINT('',(0.0423122101303023,0.0182799858171334,0.0147));
#1175=CARTESIAN_POINT('',(0.0423122101303023,0.0182799858171334,0.0127));
#1176=CARTESIAN_POINT('',(0.0412448991872401,0.0160841501763511,0.0147));
#1177=CARTESIAN_POINT('',(0.0412448991872401,0.0160841501763511,0.0127));
#1178=CARTESIAN_POINT('',(0.0398229142282515,0.0144313244396559,0.0147));
#1179=CARTESIAN_POINT('',(0.0398229142282515,0.0144313244396559,0.0127));
#1180=CARTESIAN_POINT('',(0.0378922260413937,0.0129189675653961,0.0147));
#1181=CARTESIAN_POINT('',(0.0378922260413937,0.0129189675653961,0.0127));
#1182=CARTESIAN_POINT('',(0.0357472541506528,0.0119055430575985,0.0147));
#1183=CARTESIAN_POINT('',(0.0357472541506528,0.0119055430575985,0.0127000000000001));
#1184=CARTESIAN_POINT('',(0.0335789938927505,0.0111599866352246,0.0147));
#1185=CARTESIAN_POINT('',(0.0335789938927505,0.0111599866352246,0.0127));
#1186=CARTESIAN_POINT('',(0.031549981924248,0.0105406774027151,0.0147));
#1187=CARTESIAN_POINT('',(0.031549981924248,0.0105406774027151,0.0127));
#1188=CARTESIAN_POINT('',(0.0296101755571341,0.00989863426341446,0.0147));
#1189=CARTESIAN_POINT('',(0.0296101755571341,0.00989863426341446,0.0127));
#1190=CARTESIAN_POINT('',(0.0268391934264194,0.00883862078310805,0.0147));
#1191=CARTESIAN_POINT('',(0.0268391934264194,0.00883862078310805,0.0127000000000001));
#1192=CARTESIAN_POINT('',(0.0249017426527185,0.00790053834390931,0.0147));
#1193=CARTESIAN_POINT('',(0.0249017426527185,0.00790053834390931,0.0127));
#1194=CARTESIAN_POINT('',(0.0239706585252747,0.00734569144772908,0.0147));
#1195=CARTESIAN_POINT('',(0.0239706585252747,0.00734569144772908,0.0127));
#1196=CARTESIAN_POINT('',(0.00731048281951608,0.020644062497054,0.0147));
#1197=CARTESIAN_POINT('',(0.00731048281951608,0.020644062497054,0.0147));
#1198=CARTESIAN_POINT('',(0.00731048281951632,0.0206440624970541,0.0147));
#1199=CARTESIAN_POINT('',(0.00738317829853914,0.0207028440686694,0.0147));
#1200=CARTESIAN_POINT('',(0.00759132169452776,0.0208846450255974,0.0147));
#1201=CARTESIAN_POINT('',(0.00816300498381231,0.0214791846775845,0.0147));
#1202=CARTESIAN_POINT('',(0.0090532215238228,0.0225953929804839,0.0147));
#1203=CARTESIAN_POINT('',(0.010183313000603,0.0243259907645591,0.0147));
#1204=CARTESIAN_POINT('',(0.0112595410103944,0.0262623739747079,0.0147));
#1205=CARTESIAN_POINT('',(0.0120405645435106,0.0279013093598957,0.0147));
#1206=CARTESIAN_POINT('',(0.0125607428088018,0.0291353665253319,0.0147));
#1207=CARTESIAN_POINT('',(0.0128357603224948,0.0298538712132241,0.0147));
#1208=CARTESIAN_POINT('',(0.0130203284724947,0.0303781492042248,0.0147));
#1209=CARTESIAN_POINT('',(0.0131851325524463,0.03087728748354,0.0147));
#1210=CARTESIAN_POINT('',(0.013377320945279,0.0315152883581963,0.0147));
#1211=CARTESIAN_POINT('',(0.0135992179377712,0.0323093138527069,0.0147));
#1212=CARTESIAN_POINT('',(0.0137938055193072,0.0330132133268902,0.0147));
#1213=CARTESIAN_POINT('',(0.0139579529991936,0.033565474511108,0.0147));
#1214=CARTESIAN_POINT('',(0.0140632902340051,0.0338986334671018,0.0147));
#1215=CARTESIAN_POINT('',(0.0141764327889553,0.0342408262026358,0.0147));
#1216=CARTESIAN_POINT('',(0.0143099011866532,0.0346154112922675,0.0147));
#1217=CARTESIAN_POINT('',(0.0144690309187243,0.0350167847259446,0.0147));
#1218=CARTESIAN_POINT('',(0.0146077618535179,0.035341184726265,0.0147));
#1219=CARTESIAN_POINT('',(0.0147683833341518,0.0356854001171207,0.0147));
#1220=CARTESIAN_POINT('',(0.0149514197315008,0.0360438722269432,0.0147));
#1221=CARTESIAN_POINT('',(0.0151725217249958,0.036435722635044,0.0147));
#1222=CARTESIAN_POINT('',(0.0154324598277897,0.0368471113418094,0.0147));
#1223=CARTESIAN_POINT('',(0.0157340680633028,0.0372721651101062,0.0147));
#1224=CARTESIAN_POINT('',(0.0160977780196884,0.0377232189298736,0.0147));
#1225=CARTESIAN_POINT('',(0.016525412384778,0.0381826439401828,0.0147));
#1226=CARTESIAN_POINT('',(0.0170163616980041,0.0386345009688437,0.0147));
#1227=CARTESIAN_POINT('',(0.0174797311779121,0.0389953484529862,0.0147));
#1228=CARTESIAN_POINT('',(0.0178861822325224,0.0392701785521816,0.0147));
#1229=CARTESIAN_POINT('',(0.01821238550754,0.0394693063156161,0.0147));
#1230=CARTESIAN_POINT('',(0.0185483723540489,0.0396527768192606,0.0147));
#1231=CARTESIAN_POINT('',(0.0188878451056218,0.0398182804334761,0.0147));
#1232=CARTESIAN_POINT('',(0.0192423070792554,0.0399709097053888,0.0147));
#1233=CARTESIAN_POINT('',(0.0197127952957835,0.040147217340837,0.0147));
#1234=CARTESIAN_POINT('',(0.0202867861825488,0.0403182927458128,0.0147));
#1235=CARTESIAN_POINT('',(0.0209523915960967,0.040456805924049,0.0147));
#1236=CARTESIAN_POINT('',(0.0215814182821155,0.0405367253930983,0.0147));
#1237=CARTESIAN_POINT('',(0.0223565520952859,0.0405805356841596,0.0147));
#1238=CARTESIAN_POINT('',(0.0230666753751178,0.0405498332716075,0.0147));
#1239=CARTESIAN_POINT('',(0.0236783350106269,0.0404776300604534,0.0147));
#1240=CARTESIAN_POINT('',(0.0241122671875082,0.0404065827692214,0.0147));
#1241=CARTESIAN_POINT('',(0.0245150113587794,0.0403230356040112,0.0147));
#1242=CARTESIAN_POINT('',(0.0250090968201849,0.0402017513341191,0.0147));
#1243=CARTESIAN_POINT('',(0.0254623346634242,0.0400661059016797,0.0147));
#1244=CARTESIAN_POINT('',(0.0258718494105879,0.0399267901437864,0.0147));
#1245=CARTESIAN_POINT('',(0.0262677099500132,0.0397819476756813,0.0147));
#1246=CARTESIAN_POINT('',(0.0267312279445466,0.0395950683021462,0.0147));
#1247=CARTESIAN_POINT('',(0.0272367690030913,0.0393714098151991,0.0147));
#1248=CARTESIAN_POINT('',(0.0278667984341954,0.0390739989522495,0.0147));
#1249=CARTESIAN_POINT('',(0.0284525382229288,0.0387755743077861,0.0147));
#1250=CARTESIAN_POINT('',(0.0289969105837408,0.0384876976566926,0.0147));
#1251=CARTESIAN_POINT('',(0.0293875833128884,0.0382779659139767,0.0147));
#1252=CARTESIAN_POINT('',(0.0297717007219929,0.0380699782554871,0.0147));
#1253=CARTESIAN_POINT('',(0.0301722697796373,0.0378514409510143,0.0147));
#1254=CARTESIAN_POINT('',(0.0305865115373761,0.0376223750585016,0.0147));
#1255=CARTESIAN_POINT('',(0.0311526295346639,0.0373041851883707,0.0147));
#1256=CARTESIAN_POINT('',(0.0318870162435244,0.0368793936759421,0.0147));
#1257=CARTESIAN_POINT('',(0.032801589679609,0.0363223075069865,0.0147));
#1258=CARTESIAN_POINT('',(0.0337408474454482,0.0357129245700294,0.0147));
#1259=CARTESIAN_POINT('',(0.0346999755447035,0.0350423928854557,0.0147));
#1260=CARTESIAN_POINT('',(0.035668840497438,0.0343034742523851,0.0147));
#1261=CARTESIAN_POINT('',(0.0366371543872023,0.033488724290882,0.0147));
#1262=CARTESIAN_POINT('',(0.037595912243757,0.0325872509587707,0.0147));
#1263=CARTESIAN_POINT('',(0.0385334388667557,0.0315883793233197,0.0147));
#1264=CARTESIAN_POINT('',(0.0394315289396244,0.0304817858774799,0.0147));
#1265=CARTESIAN_POINT('',(0.0402384995735841,0.0293192070251046,0.0147));
#1266=CARTESIAN_POINT('',(0.0409584799423084,0.0280971032489697,0.0147));
#1267=CARTESIAN_POINT('',(0.041587897329286,0.0268033106112324,0.0147));
#1268=CARTESIAN_POINT('',(0.0420266573333781,0.0256562355938453,0.0147));
#1269=CARTESIAN_POINT('',(0.0423176070559441,0.0246728361795254,0.0147));
#1270=CARTESIAN_POINT('',(0.0424979196423432,0.0239074662507207,0.0147));
#1271=CARTESIAN_POINT('',(0.0426376916958693,0.0230974531170716,0.0147));
#1272=CARTESIAN_POINT('',(0.0427251844046831,0.0222325603942076,0.0147));
#1273=CARTESIAN_POINT('',(0.042746585601772,0.0213278396595994,0.0147));
#1274=CARTESIAN_POINT('',(0.0426870648638552,0.0203604638853771,0.0147));
#1275=CARTESIAN_POINT('',(0.0425226991496747,0.0193367518428523,0.0147));
#1276=CARTESIAN_POINT('',(0.0422801869069055,0.0184498459964959,0.0147));
#1277=CARTESIAN_POINT('',(0.0420064769458993,0.0177209208231015,0.0147));
#1278=CARTESIAN_POINT('',(0.0417651987911789,0.0171834176138699,0.0147));
#1279=CARTESIAN_POINT('',(0.0414887662612134,0.0166599814497263,0.0147));
#1280=CARTESIAN_POINT('',(0.0410899987655904,0.0160068416684325,0.0147));
#1281=CARTESIAN_POINT('',(0.0405329825724055,0.0152582951409616,0.0147));
#1282=CARTESIAN_POINT('',(0.0398206158944806,0.014496636655383,0.0147));
#1283=CARTESIAN_POINT('',(0.0390960080380265,0.0138616629564421,0.0147));
#1284=CARTESIAN_POINT('',(0.0383911649614869,0.013341942994713,0.0147));
#1285=CARTESIAN_POINT('',(0.0376960759818067,0.0129037144024823,0.0147));
#1286=CARTESIAN_POINT('',(0.0370376245177784,0.012544016670445,0.0147));
#1287=CARTESIAN_POINT('',(0.0364158683350443,0.0122422703596933,0.0147));
#1288=CARTESIAN_POINT('',(0.0358101194048475,0.0119781474807445,0.0147));
#1289=CARTESIAN_POINT('',(0.0352328849604694,0.0117489510499029,0.0147));
#1290=CARTESIAN_POINT('',(0.0344887672214166,0.0114747712573444,0.0147));
#1291=CARTESIAN_POINT('',(0.0335951978758886,0.0111752372025622,0.0147));
#1292=CARTESIAN_POINT('',(0.032564939051826,0.0108505401226624,0.0147));
#1293=CARTESIAN_POINT('',(0.0317288008650623,0.0105898118800644,0.0147));
#1294=CARTESIAN_POINT('',(0.031069719205961,0.0103788958461014,0.0147));
#1295=CARTESIAN_POINT('',(0.0305808635030374,0.0102181849820297,0.0147));
#1296=CARTESIAN_POINT('',(0.0300893775555903,0.0100511382902191,0.0147));
#1297=CARTESIAN_POINT('',(0.0294213197035992,0.00981579943160131,0.0147));
#1298=CARTESIAN_POINT('',(0.028567792669361,0.00949921018838633,0.0147));
#1299=CARTESIAN_POINT('',(0.0272024512545545,0.00895546913373574,0.0147));
#1300=CARTESIAN_POINT('',(0.0255527027892356,0.00822063527060197,0.0147));
#1301=CARTESIAN_POINT('',(0.0244362005889967,0.0076231148958192,0.0147));
#1302=CARTESIAN_POINT('',(0.0239706585252747,0.00734569144772908,0.0147));
#1303=CARTESIAN_POINT('',(0.0239706585252747,0.00734569144772908,0.0147));
#1304=CARTESIAN_POINT('',(0.0239706585252747,0.00734569144772908,0.0147));
#1305=CARTESIAN_POINT('',(0.0239706585252747,0.00734569144772915,0.0147));
#1306=CARTESIAN_POINT('',(0.0239706585252747,0.00734569144772915,0.0127));
#1307=CARTESIAN_POINT('',(0.0240559515975185,0.00700697240025206,0.0147));
#1308=CARTESIAN_POINT('',(0.0240559515975185,0.00700697240025206,0.0127));
#1309=CARTESIAN_POINT('',(0.0242252681629361,0.00623188924553524,0.0147));
#1310=CARTESIAN_POINT('',(0.0242252681629361,0.00623188924553524,0.0127));
#1311=CARTESIAN_POINT('',(0.0243822958849721,0.00477485410620824,0.0147));
#1312=CARTESIAN_POINT('',(0.0243822958849721,0.00477485410620824,0.0127));
#1313=CARTESIAN_POINT('',(0.0242809060830226,0.00295943256821009,0.0147));
#1314=CARTESIAN_POINT('',(0.0242809060830226,0.00295943256821009,0.0127));
#1315=CARTESIAN_POINT('',(0.0238324271651485,0.00121393698444461,0.0147));
#1316=CARTESIAN_POINT('',(0.0238324271651485,0.00121393698444461,0.0127));
#1317=CARTESIAN_POINT('',(0.0231989083240148,-0.000234113539017267,0.0147));
#1318=CARTESIAN_POINT('',(0.0231989083240148,-0.000234113539017267,0.0127));
#1319=CARTESIAN_POINT('',(0.0222140786322339,-0.00187505074318889,0.0147));
#1320=CARTESIAN_POINT('',(0.0222140786322339,-0.00187505074318889,0.0127));
#1321=CARTESIAN_POINT('',(0.0208721104998767,-0.00347169282525025,0.0147));
#1322=CARTESIAN_POINT('',(0.0208721104998767,-0.00347169282525025,0.0127));
#1323=CARTESIAN_POINT('',(0.0192186085747695,-0.00501309440826939,0.0147));
#1324=CARTESIAN_POINT('',(0.0192186085747695,-0.00501309440826939,0.0127));
#1325=CARTESIAN_POINT('',(0.0169613197285889,-0.0068137994896448,0.0147));
#1326=CARTESIAN_POINT('',(0.0169613197285889,-0.0068137994896448,0.0127));
#1327=CARTESIAN_POINT('',(0.0146420489387795,-0.00842382672554391,0.0147));
#1328=CARTESIAN_POINT('',(0.0146420489387795,-0.00842382672554391,0.0127));
#1329=CARTESIAN_POINT('',(0.0123881298276663,-0.00997314912900572,0.0147));
#1330=CARTESIAN_POINT('',(0.0123881298276663,-0.00997314912900572,0.0127));
#1331=CARTESIAN_POINT('',(0.0102326039509673,-0.0114956830587699,0.0147));
#1332=CARTESIAN_POINT('',(0.0102326039509673,-0.0114956830587699,0.0127));
#1333=CARTESIAN_POINT('',(0.00752041937347628,-0.0135247932737326,0.0147));
#1334=CARTESIAN_POINT('',(0.00752041937347628,-0.0135247932737326,0.0127));
#1335=CARTESIAN_POINT('',(0.00420766542017324,-0.0161572867732369,0.0147));
#1336=CARTESIAN_POINT('',(0.00420766542017324,-0.0161572867732369,0.0127));
#1337=CARTESIAN_POINT('',(0.000791393040497829,-0.0190101554630015,0.0147));
#1338=CARTESIAN_POINT('',(0.000791393040497829,-0.0190101554630015,0.0127));
#1339=CARTESIAN_POINT('',(-0.0027688473273903,-0.0220976693508042,0.0147));
#1340=CARTESIAN_POINT('',(-0.0027688473273903,-0.0220976693508042,0.0127));
#1341=CARTESIAN_POINT('',(-0.00650654009196188,-0.0254252907039492,0.0147));
#1342=CARTESIAN_POINT('',(-0.00650654009196188,-0.0254252907039492,0.0127));
#1343=CARTESIAN_POINT('',(-0.0104843162218165,-0.0290337739712011,0.0147));
#1344=CARTESIAN_POINT('',(-0.0104843162218165,-0.0290337739712011,0.0127));
#1345=CARTESIAN_POINT('',(-0.0146649372835302,-0.0328147095391737,0.0147));
#1346=CARTESIAN_POINT('',(-0.0146649372835302,-0.0328147095391737,0.0127));
#1347=CARTESIAN_POINT('',(-0.018876303126532,-0.0365014992623289,0.0147));
#1348=CARTESIAN_POINT('',(-0.018876303126532,-0.0365014992623289,0.0127));
#1349=CARTESIAN_POINT('',(-0.0230070634889693,-0.0398849542864217,0.0147));
#1350=CARTESIAN_POINT('',(-0.0230070634889693,-0.0398849542864217,0.0127));
#1351=CARTESIAN_POINT('',(-0.0270086520272237,-0.0427676460314874,0.0147));
#1352=CARTESIAN_POINT('',(-0.0270086520272237,-0.0427676460314874,0.0127));
#1353=CARTESIAN_POINT('',(-0.0296553213029976,-0.0442713515888634,0.0147));
#1354=CARTESIAN_POINT('',(-0.0296553213029976,-0.0442713515888634,0.0127));
#1355=CARTESIAN_POINT('',(-0.0311366879818069,-0.044882738671866,0.0147));
#1356=CARTESIAN_POINT('',(-0.0311366879818069,-0.044882738671866,0.0127));
#1357=CARTESIAN_POINT('',(0.0239706585252747,0.00734569144772915,0.0147));
#1358=CARTESIAN_POINT('',(0.0240133050613966,0.00717633192399057,0.0147));
#1359=CARTESIAN_POINT('',(0.0240976793738186,0.00681651942391091,0.0147));
#1360=CARTESIAN_POINT('',(0.0242135917769959,0.00619492617538064,0.0147));
#1361=CARTESIAN_POINT('',(0.0243026153697237,0.0055007009405262,0.0147));
#1362=CARTESIAN_POINT('',(0.0243416673306096,0.00485547776855371,0.0147));
#1363=CARTESIAN_POINT('',(0.0243421546238815,0.00430536894778726,0.0147));
#1364=CARTESIAN_POINT('',(0.0243246925978852,0.00387214693046974,0.0147));
#1365=CARTESIAN_POINT('',(0.0242858163475372,0.003419860874687,0.0147));
#1366=CARTESIAN_POINT('',(0.0242267632744639,0.00297206557833401,0.0147));
#1367=CARTESIAN_POINT('',(0.024145477936818,0.00251839817546908,0.0147));
#1368=CARTESIAN_POINT('',(0.024013775082671,0.00193894652760449,0.0147));
#1369=CARTESIAN_POINT('',(0.0238097769739135,0.0012531743327081,0.0147));
#1370=CARTESIAN_POINT('',(0.0235158404675547,0.000492268669554132,0.0147));
#1371=CARTESIAN_POINT('',(0.0230757461717275,-0.000440424400449671,0.0147));
#1372=CARTESIAN_POINT('',(0.0224599484076458,-0.0014658577781495,0.0147));
#1373=CARTESIAN_POINT('',(0.0216786445688951,-0.00250831804610656,0.0147));
#1374=CARTESIAN_POINT('',(0.020865933301016,-0.00342682156503896,0.0147));
#1375=CARTESIAN_POINT('',(0.0200471450600217,-0.00423998372978507,0.0147));
#1376=CARTESIAN_POINT('',(0.0192131694580551,-0.00498991660399994,0.0147));
#1377=CARTESIAN_POINT('',(0.0183723638468468,-0.00568804353184393,0.0147));
#1378=CARTESIAN_POINT('',(0.0172378596173429,-0.00657343203309721,0.0147));
#1379=CARTESIAN_POINT('',(0.015804595882153,-0.00761489502557571,0.0147));
#1380=CARTESIAN_POINT('',(0.0143664956562525,-0.0086120873058098,0.0147));
#1381=CARTESIAN_POINT('',(0.0132314340449925,-0.00939355961554597,0.0147));
#1382=CARTESIAN_POINT('',(0.0123982045103282,-0.00997011446541088,0.0147));
#1383=CARTESIAN_POINT('',(0.0115783218055035,-0.0105447859415714,0.0147));
#1384=CARTESIAN_POINT('',(0.0105017065443225,-0.0113132762472866,0.0147));
#1385=CARTESIAN_POINT('',(0.00914753614409174,-0.012308270514255,0.0147));
#1386=CARTESIAN_POINT('',(0.00696839823465763,-0.0139630067703708,0.0147));
#1387=CARTESIAN_POINT('',(0.00420769461898352,-0.0161573887052485,0.0147));
#1388=CARTESIAN_POINT('',(0.000791156660940258,-0.019010410625293,0.0147));
#1389=CARTESIAN_POINT('',(-0.00217474972981894,-0.0215821907455714,0.0147));
#1390=CARTESIAN_POINT('',(-0.00463894999902695,-0.0237630363179969,0.0147));
#1391=CARTESIAN_POINT('',(-0.00653740461461715,-0.0254613505349576,0.0147));
#1392=CARTESIAN_POINT('',(-0.00849075545955871,-0.027224167679975,0.0147));
#1393=CARTESIAN_POINT('',(-0.0105104661784379,-0.0290562815608996,0.0147));
#1394=CARTESIAN_POINT('',(-0.0125761220894484,-0.0309258022043542,0.0147));
#1395=CARTESIAN_POINT('',(-0.015365978373487,-0.0334282509356433,0.0147));
#1396=CARTESIAN_POINT('',(-0.0188765053975493,-0.036502009033002,0.0147));
#1397=CARTESIAN_POINT('',(-0.0223188498327215,-0.0393204393611103,0.0147));
#1398=CARTESIAN_POINT('',(-0.025007373776408,-0.0413272885631529,0.0147));
#1399=CARTESIAN_POINT('',(-0.0270023802201406,-0.0426897548258982,0.0147));
#1400=CARTESIAN_POINT('',(-0.0286699241048389,-0.0436919882319641,0.0147));
#1401=CARTESIAN_POINT('',(-0.0300507254092986,-0.0444061435992453,0.0147));
#1402=CARTESIAN_POINT('',(-0.0307663463121046,-0.0447298919011153,0.0147));
#1403=CARTESIAN_POINT('',(-0.0311366879818069,-0.044882738671866,0.0147));
#1404=CARTESIAN_POINT('',(-0.0311366879818069,-0.044882738671866,0.0147));
#1405=CARTESIAN_POINT('',(-0.0311366879818069,-0.044882738671866,0.0147));
#1406=CARTESIAN_POINT('',(-0.0311366879818066,-0.0448827386718658,0.0147));
#1407=CARTESIAN_POINT('',(-0.0311366879818066,-0.0448827386718658,0.0127));
#1408=CARTESIAN_POINT('',(-0.0319068265837074,-0.04520058893815,0.0147));
#1409=CARTESIAN_POINT('',(-0.0319068265837074,-0.04520058893815,0.0127));
#1410=CARTESIAN_POINT('',(-0.0331124648419852,-0.0456098325185909,0.0147));
#1411=CARTESIAN_POINT('',(-0.0331124648419852,-0.0456098325185909,0.0127));
#1412=CARTESIAN_POINT('',(-0.0349453847655155,-0.0459300421095853,0.0147));
#1413=CARTESIAN_POINT('',(-0.0349453847655155,-0.0459300421095853,0.0127));
#1414=CARTESIAN_POINT('',(-0.0365494246455719,-0.0459960808152701,0.0147));
#1415=CARTESIAN_POINT('',(-0.0365494246455719,-0.0459960808152701,0.0127));
#1416=CARTESIAN_POINT('',(-0.0385439900203149,-0.045721730041004,0.0147));
#1417=CARTESIAN_POINT('',(-0.0385439900203149,-0.045721730041004,0.0127));
#1418=CARTESIAN_POINT('',(-0.0406293469777835,-0.0448192420817573,0.0147));
#1419=CARTESIAN_POINT('',(-0.0406293469777835,-0.0448192420817573,0.0127));
#1420=CARTESIAN_POINT('',(-0.0422553142325907,-0.0434039901413721,0.0147));
#1421=CARTESIAN_POINT('',(-0.0422553142325907,-0.0434039901413721,0.0127));
#1422=CARTESIAN_POINT('',(-0.0436107228301633,-0.0415767496432263,0.0147));
#1423=CARTESIAN_POINT('',(-0.0436107228301633,-0.0415767496432263,0.0127));
#1424=CARTESIAN_POINT('',(-0.0442540801471927,-0.0394413390434074,0.0147));
#1425=CARTESIAN_POINT('',(-0.0442540801471927,-0.0394413390434074,0.0127));
#1426=CARTESIAN_POINT('',(-0.0443012182274026,-0.0376806580761624,0.0147));
#1427=CARTESIAN_POINT('',(-0.0443012182274026,-0.0376806580761624,0.0127));
#1428=CARTESIAN_POINT('',(-0.0441460564214055,-0.0362564499976883,0.0147));
#1429=CARTESIAN_POINT('',(-0.0441460564214055,-0.0362564499976883,0.0127));
#1430=CARTESIAN_POINT('',(-0.0437578681491548,-0.0348891947720204,0.0147));
#1431=CARTESIAN_POINT('',(-0.0437578681491548,-0.0348891947720204,0.0127));
#1432=CARTESIAN_POINT('',(-0.0432198592198643,-0.0336205372064341,0.0147));
#1433=CARTESIAN_POINT('',(-0.0432198592198643,-0.0336205372064341,0.0127));
#1434=CARTESIAN_POINT('',(-0.0426321228133963,-0.0325075605377128,0.0147));
#1435=CARTESIAN_POINT('',(-0.0426321228133963,-0.0325075605377128,0.0127));
#1436=CARTESIAN_POINT('',(-0.0419973178830188,-0.0314610861057971,0.0147));
#1437=CARTESIAN_POINT('',(-0.0419973178830188,-0.0314610861057971,0.0127));
#1438=CARTESIAN_POINT('',(-0.0410806049153445,-0.0300868265223032,0.0147));
#1439=CARTESIAN_POINT('',(-0.0410806049153445,-0.0300868265223032,0.0127));
#1440=CARTESIAN_POINT('',(-0.039793808454695,-0.0283412627516874,0.0147));
#1441=CARTESIAN_POINT('',(-0.039793808454695,-0.0283412627516874,0.0127));
#1442=CARTESIAN_POINT('',(-0.0380252025687375,-0.0261177481594886,0.0147));
#1443=CARTESIAN_POINT('',(-0.0380252025687375,-0.0261177481594886,0.0127));
#1444=CARTESIAN_POINT('',(-0.0360570223034591,-0.0237536980390721,0.0147));
#1445=CARTESIAN_POINT('',(-0.0360570223034591,-0.0237536980390721,0.0127));
#1446=CARTESIAN_POINT('',(-0.0339250873127923,-0.0212578276197302,0.0147));
#1447=CARTESIAN_POINT('',(-0.0339250873127923,-0.0212578276197302,0.0127));
#1448=CARTESIAN_POINT('',(-0.0309203414539632,-0.0177823475145174,0.0147));
#1449=CARTESIAN_POINT('',(-0.0309203414539632,-0.0177823475145174,0.0127));
#1450=CARTESIAN_POINT('',(-0.0269754728746667,-0.0132234861038551,0.0147));
#1451=CARTESIAN_POINT('',(-0.0269754728746667,-0.0132234861038551,0.0127));
#1452=CARTESIAN_POINT('',(-0.0223240207978777,-0.00766475424043618,0.0147));
#1453=CARTESIAN_POINT('',(-0.0223240207978777,-0.00766475424043618,0.0127));
#1454=CARTESIAN_POINT('',(-0.0181905724150365,-0.00228115756995534,0.0147));
#1455=CARTESIAN_POINT('',(-0.0181905724150365,-0.00228115756995534,0.0127));
#1456=CARTESIAN_POINT('',(-0.0144101497883763,0.00297448171861622,0.0147));
#1457=CARTESIAN_POINT('',(-0.0144101497883763,0.00297448171861622,0.0127));
#1458=CARTESIAN_POINT('',(-0.0109225151628479,0.0078646649700579,0.0147));
#1459=CARTESIAN_POINT('',(-0.0109225151628479,0.0078646649700579,0.0127));
#1460=CARTESIAN_POINT('',(-0.00815666493520648,0.0115199158575954,0.0147));
#1461=CARTESIAN_POINT('',(-0.00815666493520648,0.0115199158575954,0.0127));
#1462=CARTESIAN_POINT('',(-0.0059055741364937,0.0141467166833407,0.0147));
#1463=CARTESIAN_POINT('',(-0.0059055741364937,0.0141467166833407,0.0127));
#1464=CARTESIAN_POINT('',(-0.00413736306874141,0.0159656821181751,0.0147));
#1465=CARTESIAN_POINT('',(-0.00413736306874141,0.0159656821181751,0.0127));
#1466=CARTESIAN_POINT('',(-0.00218595475699651,0.0176283612200795,0.0147));
#1467=CARTESIAN_POINT('',(-0.00218595475699651,0.0176283612200795,0.0127));
#1468=CARTESIAN_POINT('',(-0.000281318545256497,0.0188543972793609,0.0147));
#1469=CARTESIAN_POINT('',(-0.000281318545256497,0.0188543972793609,0.0127));
#1470=CARTESIAN_POINT('',(0.00154411278518631,0.0196501557616297,0.0147));
#1471=CARTESIAN_POINT('',(0.00154411278518631,0.0196501557616297,0.0127));
#1472=CARTESIAN_POINT('',(0.00327572147658132,0.0201832552929364,0.0147));
#1473=CARTESIAN_POINT('',(0.00327572147658132,0.0201832552929364,0.0127));
#1474=CARTESIAN_POINT('',(0.00515380574436437,0.0204767606135424,0.0147));
#1475=CARTESIAN_POINT('',(0.00515380574436437,0.0204767606135424,0.0127));
#1476=CARTESIAN_POINT('',(0.00666984244418316,0.0205738944467021,0.0147));
#1477=CARTESIAN_POINT('',(0.00666984244418316,0.0205738944467021,0.0127));
#1478=CARTESIAN_POINT('',(0.00717723282817565,0.020625008772417,0.0147));
#1479=CARTESIAN_POINT('',(0.00717723282817565,0.020625008772417,0.0127));
#1480=CARTESIAN_POINT('',(0.00731048281951614,0.020644062497054,0.0147));
#1481=CARTESIAN_POINT('',(0.00731048281951614,0.020644062497054,0.0127));
#1482=CARTESIAN_POINT('',(-0.0311366879818066,-0.0448827386718658,0.0147));
#1483=CARTESIAN_POINT('',(-0.031521757282757,-0.0450416638050079,0.0147));
#1484=CARTESIAN_POINT('',(-0.0321147435273474,-0.0452632186434646,0.0147));
#1485=CARTESIAN_POINT('',(-0.0329438067412545,-0.0455140413940622,0.0147));
#1486=CARTESIAN_POINT('',(-0.033583253506783,-0.0456756696839092,0.0147));
#1487=CARTESIAN_POINT('',(-0.034260049291734,-0.0458098651102079,0.0147));
#1488=CARTESIAN_POINT('',(-0.0349718288859495,-0.0459084164060611,0.0147));
#1489=CARTESIAN_POINT('',(-0.0356238828934664,-0.0459535722639255,0.0147));
#1490=CARTESIAN_POINT('',(-0.0361694932241321,-0.0459583494461606,0.0147));
#1491=CARTESIAN_POINT('',(-0.0366101596412519,-0.0459433425599556,0.0147));
#1492=CARTESIAN_POINT('',(-0.037076941578977,-0.0459043757256869,0.0147));
#1493=CARTESIAN_POINT('',(-0.0375593210255604,-0.0458385012037353,0.0147));
#1494=CARTESIAN_POINT('',(-0.038071251629315,-0.0457395144038579,0.0147));
#1495=CARTESIAN_POINT('',(-0.0386243401412244,-0.0455956124980004,0.0147));
#1496=CARTESIAN_POINT('',(-0.0392031909018959,-0.0453997810733346,0.0147));
#1497=CARTESIAN_POINT('',(-0.0397936141943087,-0.0451489667020206,0.0147));
#1498=CARTESIAN_POINT('',(-0.0404101382437647,-0.0448253835826322,0.0147));
#1499=CARTESIAN_POINT('',(-0.0409306425133906,-0.044488399309715,0.0147));
#1500=CARTESIAN_POINT('',(-0.0413397526238085,-0.0441787764227222,0.0147));
#1501=CARTESIAN_POINT('',(-0.0416440671671362,-0.043923667634883,0.0147));
#1502=CARTESIAN_POINT('',(-0.0419399299538021,-0.0436483803381705,0.0147));
#1503=CARTESIAN_POINT('',(-0.0422233634043774,-0.0433557400165353,0.0147));
#1504=CARTESIAN_POINT('',(-0.0424955828313065,-0.0430436090256003,0.0147));
#1505=CARTESIAN_POINT('',(-0.0428439492480511,-0.0425968442840148,0.0147));
#1506=CARTESIAN_POINT('',(-0.0432245397604744,-0.0420172371625858,0.0147));
#1507=CARTESIAN_POINT('',(-0.0436092082568851,-0.0412655591970961,0.0147));
#1508=CARTESIAN_POINT('',(-0.0438500224951169,-0.040637350213195,0.0147));
#1509=CARTESIAN_POINT('',(-0.0440023238955125,-0.0401286037953318,0.0147));
#1510=CARTESIAN_POINT('',(-0.0441244674554068,-0.0396311161751303,0.0147));
#1511=CARTESIAN_POINT('',(-0.0442276641228634,-0.0390263135677476,0.0147));
#1512=CARTESIAN_POINT('',(-0.0442825937716921,-0.0383370466582685,0.0147));
#1513=CARTESIAN_POINT('',(-0.0442826621420975,-0.0377145719117569,0.0147));
#1514=CARTESIAN_POINT('',(-0.0442423421096783,-0.0371409688182577,0.0147));
#1515=CARTESIAN_POINT('',(-0.044175620661866,-0.0366354912741383,0.0147));
#1516=CARTESIAN_POINT('',(-0.0440865620743844,-0.036157280138,0.0147));
#1517=CARTESIAN_POINT('',(-0.0439807398642091,-0.0357149635455853,0.0147));
#1518=CARTESIAN_POINT('',(-0.0438667964809117,-0.0353162482905563,0.0147));
#1519=CARTESIAN_POINT('',(-0.0437073723615651,-0.0348261154920415,0.0147));
#1520=CARTESIAN_POINT('',(-0.0435312593300754,-0.0343666330681596,0.0147));
#1521=CARTESIAN_POINT('',(-0.043351559365705,-0.0339487215421477,0.0147));
#1522=CARTESIAN_POINT('',(-0.04316559088168,-0.0335433501638802,0.0147));
#1523=CARTESIAN_POINT('',(-0.0429254548413765,-0.0330635011530147,0.0147));
#1524=CARTESIAN_POINT('',(-0.0425266325860403,-0.0323334608057639,0.0147));
#1525=CARTESIAN_POINT('',(-0.0419972034099253,-0.0314610106407565,0.0147));
#1526=CARTESIAN_POINT('',(-0.0413098454417705,-0.0304303029772864,0.0147));
#1527=CARTESIAN_POINT('',(-0.0405657516661486,-0.0293890302426582,0.0147));
#1528=CARTESIAN_POINT('',(-0.0394991184664806,-0.027970428668785,0.0147));
#1529=CARTESIAN_POINT('',(-0.0380251769584118,-0.0261178368743065,0.0147));
#1530=CARTESIAN_POINT('',(-0.036057026431362,-0.0237536589038065,0.0147));
#1531=CARTESIAN_POINT('',(-0.0339250964115052,-0.0212578954459736,0.0147));
#1532=CARTESIAN_POINT('',(-0.0316714873959152,-0.0186509853711115,0.0147));
#1533=CARTESIAN_POINT('',(-0.0293425470145535,-0.0159596638028458,0.0147));
#1534=CARTESIAN_POINT('',(-0.026985639658209,-0.0132126784236869,0.0147));
#1535=CARTESIAN_POINT('',(-0.0246501218189769,-0.0104424409549119,0.0147));
#1536=CARTESIAN_POINT('',(-0.0223882889380736,-0.00768525689949431,0.0147));
#1537=CARTESIAN_POINT('',(-0.0202588509099424,-0.0049801920826657,0.0147));
#1538=CARTESIAN_POINT('',(-0.0182346478937662,-0.0022961072206172,0.0147));
#1539=CARTESIAN_POINT('',(-0.0162990177613923,0.000349718163494257,0.0147));
#1540=CARTESIAN_POINT('',(-0.014447080702305,0.00292812975454126,0.0147));
#1541=CARTESIAN_POINT('',(-0.0126663461607781,0.0054191970929073,0.0147));
#1542=CARTESIAN_POINT('',(-0.0109440644760446,0.00780148884784412,0.0147));
#1543=CARTESIAN_POINT('',(-0.00926110126448866,0.0100589551496678,0.0147));
#1544=CARTESIAN_POINT('',(-0.00759443417292826,0.0121762759409701,0.0147));
#1545=CARTESIAN_POINT('',(-0.00590531014866922,0.0141469375284981,0.0147));
#1546=CARTESIAN_POINT('',(-0.00443244926031057,0.0156621053052559,0.0147));
#1547=CARTESIAN_POINT('',(-0.0031610198859346,0.0167977261329006,0.0147));
#1548=CARTESIAN_POINT('',(-0.00214508796973968,0.0176046407034842,0.0147));
#1549=CARTESIAN_POINT('',(-0.00104020163474214,0.0183624425428737,0.0147));
#1550=CARTESIAN_POINT('',(-2.73313237255764E-5,0.0189380395050586,0.0147));
#1551=CARTESIAN_POINT('',(0.000857785161979168,0.0193527834908149,0.0147));
#1552=CARTESIAN_POINT('',(0.00176157089083655,0.0197162176495681,0.0147));
#1553=CARTESIAN_POINT('',(0.00284271050215458,0.0200499745912043,0.0147));
#1554=CARTESIAN_POINT('',(0.00402616020662024,0.0203013701971894,0.0147));
#1555=CARTESIAN_POINT('',(0.00506316647164902,0.0204452669482495,0.0147));
#1556=CARTESIAN_POINT('',(0.00590634395144998,0.0205230531394997,0.0147));
#1557=CARTESIAN_POINT('',(0.00646774214689261,0.0205642960519683,0.0147));
#1558=CARTESIAN_POINT('',(0.00680884711593775,0.0205911086463697,0.0147));
#1559=CARTESIAN_POINT('',(0.00709432619004589,0.0206166299014771,0.0147));
#1560=CARTESIAN_POINT('',(0.0072438578238459,0.0206345356347355,0.0147));
#1561=CARTESIAN_POINT('',(0.00731048281951614,0.020644062497054,0.0147));
#1562=CARTESIAN_POINT('',(0.0328057037345681,0.0363135913789862,0.0147));
#1563=MECHANICAL_DESIGN_GEOMETRIC_PRESENTATION_REPRESENTATION('',(#120),
#1564);
#1564=(
GEOMETRIC_REPRESENTATION_CONTEXT(3)
GLOBAL_UNCERTAINTY_ASSIGNED_CONTEXT((#1565))
GLOBAL_UNIT_ASSIGNED_CONTEXT((#1568,#1567,#1566))
REPRESENTATION_CONTEXT('Part 1','TOP_LEVEL_ASSEMBLY_PART')
);
#1565=UNCERTAINTY_MEASURE_WITH_UNIT(LENGTH_MEASURE(2.E-5),#1568,
'DISTANCE_ACCURACY_VALUE','Maximum Tolerance applied to model');
#1566=(
NAMED_UNIT(*)
SI_UNIT($,.STERADIAN.)
SOLID_ANGLE_UNIT()
);
#1567=(
NAMED_UNIT(*)
PLANE_ANGLE_UNIT()
SI_UNIT($,.RADIAN.)
);
#1568=(
LENGTH_UNIT()
NAMED_UNIT(*)
SI_UNIT($,.METRE.)
);
#1569=PRODUCT_DEFINITION_SHAPE('','',#1570);
#1570=PRODUCT_DEFINITION('','',#1572,#1571);
#1571=PRODUCT_DEFINITION_CONTEXT('',#1578,'design');
#1572=PRODUCT_DEFINITION_FORMATION_WITH_SPECIFIED_SOURCE('','',#1574,
 .NOT_KNOWN.);
#1573=PRODUCT_RELATED_PRODUCT_CATEGORY('','',(#1574));
#1574=PRODUCT('Part 1','Part 1','Part 1',(#1576));
#1575=PRODUCT_CATEGORY('','');
#1576=PRODUCT_CONTEXT('',#1578,'mechanical');
#1577=APPLICATION_PROTOCOL_DEFINITION('international standard',
'ap242_managed_model_based_3d_engineering',2020,#1578);
#1578=APPLICATION_CONTEXT('managed model based 3d engineering');
ENDSEC;
END-ISO-10303-21;
