ISO-10303-21;
HEADER;
/* Generated by software containing ST-Developer
 * from STEP Tools, Inc. (www.steptools.com) 
 */
/* OPTION: using custom renumber hook */

FILE_DESCRIPTION(
/* description */ ('STEP AP242 Edition 2',
'CAx-IF Rec.Pracs.---Representation and Presentation of Product Manufa
cturing Information (PMI)---4.0---2014-10-13',
'CAx-IF Rec.Pracs.---3D Tessellated Geometry---0.4---2014-09-14','2;1',
'CAx-IF Rec.Pracs.---User Defined Attributes---1.5---2016-08-15'),
/* implementation_level */ '2;1');

FILE_NAME(
/* name */ '692f41ff7d6057307a450dad',
/* time_stamp */ '2025-12-02T19:46:07Z',
/* author */ (''),
/* organization */ (''),
/* preprocessor_version */ 'ST-DEVELOPER v20',
/* originating_system */ 'ONSHAPE BY PTC INC, 1.207',
/* authorisation */ '  ');

FILE_SCHEMA (('AP242_MANAGED_MODEL_BASED_3D_ENGINEERING_MIM_LF { 1 0 10303 442 3 1 4 }'));
ENDSEC;

DATA;
#10=SHAPE_REPRESENTATION_RELATIONSHIP('','',#665,#11);
#11=ADVANCED_BREP_SHAPE_REPRESENTATION('',(#663),#4329);
#12=PLANE('',#667);
#13=PLANE('',#668);
#14=PLANE('',#669);
#15=LINE('',#741,#47);
#16=LINE('',#756,#48);
#17=LINE('',#905,#49);
#18=LINE('',#948,#50);
#19=LINE('',#1043,#51);
#20=LINE('',#1068,#52);
#21=LINE('',#1167,#53);
#22=LINE('',#1318,#54);
#23=LINE('',#1435,#55);
#24=LINE('',#1458,#56);
#25=LINE('',#1557,#57);
#26=LINE('',#1578,#58);
#27=LINE('',#1667,#59);
#28=LINE('',#1820,#60);
#29=LINE('',#1865,#61);
#30=LINE('',#1958,#62);
#31=LINE('',#2079,#63);
#32=LINE('',#3807,#64);
#33=LINE('',#3808,#65);
#34=LINE('',#3863,#66);
#35=LINE('',#3958,#67);
#36=LINE('',#3969,#68);
#37=LINE('',#4022,#69);
#38=LINE('',#4035,#70);
#39=LINE('',#4058,#71);
#40=LINE('',#4081,#72);
#41=LINE('',#4140,#73);
#42=LINE('',#4171,#74);
#43=LINE('',#4190,#75);
#44=LINE('',#4213,#76);
#45=LINE('',#4240,#77);
#46=LINE('',#4315,#78);
#47=VECTOR('',#672,1.);
#48=VECTOR('',#673,1.);
#49=VECTOR('',#674,1.);
#50=VECTOR('',#675,1.);
#51=VECTOR('',#676,1.);
#52=VECTOR('',#677,1.);
#53=VECTOR('',#678,1.);
#54=VECTOR('',#679,1.);
#55=VECTOR('',#680,1.);
#56=VECTOR('',#681,1.);
#57=VECTOR('',#682,1.);
#58=VECTOR('',#683,1.);
#59=VECTOR('',#684,1.);
#60=VECTOR('',#685,1.);
#61=VECTOR('',#686,1.);
#62=VECTOR('',#687,1.);
#63=VECTOR('',#688,1.);
#64=VECTOR('',#695,1.);
#65=VECTOR('',#696,1.);
#66=VECTOR('',#697,1.);
#67=VECTOR('',#698,1.);
#68=VECTOR('',#699,1.);
#69=VECTOR('',#700,1.);
#70=VECTOR('',#701,1.);
#71=VECTOR('',#702,1.);
#72=VECTOR('',#703,1.);
#73=VECTOR('',#704,1.);
#74=VECTOR('',#705,1.);
#75=VECTOR('',#706,1.);
#76=VECTOR('',#707,1.);
#77=VECTOR('',#708,1.);
#78=VECTOR('',#709,1.);
#79=ORIENTED_EDGE('',*,*,#275,.F.);
#80=ORIENTED_EDGE('',*,*,#276,.F.);
#81=ORIENTED_EDGE('',*,*,#277,.T.);
#82=ORIENTED_EDGE('',*,*,#278,.T.);
#83=ORIENTED_EDGE('',*,*,#279,.F.);
#84=ORIENTED_EDGE('',*,*,#278,.F.);
#85=ORIENTED_EDGE('',*,*,#280,.T.);
#86=ORIENTED_EDGE('',*,*,#281,.T.);
#87=ORIENTED_EDGE('',*,*,#282,.F.);
#88=ORIENTED_EDGE('',*,*,#281,.F.);
#89=ORIENTED_EDGE('',*,*,#283,.T.);
#90=ORIENTED_EDGE('',*,*,#284,.T.);
#91=ORIENTED_EDGE('',*,*,#285,.F.);
#92=ORIENTED_EDGE('',*,*,#284,.F.);
#93=ORIENTED_EDGE('',*,*,#286,.T.);
#94=ORIENTED_EDGE('',*,*,#287,.T.);
#95=ORIENTED_EDGE('',*,*,#288,.F.);
#96=ORIENTED_EDGE('',*,*,#287,.F.);
#97=ORIENTED_EDGE('',*,*,#289,.T.);
#98=ORIENTED_EDGE('',*,*,#290,.T.);
#99=ORIENTED_EDGE('',*,*,#291,.F.);
#100=ORIENTED_EDGE('',*,*,#290,.F.);
#101=ORIENTED_EDGE('',*,*,#292,.T.);
#102=ORIENTED_EDGE('',*,*,#293,.T.);
#103=ORIENTED_EDGE('',*,*,#294,.F.);
#104=ORIENTED_EDGE('',*,*,#293,.F.);
#105=ORIENTED_EDGE('',*,*,#295,.T.);
#106=ORIENTED_EDGE('',*,*,#296,.T.);
#107=ORIENTED_EDGE('',*,*,#297,.F.);
#108=ORIENTED_EDGE('',*,*,#296,.F.);
#109=ORIENTED_EDGE('',*,*,#298,.T.);
#110=ORIENTED_EDGE('',*,*,#299,.T.);
#111=ORIENTED_EDGE('',*,*,#300,.F.);
#112=ORIENTED_EDGE('',*,*,#299,.F.);
#113=ORIENTED_EDGE('',*,*,#301,.T.);
#114=ORIENTED_EDGE('',*,*,#302,.T.);
#115=ORIENTED_EDGE('',*,*,#303,.F.);
#116=ORIENTED_EDGE('',*,*,#302,.F.);
#117=ORIENTED_EDGE('',*,*,#304,.T.);
#118=ORIENTED_EDGE('',*,*,#305,.T.);
#119=ORIENTED_EDGE('',*,*,#306,.F.);
#120=ORIENTED_EDGE('',*,*,#305,.F.);
#121=ORIENTED_EDGE('',*,*,#307,.T.);
#122=ORIENTED_EDGE('',*,*,#308,.T.);
#123=ORIENTED_EDGE('',*,*,#309,.F.);
#124=ORIENTED_EDGE('',*,*,#308,.F.);
#125=ORIENTED_EDGE('',*,*,#310,.T.);
#126=ORIENTED_EDGE('',*,*,#311,.T.);
#127=ORIENTED_EDGE('',*,*,#312,.F.);
#128=ORIENTED_EDGE('',*,*,#311,.F.);
#129=ORIENTED_EDGE('',*,*,#313,.T.);
#130=ORIENTED_EDGE('',*,*,#314,.T.);
#131=ORIENTED_EDGE('',*,*,#315,.F.);
#132=ORIENTED_EDGE('',*,*,#314,.F.);
#133=ORIENTED_EDGE('',*,*,#316,.T.);
#134=ORIENTED_EDGE('',*,*,#317,.T.);
#135=ORIENTED_EDGE('',*,*,#318,.F.);
#136=ORIENTED_EDGE('',*,*,#317,.F.);
#137=ORIENTED_EDGE('',*,*,#319,.T.);
#138=ORIENTED_EDGE('',*,*,#320,.T.);
#139=ORIENTED_EDGE('',*,*,#321,.F.);
#140=ORIENTED_EDGE('',*,*,#320,.F.);
#141=ORIENTED_EDGE('',*,*,#322,.T.);
#142=ORIENTED_EDGE('',*,*,#323,.T.);
#143=ORIENTED_EDGE('',*,*,#324,.F.);
#144=ORIENTED_EDGE('',*,*,#323,.F.);
#145=ORIENTED_EDGE('',*,*,#325,.T.);
#146=ORIENTED_EDGE('',*,*,#276,.T.);
#147=ORIENTED_EDGE('',*,*,#326,.F.);
#148=ORIENTED_EDGE('',*,*,#327,.T.);
#149=ORIENTED_EDGE('',*,*,#277,.F.);
#150=ORIENTED_EDGE('',*,*,#325,.F.);
#151=ORIENTED_EDGE('',*,*,#322,.F.);
#152=ORIENTED_EDGE('',*,*,#319,.F.);
#153=ORIENTED_EDGE('',*,*,#316,.F.);
#154=ORIENTED_EDGE('',*,*,#313,.F.);
#155=ORIENTED_EDGE('',*,*,#310,.F.);
#156=ORIENTED_EDGE('',*,*,#307,.F.);
#157=ORIENTED_EDGE('',*,*,#304,.F.);
#158=ORIENTED_EDGE('',*,*,#301,.F.);
#159=ORIENTED_EDGE('',*,*,#298,.F.);
#160=ORIENTED_EDGE('',*,*,#295,.F.);
#161=ORIENTED_EDGE('',*,*,#292,.F.);
#162=ORIENTED_EDGE('',*,*,#289,.F.);
#163=ORIENTED_EDGE('',*,*,#286,.F.);
#164=ORIENTED_EDGE('',*,*,#283,.F.);
#165=ORIENTED_EDGE('',*,*,#280,.F.);
#166=ORIENTED_EDGE('',*,*,#326,.T.);
#167=ORIENTED_EDGE('',*,*,#327,.F.);
#168=ORIENTED_EDGE('',*,*,#328,.T.);
#169=ORIENTED_EDGE('',*,*,#329,.T.);
#170=ORIENTED_EDGE('',*,*,#330,.T.);
#171=ORIENTED_EDGE('',*,*,#331,.T.);
#172=ORIENTED_EDGE('',*,*,#332,.T.);
#173=ORIENTED_EDGE('',*,*,#333,.T.);
#174=ORIENTED_EDGE('',*,*,#334,.T.);
#175=ORIENTED_EDGE('',*,*,#335,.T.);
#176=ORIENTED_EDGE('',*,*,#336,.T.);
#177=ORIENTED_EDGE('',*,*,#337,.T.);
#178=ORIENTED_EDGE('',*,*,#338,.T.);
#179=ORIENTED_EDGE('',*,*,#339,.T.);
#180=ORIENTED_EDGE('',*,*,#340,.T.);
#181=ORIENTED_EDGE('',*,*,#341,.T.);
#182=ORIENTED_EDGE('',*,*,#342,.T.);
#183=ORIENTED_EDGE('',*,*,#324,.T.);
#184=ORIENTED_EDGE('',*,*,#275,.T.);
#185=ORIENTED_EDGE('',*,*,#279,.T.);
#186=ORIENTED_EDGE('',*,*,#282,.T.);
#187=ORIENTED_EDGE('',*,*,#285,.T.);
#188=ORIENTED_EDGE('',*,*,#288,.T.);
#189=ORIENTED_EDGE('',*,*,#291,.T.);
#190=ORIENTED_EDGE('',*,*,#294,.T.);
#191=ORIENTED_EDGE('',*,*,#297,.T.);
#192=ORIENTED_EDGE('',*,*,#300,.T.);
#193=ORIENTED_EDGE('',*,*,#303,.T.);
#194=ORIENTED_EDGE('',*,*,#306,.T.);
#195=ORIENTED_EDGE('',*,*,#309,.T.);
#196=ORIENTED_EDGE('',*,*,#312,.T.);
#197=ORIENTED_EDGE('',*,*,#315,.T.);
#198=ORIENTED_EDGE('',*,*,#318,.T.);
#199=ORIENTED_EDGE('',*,*,#321,.T.);
#200=ORIENTED_EDGE('',*,*,#343,.F.);
#201=ORIENTED_EDGE('',*,*,#344,.F.);
#202=ORIENTED_EDGE('',*,*,#345,.F.);
#203=ORIENTED_EDGE('',*,*,#346,.F.);
#204=ORIENTED_EDGE('',*,*,#347,.F.);
#205=ORIENTED_EDGE('',*,*,#348,.F.);
#206=ORIENTED_EDGE('',*,*,#349,.F.);
#207=ORIENTED_EDGE('',*,*,#350,.F.);
#208=ORIENTED_EDGE('',*,*,#351,.F.);
#209=ORIENTED_EDGE('',*,*,#352,.F.);
#210=ORIENTED_EDGE('',*,*,#353,.F.);
#211=ORIENTED_EDGE('',*,*,#354,.F.);
#212=ORIENTED_EDGE('',*,*,#355,.F.);
#213=ORIENTED_EDGE('',*,*,#356,.F.);
#214=ORIENTED_EDGE('',*,*,#357,.F.);
#215=ORIENTED_EDGE('',*,*,#343,.T.);
#216=ORIENTED_EDGE('',*,*,#358,.F.);
#217=ORIENTED_EDGE('',*,*,#328,.F.);
#218=ORIENTED_EDGE('',*,*,#359,.T.);
#219=ORIENTED_EDGE('',*,*,#357,.T.);
#220=ORIENTED_EDGE('',*,*,#360,.F.);
#221=ORIENTED_EDGE('',*,*,#329,.F.);
#222=ORIENTED_EDGE('',*,*,#358,.T.);
#223=ORIENTED_EDGE('',*,*,#356,.T.);
#224=ORIENTED_EDGE('',*,*,#361,.F.);
#225=ORIENTED_EDGE('',*,*,#330,.F.);
#226=ORIENTED_EDGE('',*,*,#360,.T.);
#227=ORIENTED_EDGE('',*,*,#355,.T.);
#228=ORIENTED_EDGE('',*,*,#362,.F.);
#229=ORIENTED_EDGE('',*,*,#331,.F.);
#230=ORIENTED_EDGE('',*,*,#361,.T.);
#231=ORIENTED_EDGE('',*,*,#354,.T.);
#232=ORIENTED_EDGE('',*,*,#363,.F.);
#233=ORIENTED_EDGE('',*,*,#332,.F.);
#234=ORIENTED_EDGE('',*,*,#362,.T.);
#235=ORIENTED_EDGE('',*,*,#353,.T.);
#236=ORIENTED_EDGE('',*,*,#364,.F.);
#237=ORIENTED_EDGE('',*,*,#333,.F.);
#238=ORIENTED_EDGE('',*,*,#363,.T.);
#239=ORIENTED_EDGE('',*,*,#352,.T.);
#240=ORIENTED_EDGE('',*,*,#365,.F.);
#241=ORIENTED_EDGE('',*,*,#334,.F.);
#242=ORIENTED_EDGE('',*,*,#364,.T.);
#243=ORIENTED_EDGE('',*,*,#351,.T.);
#244=ORIENTED_EDGE('',*,*,#366,.F.);
#245=ORIENTED_EDGE('',*,*,#335,.F.);
#246=ORIENTED_EDGE('',*,*,#365,.T.);
#247=ORIENTED_EDGE('',*,*,#350,.T.);
#248=ORIENTED_EDGE('',*,*,#367,.F.);
#249=ORIENTED_EDGE('',*,*,#336,.F.);
#250=ORIENTED_EDGE('',*,*,#366,.T.);
#251=ORIENTED_EDGE('',*,*,#349,.T.);
#252=ORIENTED_EDGE('',*,*,#368,.F.);
#253=ORIENTED_EDGE('',*,*,#337,.F.);
#254=ORIENTED_EDGE('',*,*,#367,.T.);
#255=ORIENTED_EDGE('',*,*,#348,.T.);
#256=ORIENTED_EDGE('',*,*,#369,.F.);
#257=ORIENTED_EDGE('',*,*,#338,.F.);
#258=ORIENTED_EDGE('',*,*,#368,.T.);
#259=ORIENTED_EDGE('',*,*,#347,.T.);
#260=ORIENTED_EDGE('',*,*,#370,.F.);
#261=ORIENTED_EDGE('',*,*,#339,.F.);
#262=ORIENTED_EDGE('',*,*,#369,.T.);
#263=ORIENTED_EDGE('',*,*,#346,.T.);
#264=ORIENTED_EDGE('',*,*,#371,.F.);
#265=ORIENTED_EDGE('',*,*,#340,.F.);
#266=ORIENTED_EDGE('',*,*,#370,.T.);
#267=ORIENTED_EDGE('',*,*,#345,.T.);
#268=ORIENTED_EDGE('',*,*,#372,.F.);
#269=ORIENTED_EDGE('',*,*,#341,.F.);
#270=ORIENTED_EDGE('',*,*,#371,.T.);
#271=ORIENTED_EDGE('',*,*,#344,.T.);
#272=ORIENTED_EDGE('',*,*,#359,.F.);
#273=ORIENTED_EDGE('',*,*,#342,.F.);
#274=ORIENTED_EDGE('',*,*,#372,.T.);
#275=EDGE_CURVE('',#373,#374,#439,.T.);
#276=EDGE_CURVE('',#375,#373,#15,.T.);
#277=EDGE_CURVE('',#375,#376,#440,.T.);
#278=EDGE_CURVE('',#376,#374,#16,.T.);
#279=EDGE_CURVE('',#374,#377,#441,.T.);
#280=EDGE_CURVE('',#376,#378,#442,.T.);
#281=EDGE_CURVE('',#378,#377,#17,.T.);
#282=EDGE_CURVE('',#377,#379,#443,.T.);
#283=EDGE_CURVE('',#378,#380,#444,.T.);
#284=EDGE_CURVE('',#380,#379,#18,.T.);
#285=EDGE_CURVE('',#379,#381,#445,.T.);
#286=EDGE_CURVE('',#380,#382,#446,.T.);
#287=EDGE_CURVE('',#382,#381,#19,.T.);
#288=EDGE_CURVE('',#381,#383,#447,.T.);
#289=EDGE_CURVE('',#382,#384,#448,.T.);
#290=EDGE_CURVE('',#384,#383,#20,.T.);
#291=EDGE_CURVE('',#383,#385,#449,.T.);
#292=EDGE_CURVE('',#384,#386,#450,.T.);
#293=EDGE_CURVE('',#386,#385,#21,.T.);
#294=EDGE_CURVE('',#385,#387,#451,.T.);
#295=EDGE_CURVE('',#386,#388,#452,.T.);
#296=EDGE_CURVE('',#388,#387,#22,.T.);
#297=EDGE_CURVE('',#387,#389,#453,.T.);
#298=EDGE_CURVE('',#388,#390,#454,.T.);
#299=EDGE_CURVE('',#390,#389,#23,.T.);
#300=EDGE_CURVE('',#389,#391,#455,.T.);
#301=EDGE_CURVE('',#390,#392,#456,.T.);
#302=EDGE_CURVE('',#392,#391,#24,.T.);
#303=EDGE_CURVE('',#391,#393,#457,.T.);
#304=EDGE_CURVE('',#392,#394,#458,.T.);
#305=EDGE_CURVE('',#394,#393,#25,.T.);
#306=EDGE_CURVE('',#393,#395,#459,.T.);
#307=EDGE_CURVE('',#394,#396,#460,.T.);
#308=EDGE_CURVE('',#396,#395,#26,.T.);
#309=EDGE_CURVE('',#395,#397,#461,.T.);
#310=EDGE_CURVE('',#396,#398,#462,.T.);
#311=EDGE_CURVE('',#398,#397,#27,.T.);
#312=EDGE_CURVE('',#397,#399,#463,.T.);
#313=EDGE_CURVE('',#398,#400,#464,.T.);
#314=EDGE_CURVE('',#400,#399,#28,.T.);
#315=EDGE_CURVE('',#399,#401,#465,.T.);
#316=EDGE_CURVE('',#400,#402,#466,.T.);
#317=EDGE_CURVE('',#402,#401,#29,.T.);
#318=EDGE_CURVE('',#401,#403,#467,.T.);
#319=EDGE_CURVE('',#402,#404,#468,.T.);
#320=EDGE_CURVE('',#404,#403,#30,.T.);
#321=EDGE_CURVE('',#403,#405,#469,.T.);
#322=EDGE_CURVE('',#404,#406,#470,.T.);
#323=EDGE_CURVE('',#406,#405,#31,.T.);
#324=EDGE_CURVE('',#405,#373,#471,.T.);
#325=EDGE_CURVE('',#406,#375,#472,.T.);
#326=EDGE_CURVE('',#407,#407,#473,.T.);
#327=EDGE_CURVE('',#408,#408,#474,.T.);
#328=EDGE_CURVE('',#409,#410,#475,.T.);
#329=EDGE_CURVE('',#410,#411,#476,.T.);
#330=EDGE_CURVE('',#411,#412,#477,.T.);
#331=EDGE_CURVE('',#412,#413,#478,.T.);
#332=EDGE_CURVE('',#413,#414,#479,.T.);
#333=EDGE_CURVE('',#414,#415,#480,.T.);
#334=EDGE_CURVE('',#415,#416,#481,.T.);
#335=EDGE_CURVE('',#416,#417,#482,.T.);
#336=EDGE_CURVE('',#417,#418,#483,.T.);
#337=EDGE_CURVE('',#418,#419,#484,.T.);
#338=EDGE_CURVE('',#419,#420,#485,.T.);
#339=EDGE_CURVE('',#420,#421,#486,.T.);
#340=EDGE_CURVE('',#421,#422,#487,.T.);
#341=EDGE_CURVE('',#422,#423,#488,.T.);
#342=EDGE_CURVE('',#423,#409,#489,.T.);
#343=EDGE_CURVE('',#424,#425,#490,.T.);
#344=EDGE_CURVE('',#426,#424,#491,.T.);
#345=EDGE_CURVE('',#427,#426,#492,.T.);
#346=EDGE_CURVE('',#428,#427,#493,.T.);
#347=EDGE_CURVE('',#429,#428,#494,.T.);
#348=EDGE_CURVE('',#430,#429,#495,.T.);
#349=EDGE_CURVE('',#431,#430,#496,.T.);
#350=EDGE_CURVE('',#432,#431,#497,.T.);
#351=EDGE_CURVE('',#433,#432,#498,.T.);
#352=EDGE_CURVE('',#434,#433,#499,.T.);
#353=EDGE_CURVE('',#435,#434,#500,.T.);
#354=EDGE_CURVE('',#436,#435,#501,.T.);
#355=EDGE_CURVE('',#437,#436,#502,.T.);
#356=EDGE_CURVE('',#438,#437,#503,.T.);
#357=EDGE_CURVE('',#425,#438,#504,.T.);
#358=EDGE_CURVE('',#410,#425,#32,.T.);
#359=EDGE_CURVE('',#409,#424,#33,.T.);
#360=EDGE_CURVE('',#411,#438,#34,.T.);
#361=EDGE_CURVE('',#412,#437,#35,.T.);
#362=EDGE_CURVE('',#413,#436,#36,.T.);
#363=EDGE_CURVE('',#414,#435,#37,.T.);
#364=EDGE_CURVE('',#415,#434,#38,.T.);
#365=EDGE_CURVE('',#416,#433,#39,.T.);
#366=EDGE_CURVE('',#417,#432,#40,.T.);
#367=EDGE_CURVE('',#418,#431,#41,.T.);
#368=EDGE_CURVE('',#419,#430,#42,.T.);
#369=EDGE_CURVE('',#420,#429,#43,.T.);
#370=EDGE_CURVE('',#421,#428,#44,.T.);
#371=EDGE_CURVE('',#422,#427,#45,.T.);
#372=EDGE_CURVE('',#423,#426,#46,.T.);
#373=VERTEX_POINT('',#739);
#374=VERTEX_POINT('',#740);
#375=VERTEX_POINT('',#742);
#376=VERTEX_POINT('',#755);
#377=VERTEX_POINT('',#856);
#378=VERTEX_POINT('',#904);
#379=VERTEX_POINT('',#933);
#380=VERTEX_POINT('',#947);
#381=VERTEX_POINT('',#1012);
#382=VERTEX_POINT('',#1042);
#383=VERTEX_POINT('',#1060);
#384=VERTEX_POINT('',#1067);
#385=VERTEX_POINT('',#1134);
#386=VERTEX_POINT('',#1166);
#387=VERTEX_POINT('',#1270);
#388=VERTEX_POINT('',#1317);
#389=VERTEX_POINT('',#1397);
#390=VERTEX_POINT('',#1434);
#391=VERTEX_POINT('',#1450);
#392=VERTEX_POINT('',#1457);
#393=VERTEX_POINT('',#1525);
#394=VERTEX_POINT('',#1556);
#395=VERTEX_POINT('',#1571);
#396=VERTEX_POINT('',#1577);
#397=VERTEX_POINT('',#1638);
#398=VERTEX_POINT('',#1666);
#399=VERTEX_POINT('',#1772);
#400=VERTEX_POINT('',#1819);
#401=VERTEX_POINT('',#1850);
#402=VERTEX_POINT('',#1864);
#403=VERTEX_POINT('',#1930);
#404=VERTEX_POINT('',#1957);
#405=VERTEX_POINT('',#2041);
#406=VERTEX_POINT('',#2078);
#407=VERTEX_POINT('',#2458);
#408=VERTEX_POINT('',#2521);
#409=VERTEX_POINT('',#2568);
#410=VERTEX_POINT('',#2569);
#411=VERTEX_POINT('',#2629);
#412=VERTEX_POINT('',#2743);
#413=VERTEX_POINT('',#2750);
#414=VERTEX_POINT('',#2812);
#415=VERTEX_POINT('',#2826);
#416=VERTEX_POINT('',#2851);
#417=VERTEX_POINT('',#2876);
#418=VERTEX_POINT('',#2939);
#419=VERTEX_POINT('',#2980);
#420=VERTEX_POINT('',#2996);
#421=VERTEX_POINT('',#3023);
#422=VERTEX_POINT('',#3054);
#423=VERTEX_POINT('',#3136);
#424=VERTEX_POINT('',#3189);
#425=VERTEX_POINT('',#3190);
#426=VERTEX_POINT('',#3198);
#427=VERTEX_POINT('',#3280);
#428=VERTEX_POINT('',#3311);
#429=VERTEX_POINT('',#3338);
#430=VERTEX_POINT('',#3354);
#431=VERTEX_POINT('',#3395);
#432=VERTEX_POINT('',#3458);
#433=VERTEX_POINT('',#3483);
#434=VERTEX_POINT('',#3508);
#435=VERTEX_POINT('',#3522);
#436=VERTEX_POINT('',#3584);
#437=VERTEX_POINT('',#3591);
#438=VERTEX_POINT('',#3705);
#439=B_SPLINE_CURVE_WITH_KNOTS('',3,(#727,#728,#729,#730,#731,#732,#733,
#734,#735,#736,#737,#738),.UNSPECIFIED.,.F.,.F.,(4,1,1,1,1,1,1,1,1,4),(0.675380101887401,
0.677164318071623,0.678948534255845,0.682516966624289,0.686085398992734,
0.689653831361178,0.693222263729622,0.696790696098066,0.70035912846651,
0.703927560834954),.UNSPECIFIED.);
#440=B_SPLINE_CURVE_WITH_KNOTS('',3,(#743,#744,#745,#746,#747,#748,#749,
#750,#751,#752,#753,#754),.UNSPECIFIED.,.F.,.F.,(4,1,1,1,1,1,1,1,1,4),(0.675380101887401,
0.677164318071623,0.678948534255845,0.682516966624289,0.686085398992734,
0.689653831361178,0.693222263729622,0.696790696098066,0.70035912846651,
0.703927560834954),.UNSPECIFIED.);
#441=B_SPLINE_CURVE_WITH_KNOTS('',3,(#809,#810,#811,#812,#813,#814,#815,
#816,#817,#818,#819,#820,#821,#822,#823,#824,#825,#826,#827,#828,#829,#830,
#831,#832,#833,#834,#835,#836,#837,#838,#839,#840,#841,#842,#843,#844,#845,
#846,#847,#848,#849,#850,#851,#852,#853,#854,#855),.UNSPECIFIED.,.F.,.F.,
(4,1,1,1,1,1,1,1,1,1,1,1,1,1,1,1,1,1,1,1,1,1,1,1,1,1,1,1,1,1,1,1,1,1,1,
1,1,1,1,1,1,1,1,1,4),(0.724075500111963,0.725271217787961,0.72646693546396,
0.727662653139959,0.728858370815957,0.730054088491956,0.730651947329955,
0.731249806167954,0.732445523843953,0.733641241519952,0.736032676871949,
0.738424112223946,0.740815547575943,0.74320698292794,0.745598418279938,
0.747989853631935,0.752772724335929,0.757555595039924,0.759947030391921,
0.762338465743918,0.764729901095915,0.767121336447913,0.76951277179991,
0.770708489475909,0.771904207151907,0.773099924827906,0.774295642503904,
0.775491360179903,0.776687077855902,0.7778827955319,0.779078513207899,0.780274230883898,
0.781469948559896,0.782665666235895,0.783861383911893,0.784459242749893,
0.785057101587892,0.786252819263891,0.787448536939889,0.788644254615888,
0.791035689967885,0.793427125319882,0.795818560671879,0.798209996023877,
0.800601431375874),.UNSPECIFIED.);
#442=B_SPLINE_CURVE_WITH_KNOTS('',3,(#857,#858,#859,#860,#861,#862,#863,
#864,#865,#866,#867,#868,#869,#870,#871,#872,#873,#874,#875,#876,#877,#878,
#879,#880,#881,#882,#883,#884,#885,#886,#887,#888,#889,#890,#891,#892,#893,
#894,#895,#896,#897,#898,#899,#900,#901,#902,#903),.UNSPECIFIED.,.F.,.F.,
(4,1,1,1,1,1,1,1,1,1,1,1,1,1,1,1,1,1,1,1,1,1,1,1,1,1,1,1,1,1,1,1,1,1,1,
1,1,1,1,1,1,1,1,1,4),(0.724075500111963,0.725271217787961,0.72646693546396,
0.727662653139959,0.728858370815957,0.730054088491956,0.730651947329955,
0.731249806167954,0.732445523843953,0.733641241519952,0.736032676871949,
0.738424112223946,0.740815547575943,0.74320698292794,0.745598418279938,
0.747989853631935,0.752772724335929,0.757555595039924,0.759947030391921,
0.762338465743918,0.764729901095915,0.767121336447913,0.76951277179991,
0.770708489475909,0.771904207151907,0.773099924827906,0.774295642503904,
0.775491360179903,0.776687077855902,0.7778827955319,0.779078513207899,0.780274230883898,
0.781469948559896,0.782665666235895,0.783861383911893,0.784459242749893,
0.785057101587892,0.786252819263891,0.787448536939889,0.788644254615888,
0.791035689967885,0.793427125319882,0.795818560671879,0.798209996023877,
0.800601431375874),.UNSPECIFIED.);
#443=B_SPLINE_CURVE_WITH_KNOTS('',3,(#920,#921,#922,#923,#924,#925,#926,
#927,#928,#929,#930,#931,#932),.UNSPECIFIED.,.F.,.F.,(4,1,1,1,1,1,1,1,1,
1,4),(0.800601431375874,0.801848186332587,0.8030949412893,0.804341696246012,
0.805588451202725,0.808081961116151,0.810575471029576,0.813068980943002,
0.815562490856428,0.818056000769853,0.820549510683279),.UNSPECIFIED.);
#444=B_SPLINE_CURVE_WITH_KNOTS('',3,(#934,#935,#936,#937,#938,#939,#940,
#941,#942,#943,#944,#945,#946),.UNSPECIFIED.,.F.,.F.,(4,1,1,1,1,1,1,1,1,
1,4),(0.800601431375874,0.801848186332587,0.8030949412893,0.804341696246012,
0.805588451202725,0.808081961116151,0.810575471029576,0.813068980943002,
0.815562490856428,0.818056000769853,0.820549510683279),.UNSPECIFIED.);
#445=B_SPLINE_CURVE_WITH_KNOTS('',3,(#983,#984,#985,#986,#987,#988,#989,
#990,#991,#992,#993,#994,#995,#996,#997,#998,#999,#1000,#1001,#1002,#1003,
#1004,#1005,#1006,#1007,#1008,#1009,#1010,#1011),.UNSPECIFIED.,.F.,.F.,
(4,1,1,1,1,1,1,1,1,1,1,1,1,1,1,1,1,1,1,1,1,1,1,1,1,1,4),(0.834738726232102,
0.835970169556158,0.836585891218185,0.837201612880213,0.837817334542241,
0.838433056204269,0.839664499528324,0.84089594285238,0.842127386176435,
0.844590272824546,0.847053159472657,0.849516046120768,0.851978932768879,
0.853210376092935,0.854441819416991,0.855673262741046,0.856904706065102,
0.859367592713213,0.861830479361324,0.864293366009435,0.86552480933349,
0.866756252657546,0.867987695981601,0.869219139305657,0.870450582629712,
0.871682025953768,0.874144912601879),.UNSPECIFIED.);
#446=B_SPLINE_CURVE_WITH_KNOTS('',3,(#1013,#1014,#1015,#1016,#1017,#1018,
#1019,#1020,#1021,#1022,#1023,#1024,#1025,#1026,#1027,#1028,#1029,#1030,
#1031,#1032,#1033,#1034,#1035,#1036,#1037,#1038,#1039,#1040,#1041),
 .UNSPECIFIED.,.F.,.F.,(4,1,1,1,1,1,1,1,1,1,1,1,1,1,1,1,1,1,1,1,1,1,1,1,
1,1,4),(0.834738726232102,0.835970169556158,0.836585891218185,0.837201612880213,
0.837817334542241,0.838433056204269,0.839664499528324,0.84089594285238,
0.842127386176435,0.844590272824546,0.847053159472657,0.849516046120768,
0.851978932768879,0.853210376092935,0.854441819416991,0.855673262741046,
0.856904706065102,0.859367592713213,0.861830479361324,0.864293366009435,
0.86552480933349,0.866756252657546,0.867987695981601,0.869219139305657,
0.870450582629712,0.871682025953768,0.874144912601879),.UNSPECIFIED.);
#447=B_SPLINE_CURVE_WITH_KNOTS('',3,(#1054,#1055,#1056,#1057,#1058,#1059),
 .UNSPECIFIED.,.F.,.F.,(4,1,1,4),(0.89626479675493,0.901456019377302,0.904051630688488,
0.906647241999675),.UNSPECIFIED.);
#448=B_SPLINE_CURVE_WITH_KNOTS('',3,(#1061,#1062,#1063,#1064,#1065,#1066),
 .UNSPECIFIED.,.F.,.F.,(4,1,1,4),(0.89626479675493,0.901456019377302,0.904051630688488,
0.906647241999675),.UNSPECIFIED.);
#449=B_SPLINE_CURVE_WITH_KNOTS('',3,(#1103,#1104,#1105,#1106,#1107,#1108,
#1109,#1110,#1111,#1112,#1113,#1114,#1115,#1116,#1117,#1118,#1119,#1120,
#1121,#1122,#1123,#1124,#1125,#1126,#1127,#1128,#1129,#1130,#1131,#1132,
#1133),.UNSPECIFIED.,.F.,.F.,(4,1,1,1,1,1,1,1,1,1,1,1,1,1,1,1,1,1,1,1,1,
1,1,1,1,1,1,1,4),(0.918641583977024,0.91994844532997,0.921255306682915,
0.922562168035861,0.923869029388806,0.925175890741752,0.926482752094697,
0.929096474800589,0.93171019750648,0.934323920212371,0.935630781565317,
0.936937642918262,0.938244504271208,0.939551365624153,0.940858226977099,
0.942165088330045,0.944778811035936,0.947392533741827,0.950006256447718,
0.951313117800664,0.952619979153609,0.953273409830082,0.953926840506555,
0.954580271183028,0.955233701859501,0.956540563212446,0.957847424565392,
0.959154285918337,0.960461147271283),.UNSPECIFIED.);
#450=B_SPLINE_CURVE_WITH_KNOTS('',3,(#1135,#1136,#1137,#1138,#1139,#1140,
#1141,#1142,#1143,#1144,#1145,#1146,#1147,#1148,#1149,#1150,#1151,#1152,
#1153,#1154,#1155,#1156,#1157,#1158,#1159,#1160,#1161,#1162,#1163,#1164,
#1165),.UNSPECIFIED.,.F.,.F.,(4,1,1,1,1,1,1,1,1,1,1,1,1,1,1,1,1,1,1,1,1,
1,1,1,1,1,1,1,4),(0.918641583977024,0.91994844532997,0.921255306682915,
0.922562168035861,0.923869029388806,0.925175890741752,0.926482752094697,
0.929096474800589,0.93171019750648,0.934323920212371,0.935630781565317,
0.936937642918262,0.938244504271208,0.939551365624153,0.940858226977099,
0.942165088330045,0.944778811035936,0.947392533741827,0.950006256447718,
0.951313117800664,0.952619979153609,0.953273409830082,0.953926840506555,
0.954580271183028,0.955233701859501,0.956540563212446,0.957847424565392,
0.959154285918337,0.960461147271283),.UNSPECIFIED.);
#451=B_SPLINE_CURVE_WITH_KNOTS('',3,(#1224,#1225,#1226,#1227,#1228,#1229,
#1230,#1231,#1232,#1233,#1234,#1235,#1236,#1237,#1238,#1239,#1240,#1241,
#1242,#1243,#1244,#1245,#1246,#1247,#1248,#1249,#1250,#1251,#1252,#1253,
#1254,#1255,#1256,#1257,#1258,#1259,#1260,#1261,#1262,#1263,#1264,#1265,
#1266,#1267,#1268,#1269),.UNSPECIFIED.,.F.,.F.,(4,1,1,1,1,1,1,1,1,1,1,1,
1,1,1,1,1,1,1,1,1,1,1,1,1,1,1,1,1,1,1,1,1,1,1,1,1,1,1,1,1,1,1,4),(0.983384288735005,
0.986129632943328,0.98887497715165,0.991620321359972,0.994365665568295,
0.997111009776617,0.998483681880778,0.999856353984939,1.0012290260891,1.00260169819326,
1.00534704240158,1.00809238660991,1.01083773081823,1.01632841923487,1.02181910765152,
1.02730979606816,1.03005514027649,1.03280048448481,1.03554582869313,1.03829117290145,
1.03966384500561,1.04103651710977,1.04240918921394,1.0437818613181,1.04515453342226,
1.04652720552642,1.04789987763058,1.04927254973474,1.0506452218389,1.05201789394306,
1.05339056604722,1.05476323815139,1.05613591025555,1.05750858235971,1.05888125446387,
1.06025392656803,1.06299927077635,1.06437194288051,1.06574461498468,1.06711728708884,
1.06780362314092,1.068489959193,1.06986263129716,1.07123530340132),
 .UNSPECIFIED.);
#452=B_SPLINE_CURVE_WITH_KNOTS('',3,(#1271,#1272,#1273,#1274,#1275,#1276,
#1277,#1278,#1279,#1280,#1281,#1282,#1283,#1284,#1285,#1286,#1287,#1288,
#1289,#1290,#1291,#1292,#1293,#1294,#1295,#1296,#1297,#1298,#1299,#1300,
#1301,#1302,#1303,#1304,#1305,#1306,#1307,#1308,#1309,#1310,#1311,#1312,
#1313,#1314,#1315,#1316),.UNSPECIFIED.,.F.,.F.,(4,1,1,1,1,1,1,1,1,1,1,1,
1,1,1,1,1,1,1,1,1,1,1,1,1,1,1,1,1,1,1,1,1,1,1,1,1,1,1,1,1,1,1,4),(0.983384288735005,
0.986129632943328,0.98887497715165,0.991620321359972,0.994365665568295,
0.997111009776617,0.998483681880778,0.999856353984939,1.0012290260891,1.00260169819326,
1.00534704240158,1.00809238660991,1.01083773081823,1.01632841923487,1.02181910765152,
1.02730979606816,1.03005514027649,1.03280048448481,1.03554582869313,1.03829117290145,
1.03966384500561,1.04103651710977,1.04240918921394,1.0437818613181,1.04515453342226,
1.04652720552642,1.04789987763058,1.04927254973474,1.0506452218389,1.05201789394306,
1.05339056604722,1.05476323815139,1.05613591025555,1.05750858235971,1.05888125446387,
1.06025392656803,1.06299927077635,1.06437194288051,1.06574461498468,1.06711728708884,
1.06780362314092,1.068489959193,1.06986263129716,1.07123530340132),
 .UNSPECIFIED.);
#453=B_SPLINE_CURVE_WITH_KNOTS('',3,(#1361,#1362,#1363,#1364,#1365,#1366,
#1367,#1368,#1369,#1370,#1371,#1372,#1373,#1374,#1375,#1376,#1377,#1378,
#1379,#1380,#1381,#1382,#1383,#1384,#1385,#1386,#1387,#1388,#1389,#1390,
#1391,#1392,#1393,#1394,#1395,#1396),.UNSPECIFIED.,.F.,.F.,(4,1,1,1,1,1,
1,1,1,1,1,1,1,1,1,1,1,1,1,1,1,1,1,1,1,1,1,1,1,1,1,1,1,4),(1.07123530340132,
1.07320401041779,1.07517271743426,1.07714142445072,1.07911013146719,1.08107883848366,
1.08304754550013,1.08403189900836,1.0850162525166,1.08600060602483,1.08698495953307,
1.0879693130413,1.08895366654953,1.08993802005777,1.090922373566,1.09289108058247,
1.09387543409071,1.09485978759894,1.09584414110717,1.09682849461541,1.09781284812364,
1.09879720163188,1.10076590864834,1.10273461566481,1.10667202969775,1.11060944373069,
1.11454685776362,1.11848427179656,1.1224216858295,1.12635909986243,1.1283278068789,
1.13029651389537,1.13226522091184,1.1342339279283),.UNSPECIFIED.);
#454=B_SPLINE_CURVE_WITH_KNOTS('',3,(#1398,#1399,#1400,#1401,#1402,#1403,
#1404,#1405,#1406,#1407,#1408,#1409,#1410,#1411,#1412,#1413,#1414,#1415,
#1416,#1417,#1418,#1419,#1420,#1421,#1422,#1423,#1424,#1425,#1426,#1427,
#1428,#1429,#1430,#1431,#1432,#1433),.UNSPECIFIED.,.F.,.F.,(4,1,1,1,1,1,
1,1,1,1,1,1,1,1,1,1,1,1,1,1,1,1,1,1,1,1,1,1,1,1,1,1,1,4),(1.07123530340132,
1.07320401041779,1.07517271743426,1.07714142445072,1.07911013146719,1.08107883848366,
1.08304754550013,1.08403189900836,1.0850162525166,1.08600060602483,1.08698495953307,
1.0879693130413,1.08895366654953,1.08993802005777,1.090922373566,1.09289108058247,
1.09387543409071,1.09485978759894,1.09584414110717,1.09682849461541,1.09781284812364,
1.09879720163188,1.10076590864834,1.10273461566481,1.10667202969775,1.11060944373069,
1.11454685776362,1.11848427179656,1.1224216858295,1.12635909986243,1.1283278068789,
1.13029651389537,1.13226522091184,1.1342339279283),.UNSPECIFIED.);
#455=B_SPLINE_CURVE_WITH_KNOTS('',3,(#1444,#1445,#1446,#1447,#1448,#1449),
 .UNSPECIFIED.,.F.,.F.,(4,1,1,4),(0.144863131156933,0.147625985987126,0.150388840817319,
0.155914550477704),.UNSPECIFIED.);
#456=B_SPLINE_CURVE_WITH_KNOTS('',3,(#1451,#1452,#1453,#1454,#1455,#1456),
 .UNSPECIFIED.,.F.,.F.,(4,1,1,4),(0.144863131156933,0.147625985987126,0.150388840817319,
0.155914550477704),.UNSPECIFIED.);
#457=B_SPLINE_CURVE_WITH_KNOTS('',3,(#1495,#1496,#1497,#1498,#1499,#1500,
#1501,#1502,#1503,#1504,#1505,#1506,#1507,#1508,#1509,#1510,#1511,#1512,
#1513,#1514,#1515,#1516,#1517,#1518,#1519,#1520,#1521,#1522,#1523,#1524),
 .UNSPECIFIED.,.F.,.F.,(4,1,1,1,1,1,1,1,1,1,1,1,1,1,1,1,1,1,1,1,1,1,1,1,
1,1,1,4),(0.181130171252216,0.18354734826811,0.184755936776058,0.185964525284005,
0.186568819537979,0.187173113791953,0.187777408045927,0.1883817022999,0.189590290807848,
0.190798879315795,0.19321605633169,0.195633233347585,0.19805041036348,0.199258998871428,
0.200467587379375,0.201676175887322,0.202280470141296,0.202884764395269,
0.203489058649243,0.204093352903217,0.205301941411165,0.206510529919112,
0.20771911842706,0.210136295442955,0.21255347245885,0.214970649474745,0.21738782649064,
0.219805003506534),.UNSPECIFIED.);
#458=B_SPLINE_CURVE_WITH_KNOTS('',3,(#1526,#1527,#1528,#1529,#1530,#1531,
#1532,#1533,#1534,#1535,#1536,#1537,#1538,#1539,#1540,#1541,#1542,#1543,
#1544,#1545,#1546,#1547,#1548,#1549,#1550,#1551,#1552,#1553,#1554,#1555),
 .UNSPECIFIED.,.F.,.F.,(4,1,1,1,1,1,1,1,1,1,1,1,1,1,1,1,1,1,1,1,1,1,1,1,
1,1,1,4),(0.181130171252216,0.18354734826811,0.184755936776058,0.185964525284005,
0.186568819537979,0.187173113791953,0.187777408045927,0.1883817022999,0.189590290807848,
0.190798879315795,0.19321605633169,0.195633233347585,0.19805041036348,0.199258998871428,
0.200467587379375,0.201676175887322,0.202280470141296,0.202884764395269,
0.203489058649243,0.204093352903217,0.205301941411165,0.206510529919112,
0.20771911842706,0.210136295442955,0.21255347245885,0.214970649474745,0.21738782649064,
0.219805003506534),.UNSPECIFIED.);
#459=B_SPLINE_CURVE_WITH_KNOTS('',3,(#1566,#1567,#1568,#1569,#1570),
 .UNSPECIFIED.,.F.,.F.,(4,1,4),(0.23350954414169,0.236207617744191,0.238905691346693),
 .QUASI_UNIFORM_KNOTS.);
#460=B_SPLINE_CURVE_WITH_KNOTS('',3,(#1572,#1573,#1574,#1575,#1576),
 .UNSPECIFIED.,.F.,.F.,(4,1,4),(0.23350954414169,0.236207617744191,0.238905691346693),
 .QUASI_UNIFORM_KNOTS.);
#461=B_SPLINE_CURVE_WITH_KNOTS('',3,(#1611,#1612,#1613,#1614,#1615,#1616,
#1617,#1618,#1619,#1620,#1621,#1622,#1623,#1624,#1625,#1626,#1627,#1628,
#1629,#1630,#1631,#1632,#1633,#1634,#1635,#1636,#1637),.UNSPECIFIED.,.F.,
 .F.,(4,1,1,1,1,1,1,1,1,1,1,1,1,1,1,1,1,1,1,1,1,1,1,1,4),(0.267961282704523,
0.269037496467071,0.269575603348345,0.270113710229619,0.271189923992167,
0.272266137754715,0.273342351517263,0.274418565279812,0.276570992804907,
0.278723420330004,0.2808758478551,0.283028275380195,0.284104489142743,0.285180702905292,
0.285718809786565,0.286256916667839,0.287333130430387,0.288409344192936,
0.289485557955484,0.29163798548058,0.293790413005675,0.295942840530771,
0.298095268055868,0.300247695580963,0.30240012310606),.UNSPECIFIED.);
#462=B_SPLINE_CURVE_WITH_KNOTS('',3,(#1639,#1640,#1641,#1642,#1643,#1644,
#1645,#1646,#1647,#1648,#1649,#1650,#1651,#1652,#1653,#1654,#1655,#1656,
#1657,#1658,#1659,#1660,#1661,#1662,#1663,#1664,#1665),.UNSPECIFIED.,.F.,
 .F.,(4,1,1,1,1,1,1,1,1,1,1,1,1,1,1,1,1,1,1,1,1,1,1,1,4),(0.267961282704523,
0.269037496467071,0.269575603348345,0.270113710229619,0.271189923992167,
0.272266137754715,0.273342351517263,0.274418565279812,0.276570992804907,
0.278723420330004,0.2808758478551,0.283028275380195,0.284104489142743,0.285180702905292,
0.285718809786565,0.286256916667839,0.287333130430387,0.288409344192936,
0.289485557955484,0.29163798548058,0.293790413005675,0.295942840530771,
0.298095268055868,0.300247695580963,0.30240012310606),.UNSPECIFIED.);
#463=B_SPLINE_CURVE_WITH_KNOTS('',3,(#1726,#1727,#1728,#1729,#1730,#1731,
#1732,#1733,#1734,#1735,#1736,#1737,#1738,#1739,#1740,#1741,#1742,#1743,
#1744,#1745,#1746,#1747,#1748,#1749,#1750,#1751,#1752,#1753,#1754,#1755,
#1756,#1757,#1758,#1759,#1760,#1761,#1762,#1763,#1764,#1765,#1766,#1767,
#1768,#1769,#1770,#1771),.UNSPECIFIED.,.F.,.F.,(4,1,1,1,1,1,1,1,1,1,1,1,
1,1,1,1,1,1,1,1,1,1,1,1,1,1,1,1,1,1,1,1,1,1,1,1,1,1,1,1,1,1,1,4),(0.316537510025993,
0.31965738703617,0.322777264046346,0.325897141056523,0.329017018066699,
0.332136895076875,0.335256772087052,0.33681671059214,0.338376649097228,
0.339936587602316,0.341496526107404,0.344616403117581,0.347736280127758,
0.349296218632846,0.350856157137934,0.352416095643022,0.353976034148111,
0.357095911158287,0.358655849663375,0.360215788168464,0.361775726673552,
0.363335665178639,0.364895603683728,0.366455542188816,0.368015480693904,
0.368795449946448,0.369575419198993,0.371135357704081,0.372695296209169,
0.374255234714257,0.375815173219345,0.377375111724433,0.378935050229522,
0.38049498873461,0.382054927239698,0.383614865744787,0.385174804249875,
0.388294681260051,0.391414558270228,0.394534435280404,0.397654312290581,
0.403894066310933,0.410133820331286,0.416373574351639),.UNSPECIFIED.);
#464=B_SPLINE_CURVE_WITH_KNOTS('',3,(#1773,#1774,#1775,#1776,#1777,#1778,
#1779,#1780,#1781,#1782,#1783,#1784,#1785,#1786,#1787,#1788,#1789,#1790,
#1791,#1792,#1793,#1794,#1795,#1796,#1797,#1798,#1799,#1800,#1801,#1802,
#1803,#1804,#1805,#1806,#1807,#1808,#1809,#1810,#1811,#1812,#1813,#1814,
#1815,#1816,#1817,#1818),.UNSPECIFIED.,.F.,.F.,(4,1,1,1,1,1,1,1,1,1,1,1,
1,1,1,1,1,1,1,1,1,1,1,1,1,1,1,1,1,1,1,1,1,1,1,1,1,1,1,1,1,1,1,4),(0.316537510025993,
0.31965738703617,0.322777264046346,0.325897141056523,0.329017018066699,
0.332136895076875,0.335256772087052,0.33681671059214,0.338376649097228,
0.339936587602316,0.341496526107404,0.344616403117581,0.347736280127758,
0.349296218632846,0.350856157137934,0.352416095643022,0.353976034148111,
0.357095911158287,0.358655849663375,0.360215788168464,0.361775726673552,
0.363335665178639,0.364895603683728,0.366455542188816,0.368015480693904,
0.368795449946448,0.369575419198993,0.371135357704081,0.372695296209169,
0.374255234714257,0.375815173219345,0.377375111724433,0.378935050229522,
0.38049498873461,0.382054927239698,0.383614865744787,0.385174804249875,
0.388294681260051,0.391414558270228,0.394534435280404,0.397654312290581,
0.403894066310933,0.410133820331286,0.416373574351639),.UNSPECIFIED.);
#465=B_SPLINE_CURVE_WITH_KNOTS('',3,(#1837,#1838,#1839,#1840,#1841,#1842,
#1843,#1844,#1845,#1846,#1847,#1848,#1849),.UNSPECIFIED.,.F.,.F.,(4,1,1,
1,1,1,1,1,1,1,4),(0.43890748631182,0.444163055259397,0.449418624206976,
0.454674193154554,0.457301977628343,0.459929762102132,0.465185331049711,
0.470440899997289,0.475696468944867,0.478324253418656,0.480952037892445),
 .UNSPECIFIED.);
#466=B_SPLINE_CURVE_WITH_KNOTS('',3,(#1851,#1852,#1853,#1854,#1855,#1856,
#1857,#1858,#1859,#1860,#1861,#1862,#1863),.UNSPECIFIED.,.F.,.F.,(4,1,1,
1,1,1,1,1,1,1,4),(0.43890748631182,0.444163055259397,0.449418624206976,
0.454674193154554,0.457301977628343,0.459929762102132,0.465185331049711,
0.470440899997289,0.475696468944867,0.478324253418656,0.480952037892445),
 .UNSPECIFIED.);
#467=B_SPLINE_CURVE_WITH_KNOTS('',3,(#1904,#1905,#1906,#1907,#1908,#1909,
#1910,#1911,#1912,#1913,#1914,#1915,#1916,#1917,#1918,#1919,#1920,#1921,
#1922,#1923,#1924,#1925,#1926,#1927,#1928,#1929),.UNSPECIFIED.,.F.,.F.,
(4,1,1,1,1,1,1,1,1,1,1,1,1,1,1,1,1,1,1,1,1,1,1,4),(0.494313871606517,0.497758663899721,
0.501203456192925,0.502925852339527,0.504648248486129,0.506370644632731,
0.508093040779334,0.509815436925936,0.511537833072538,0.512399031145839,
0.51326022921914,0.514121427292441,0.514982625365742,0.515843823439043,
0.516705021512344,0.517566219585645,0.518427417658946,0.518858016695597,
0.519288615732247,0.519719214768898,0.520149813805548,0.520580412842199,
0.521011011878849,0.52187220995215),.UNSPECIFIED.);
#468=B_SPLINE_CURVE_WITH_KNOTS('',3,(#1931,#1932,#1933,#1934,#1935,#1936,
#1937,#1938,#1939,#1940,#1941,#1942,#1943,#1944,#1945,#1946,#1947,#1948,
#1949,#1950,#1951,#1952,#1953,#1954,#1955,#1956),.UNSPECIFIED.,.F.,.F.,
(4,1,1,1,1,1,1,1,1,1,1,1,1,1,1,1,1,1,1,1,1,1,1,4),(0.494313871606517,0.497758663899721,
0.501203456192925,0.502925852339527,0.504648248486129,0.506370644632731,
0.508093040779334,0.509815436925936,0.511537833072538,0.512399031145839,
0.51326022921914,0.514121427292441,0.514982625365742,0.515843823439043,
0.516705021512344,0.517566219585645,0.518427417658946,0.518858016695597,
0.519288615732247,0.519719214768898,0.520149813805548,0.520580412842199,
0.521011011878849,0.52187220995215),.UNSPECIFIED.);
#469=B_SPLINE_CURVE_WITH_KNOTS('',3,(#2005,#2006,#2007,#2008,#2009,#2010,
#2011,#2012,#2013,#2014,#2015,#2016,#2017,#2018,#2019,#2020,#2021,#2022,
#2023,#2024,#2025,#2026,#2027,#2028,#2029,#2030,#2031,#2032,#2033,#2034,
#2035,#2036,#2037,#2038,#2039,#2040),.UNSPECIFIED.,.F.,.F.,(4,1,1,1,1,1,
1,1,1,1,1,1,1,1,1,1,1,1,1,1,1,1,1,1,1,1,1,1,1,1,1,1,1,4),(0.528549090829965,
0.529973611634409,0.531398132438854,0.532822653243298,0.534247174047742,
0.534959434449964,0.535671694852186,0.536383955254408,0.53709621565663,
0.537808476058852,0.538520736461075,0.539232996863297,0.539945257265519,
0.540657517667741,0.541369778069963,0.542794298874407,0.544218819678851,
0.545643340483296,0.546355600885518,0.54706786128774,0.548492382092184,
0.549916902896628,0.551341423701072,0.554190465309961,0.557039506918849,
0.559888548527738,0.562737590136626,0.565586631745515,0.568435673354403,
0.569860194158847,0.571284714963291,0.571996975365513,0.572709235767736,
0.57413375657218),.UNSPECIFIED.);
#470=B_SPLINE_CURVE_WITH_KNOTS('',3,(#2042,#2043,#2044,#2045,#2046,#2047,
#2048,#2049,#2050,#2051,#2052,#2053,#2054,#2055,#2056,#2057,#2058,#2059,
#2060,#2061,#2062,#2063,#2064,#2065,#2066,#2067,#2068,#2069,#2070,#2071,
#2072,#2073,#2074,#2075,#2076,#2077),.UNSPECIFIED.,.F.,.F.,(4,1,1,1,1,1,
1,1,1,1,1,1,1,1,1,1,1,1,1,1,1,1,1,1,1,1,1,1,1,1,1,1,1,4),(0.528549090829965,
0.529973611634409,0.531398132438854,0.532822653243298,0.534247174047742,
0.534959434449964,0.535671694852186,0.536383955254408,0.53709621565663,
0.537808476058852,0.538520736461075,0.539232996863297,0.539945257265519,
0.540657517667741,0.541369778069963,0.542794298874407,0.544218819678851,
0.545643340483296,0.546355600885518,0.54706786128774,0.548492382092184,
0.549916902896628,0.551341423701072,0.554190465309961,0.557039506918849,
0.559888548527738,0.562737590136626,0.565586631745515,0.568435673354403,
0.569860194158847,0.571284714963291,0.571996975365513,0.572709235767736,
0.57413375657218),.UNSPECIFIED.);
#471=B_SPLINE_CURVE_WITH_KNOTS('',3,(#2154,#2155,#2156,#2157,#2158,#2159,
#2160,#2161,#2162,#2163,#2164,#2165,#2166,#2167,#2168,#2169,#2170,#2171,
#2172,#2173,#2174,#2175,#2176,#2177,#2178,#2179,#2180,#2181,#2182,#2183,
#2184,#2185,#2186,#2187,#2188,#2189,#2190,#2191,#2192,#2193,#2194,#2195,
#2196,#2197,#2198,#2199,#2200,#2201,#2202,#2203,#2204,#2205,#2206,#2207,
#2208,#2209,#2210,#2211,#2212),.UNSPECIFIED.,.F.,.F.,(4,1,1,1,1,1,1,1,1,
1,1,1,1,1,1,1,1,1,1,1,1,1,1,1,1,1,1,1,1,1,1,1,1,1,1,1,1,1,1,1,1,1,1,1,1,
1,1,1,1,1,1,1,1,1,1,1,4),(0.579383322936017,0.580691477307048,0.581999631678079,
0.584615940420142,0.587232249162205,0.589848557904268,0.592464866646331,
0.595081175388394,0.597697484130457,0.60031379287252,0.602930101614583,
0.604238255985614,0.605546410356646,0.606854564727677,0.608162719098709,
0.60947087346974,0.610779027840772,0.611433105026287,0.612087182211803,
0.612741259397319,0.613395336582835,0.614703490953866,0.616011645324898,
0.616665722510413,0.617319799695929,0.618627954066961,0.619936108437992,
0.621244262809024,0.623860571551086,0.625168725922118,0.626476880293149,
0.627785034664181,0.629093189035212,0.630401343406244,0.63105542059176,
0.631709497777275,0.632363574962791,0.633017652148307,0.633671729333823,
0.634325806519338,0.634979883704854,0.63563396089037,0.636942115261401,
0.638250269632433,0.639558424003464,0.64021250118898,0.640866578374496,
0.642174732745527,0.643482887116558,0.64479104148759,0.647407350229653,
0.650023658971716,0.652639967713779,0.655256276455842,0.657872585197905,
0.660488893939968,0.66310520268203),.UNSPECIFIED.);
#472=B_SPLINE_CURVE_WITH_KNOTS('',3,(#2213,#2214,#2215,#2216,#2217,#2218,
#2219,#2220,#2221,#2222,#2223,#2224,#2225,#2226,#2227,#2228,#2229,#2230,
#2231,#2232,#2233,#2234,#2235,#2236,#2237,#2238,#2239,#2240,#2241,#2242,
#2243,#2244,#2245,#2246,#2247,#2248,#2249,#2250,#2251,#2252,#2253,#2254,
#2255,#2256,#2257,#2258,#2259,#2260,#2261,#2262,#2263,#2264,#2265,#2266,
#2267,#2268,#2269,#2270,#2271),.UNSPECIFIED.,.F.,.F.,(4,1,1,1,1,1,1,1,1,
1,1,1,1,1,1,1,1,1,1,1,1,1,1,1,1,1,1,1,1,1,1,1,1,1,1,1,1,1,1,1,1,1,1,1,1,
1,1,1,1,1,1,1,1,1,1,1,4),(0.579383322936017,0.580691477307048,0.581999631678079,
0.584615940420142,0.587232249162205,0.589848557904268,0.592464866646331,
0.595081175388394,0.597697484130457,0.60031379287252,0.602930101614583,
0.604238255985614,0.605546410356646,0.606854564727677,0.608162719098709,
0.60947087346974,0.610779027840772,0.611433105026287,0.612087182211803,
0.612741259397319,0.613395336582835,0.614703490953866,0.616011645324898,
0.616665722510413,0.617319799695929,0.618627954066961,0.619936108437992,
0.621244262809024,0.623860571551086,0.625168725922118,0.626476880293149,
0.627785034664181,0.629093189035212,0.630401343406244,0.63105542059176,
0.631709497777275,0.632363574962791,0.633017652148307,0.633671729333823,
0.634325806519338,0.634979883704854,0.63563396089037,0.636942115261401,
0.638250269632433,0.639558424003464,0.64021250118898,0.640866578374496,
0.642174732745527,0.643482887116558,0.64479104148759,0.647407350229653,
0.650023658971716,0.652639967713779,0.655256276455842,0.657872585197905,
0.660488893939968,0.66310520268203),.UNSPECIFIED.);
#473=B_SPLINE_CURVE_WITH_KNOTS('',3,(#2396,#2397,#2398,#2399,#2400,#2401,
#2402,#2403,#2404,#2405,#2406,#2407,#2408,#2409,#2410,#2411,#2412,#2413,
#2414,#2415,#2416,#2417,#2418,#2419,#2420,#2421,#2422,#2423,#2424,#2425,
#2426,#2427,#2428,#2429,#2430,#2431,#2432,#2433,#2434,#2435,#2436,#2437,
#2438,#2439,#2440,#2441,#2442,#2443,#2444,#2445,#2446,#2447,#2448,#2449,
#2450,#2451,#2452,#2453,#2454,#2455,#2456,#2457),.UNSPECIFIED.,.T.,.F.,
(1,1,1,1,1,1,1,1,1,1,1,1,1,1,1,1,1,1,1,1,1,1,1,1,1,1,1,1,1,1,1,1,1,1,1,
1,1,1,1,1,1,1,1,1,1,1,1,1,1,1,1,1,1,1,1,1,1,1,1,1,1,1,1,1,1,1),(-0.0461404927914199,
-0.0295259870920403,-0.0198063227497226,0.,0.0399881864023249,0.0527788109082522,
0.0676591575259102,0.0846134191329954,0.0952955825784224,0.134294902029649,
0.142796661243957,0.165416264628354,0.173171294597878,0.187097796106155,
0.203031770551895,0.224273475122332,0.230968705998753,0.248857164650952,
0.25518912010606,0.269656158450848,0.285982679691907,0.307249497484435,
0.313237891224685,0.33582094651639,0.35026137175305,0.365551381201301,0.379808159009973,
0.421905831823414,0.428237791913844,0.455708225979423,0.483509939130738,
0.490631387915315,0.517616064298839,0.525000739787558,0.536686380348036,
0.546796741640655,0.571579131000115,0.580670620126396,0.607103795359143,
0.61632612929546,0.63104531153226,0.640513797840914,0.667498470889854,0.674193704275725,
0.711930452935021,0.720399332978614,0.730959335970798,0.772289980402089,
0.784677873476703,0.801296572562958,0.8257599785841,0.83726519377773,0.854847509110072,
0.868699015190367,0.88385806881662,0.890806397878287,0.909929963840998,
0.921763866031225,0.939042662154471,0.95385950720858,0.97047401290796,0.980193677250277,
1.,1.03998818640232,1.05277881090825,1.06765915752591),.UNSPECIFIED.);
#474=B_SPLINE_CURVE_WITH_KNOTS('',3,(#2459,#2460,#2461,#2462,#2463,#2464,
#2465,#2466,#2467,#2468,#2469,#2470,#2471,#2472,#2473,#2474,#2475,#2476,
#2477,#2478,#2479,#2480,#2481,#2482,#2483,#2484,#2485,#2486,#2487,#2488,
#2489,#2490,#2491,#2492,#2493,#2494,#2495,#2496,#2497,#2498,#2499,#2500,
#2501,#2502,#2503,#2504,#2505,#2506,#2507,#2508,#2509,#2510,#2511,#2512,
#2513,#2514,#2515,#2516,#2517,#2518,#2519,#2520),.UNSPECIFIED.,.T.,.F.,
(1,1,1,1,1,1,1,1,1,1,1,1,1,1,1,1,1,1,1,1,1,1,1,1,1,1,1,1,1,1,1,1,1,1,1,
1,1,1,1,1,1,1,1,1,1,1,1,1,1,1,1,1,1,1,1,1,1,1,1,1,1,1,1,1,1,1),(-0.0461404927914199,
-0.0295259870920403,-0.0198063227497226,0.,0.0399881864023249,0.0527788109082522,
0.0676591575259102,0.0846134191329954,0.0952955825784224,0.134294902029649,
0.142796661243957,0.165416264628354,0.173171294597878,0.187097796106155,
0.203031770551895,0.224273475122332,0.230968705998753,0.248857164650952,
0.25518912010606,0.269656158450848,0.285982679691907,0.307249497484435,
0.313237891224685,0.33582094651639,0.35026137175305,0.365551381201301,0.379808159009973,
0.421905831823414,0.428237791913844,0.455708225979423,0.483509939130738,
0.490631387915315,0.517616064298839,0.525000739787558,0.536686380348036,
0.546796741640655,0.571579131000115,0.580670620126396,0.607103795359143,
0.61632612929546,0.63104531153226,0.640513797840914,0.667498470889854,0.674193704275725,
0.711930452935021,0.720399332978614,0.730959335970798,0.772289980402089,
0.784677873476703,0.801296572562958,0.8257599785841,0.83726519377773,0.854847509110072,
0.868699015190367,0.88385806881662,0.890806397878287,0.909929963840998,
0.921763866031225,0.939042662154471,0.95385950720858,0.97047401290796,0.980193677250277,
1.,1.03998818640232,1.05277881090825,1.06765915752591),.UNSPECIFIED.);
#475=B_SPLINE_CURVE_WITH_KNOTS('',3,(#2524,#2525,#2526,#2527,#2528,#2529,
#2530,#2531,#2532,#2533,#2534,#2535,#2536,#2537,#2538,#2539,#2540,#2541,
#2542,#2543,#2544,#2545,#2546,#2547,#2548,#2549,#2550,#2551,#2552,#2553,
#2554,#2555,#2556,#2557,#2558,#2559,#2560,#2561,#2562,#2563,#2564,#2565,
#2566,#2567),.UNSPECIFIED.,.F.,.F.,(4,1,1,1,1,1,1,1,1,1,1,1,1,1,1,1,1,1,
1,1,1,1,1,1,1,1,1,1,1,1,1,1,1,1,1,1,1,1,1,1,1,4),(0.501829439741329,0.504132657495663,
0.506435875249997,0.507587484127164,0.508739093004331,0.509890701881498,
0.511042310758665,0.512193919635832,0.513345528512999,0.513921332951583,
0.514497137390166,0.514785039609458,0.51507294182875,0.515360844048041,
0.515648746267333,0.515936648486625,0.516224550705917,0.516368501815563,
0.516512452925208,0.516656404034854,0.5168003551445,0.517088257363792,0.517376159583084,
0.51752011069273,0.517664061802376,0.517951964021667,0.518239866240959,
0.518383817350605,0.518527768460251,0.518671719569897,0.518815670679543,
0.518887646234366,0.518959621789188,0.519103572898834,0.51924752400848,
0.519319499563303,0.519391475118126,0.519535426227772,0.519679377337418,
0.519823328447064,0.519967279556709,0.520255181776001),.UNSPECIFIED.);
#476=B_SPLINE_CURVE_WITH_KNOTS('',3,(#2570,#2571,#2572,#2573,#2574,#2575,
#2576,#2577,#2578,#2579,#2580,#2581,#2582,#2583,#2584,#2585,#2586,#2587,
#2588,#2589,#2590,#2591,#2592,#2593,#2594,#2595,#2596,#2597,#2598,#2599,
#2600,#2601,#2602,#2603,#2604,#2605,#2606,#2607,#2608,#2609,#2610,#2611,
#2612,#2613,#2614,#2615,#2616,#2617,#2618,#2619,#2620,#2621,#2622,#2623,
#2624,#2625,#2626,#2627,#2628),.UNSPECIFIED.,.F.,.F.,(4,1,1,1,1,1,1,1,1,
1,1,1,1,1,1,1,1,1,1,1,1,1,1,1,1,1,1,1,1,1,1,1,1,1,1,1,1,1,1,1,1,1,1,1,1,
1,1,1,1,1,1,1,1,1,1,1,4),(0.533852819854597,0.534129391854709,0.534405963854821,
0.534682535854933,0.534959107855045,0.535235679855157,0.535512251855269,
0.535788823855381,0.536065395855493,0.536341967855605,0.536618539855717,
0.536895111855829,0.537033397855885,0.537171683855941,0.537448255856053,
0.537724827856165,0.537863113856221,0.538001399856277,0.538277971856389,
0.538416257856445,0.538554543856501,0.538692829856557,0.538831115856613,
0.539107687856725,0.539384259856837,0.539660831856949,0.539937403857061,
0.540213975857173,0.540490547857285,0.540767119857397,0.541043691857509,
0.541320263857621,0.541458549857677,0.541596835857733,0.542149979857957,
0.542426551858069,0.542703123858181,0.542979695858293,0.543256267858405,
0.543809411858629,0.544362555858853,0.544915699859077,0.546021987859525,
0.546575131859749,0.547128275859972,0.54823456386042,0.549340851860868,
0.550447139861316,0.551553427861764,0.55376600386266,0.555978579863556,
0.558191155864452,0.560403731865348,0.562616307866244,0.56482888386714,
0.567041459868036,0.569254035868932),.UNSPECIFIED.);
#477=B_SPLINE_CURVE_WITH_KNOTS('',3,(#2630,#2631,#2632,#2633,#2634,#2635,
#2636,#2637,#2638,#2639,#2640,#2641,#2642,#2643,#2644,#2645,#2646,#2647,
#2648,#2649,#2650,#2651,#2652,#2653,#2654,#2655,#2656,#2657,#2658,#2659,
#2660,#2661,#2662,#2663,#2664,#2665,#2666,#2667,#2668,#2669,#2670,#2671,
#2672,#2673,#2674,#2675,#2676,#2677,#2678,#2679,#2680,#2681,#2682,#2683,
#2684,#2685,#2686,#2687,#2688,#2689,#2690,#2691,#2692,#2693,#2694,#2695,
#2696,#2697,#2698,#2699,#2700,#2701,#2702,#2703,#2704,#2705,#2706,#2707,
#2708,#2709,#2710,#2711,#2712,#2713,#2714,#2715,#2716,#2717,#2718,#2719,
#2720,#2721,#2722,#2723,#2724,#2725,#2726,#2727,#2728,#2729,#2730,#2731,
#2732,#2733,#2734,#2735,#2736,#2737,#2738,#2739,#2740,#2741,#2742),
 .UNSPECIFIED.,.F.,.F.,(4,1,1,1,1,1,1,1,1,1,1,1,1,1,1,1,1,1,1,1,1,1,1,1,
1,1,1,1,1,1,1,1,1,1,1,1,1,1,1,1,1,1,1,1,1,1,1,1,1,1,1,1,1,1,1,1,1,1,1,1,
1,1,1,1,1,1,1,1,1,1,1,1,1,1,1,1,1,1,1,1,1,1,1,1,1,1,1,1,1,1,1,1,1,1,1,1,
1,1,1,1,1,1,1,1,1,1,1,1,1,1,4),(0.584871979524286,0.587093966340515,0.589315953156745,
0.591537939972974,0.593759926789204,0.595981913605434,0.598203900421663,
0.600425887237893,0.602647874054123,0.603758867462237,0.604869860870352,
0.605980854278467,0.606536350982524,0.607091847686582,0.607647344390639,
0.607925092742668,0.608202841094697,0.608480589446725,0.608758337798754,
0.609313834502811,0.60959158285484,0.609869331206869,0.610424827910926,
0.610702576262955,0.610980324614984,0.611258072967012,0.611535821319041,
0.61181356967107,0.612091318023098,0.612369066375127,0.612646814727156,
0.612924563079184,0.613202311431213,0.613480059783242,0.613757808135271,
0.614313304839328,0.614591053191357,0.614868801543385,0.615146549895414,
0.615424298247443,0.615702046599471,0.6159797949515,0.616257543303529,0.616535291655558,
0.617090788359615,0.617646285063672,0.61820178176773,0.619312775175845,
0.620423768583959,0.621534761992074,0.622645755400189,0.623756748808304,
0.624867742216419,0.625978735624533,0.627089729032648,0.627645225736705,
0.628200722440763,0.62875621914482,0.629033967496849,0.629311715848878,
0.629867212552935,0.630144960904964,0.630283835080978,0.630422709256993,
0.630700457609021,0.63097820596105,0.631255954313079,0.631533702665107,
0.632089199369165,0.632366947721194,0.632644696073222,0.632922444425251,
0.633061318601265,0.63320019277728,0.633477941129308,0.633616815305323,
0.633755689481337,0.634033437833366,0.634311186185394,0.634588934537423,
0.634866682889452,0.635144431241481,0.635422179593509,0.635561053769524,
0.635699927945538,0.635977676297567,0.636255424649595,0.636533173001624,
0.636810921353653,0.637088669705682,0.63736641805771,0.637644166409739,
0.637921914761767,0.638199663113796,0.638477411465825,0.638755159817854,
0.639310656521911,0.639866153225968,0.640421649930026,0.640977146634083,
0.641532643338141,0.642088140042198,0.642643636746255,0.64375463015437,
0.644865623562485,0.6459766169706,0.647087610378715,0.649309597194944,0.651531584011174,
0.653753570827403,0.655975557643633),.UNSPECIFIED.);
#478=B_SPLINE_CURVE_WITH_KNOTS('',3,(#2744,#2745,#2746,#2747,#2748,#2749),
 .UNSPECIFIED.,.F.,.F.,(4,1,1,4),(0.680990918499402,0.684340333842811,0.687689749186219,
0.694388579873037),.UNSPECIFIED.);
#479=B_SPLINE_CURVE_WITH_KNOTS('',3,(#2751,#2752,#2753,#2754,#2755,#2756,
#2757,#2758,#2759,#2760,#2761,#2762,#2763,#2764,#2765,#2766,#2767,#2768,
#2769,#2770,#2771,#2772,#2773,#2774,#2775,#2776,#2777,#2778,#2779,#2780,
#2781,#2782,#2783,#2784,#2785,#2786,#2787,#2788,#2789,#2790,#2791,#2792,
#2793,#2794,#2795,#2796,#2797,#2798,#2799,#2800,#2801,#2802,#2803,#2804,
#2805,#2806,#2807,#2808,#2809,#2810,#2811),.UNSPECIFIED.,.F.,.F.,(4,1,1,
1,1,1,1,1,1,1,1,1,1,1,1,1,1,1,1,1,1,1,1,1,1,1,1,1,1,1,1,1,1,1,1,1,1,1,1,
1,1,1,1,1,1,1,1,1,1,1,1,1,1,1,1,1,1,1,4),(0.742949121497338,0.746552390864746,
0.750155660232155,0.753758929599563,0.757362198966972,0.76096546833438,
0.762767103018085,0.764568737701789,0.766370372385493,0.767271189727345,
0.768172007069197,0.769072824411049,0.769973641752902,0.770424050423828,
0.770874459094754,0.771775276436606,0.772676093778458,0.77357691112031,
0.774477728462162,0.774928137133088,0.775378545804014,0.775603750139477,
0.77582895447494,0.776279363145866,0.77650456748133,0.776729771816793,0.776954976152256,
0.777180180487719,0.777630589158645,0.778080997829571,0.778531406500497,
0.778981815171423,0.779432223842349,0.779882632513275,0.780333041184201,
0.780783449855127,0.781233858526053,0.781684267196979,0.782585084538831,
0.783035493209757,0.783485901880684,0.78393631055161,0.784386719222536,
0.784837127893462,0.785287536564388,0.78618835390624,0.787089171248092,
0.787989988589944,0.788890805931796,0.789791623273648,0.790692440615501,
0.791593257957353,0.793394892641057,0.795196527324761,0.796097344666613,
0.796998162008465,0.797898979350318,0.79879979669217,0.800601431375874),
 .UNSPECIFIED.);
#480=B_SPLINE_CURVE_WITH_KNOTS('',3,(#2813,#2814,#2815,#2816,#2817,#2818,
#2819,#2820,#2821,#2822,#2823,#2824,#2825),.UNSPECIFIED.,.F.,.F.,(4,1,1,
1,1,1,1,1,1,1,4),(0.800601431375874,0.801257495223325,0.801913559070776,
0.802569622918227,0.803225686765678,0.803881750613129,0.80453781446058,
0.805849942155482,0.807162069850384,0.808474197545286,0.811098452935089),
 .UNSPECIFIED.);
#481=B_SPLINE_CURVE_WITH_KNOTS('',3,(#2827,#2828,#2829,#2830,#2831,#2832,
#2833,#2834,#2835,#2836,#2837,#2838,#2839,#2840,#2841,#2842,#2843,#2844,
#2845,#2846,#2847,#2848,#2849,#2850),.UNSPECIFIED.,.F.,.F.,(4,1,1,1,1,1,
1,1,1,1,1,1,1,1,1,1,1,1,1,1,1,4),(0.84171421733998,0.843073419895415,0.84443262245085,
0.845791825006285,0.84715102756172,0.848510230117155,0.84986943267259,0.851228635228025,
0.85258783778346,0.853947040338895,0.854626641616613,0.85530624289433,0.856665445449765,
0.857345046727483,0.8580246480052,0.858704249282918,0.859383850560635,0.860063451838353,
0.86074305311607,0.861422654393788,0.862102255671505,0.86346145822694),
 .UNSPECIFIED.);
#482=B_SPLINE_CURVE_WITH_KNOTS('',3,(#2852,#2853,#2854,#2855,#2856,#2857,
#2858,#2859,#2860,#2861,#2862,#2863,#2864,#2865,#2866,#2867,#2868,#2869,
#2870,#2871,#2872,#2873,#2874,#2875),.UNSPECIFIED.,.F.,.F.,(4,1,1,1,1,1,
1,1,1,1,1,1,1,1,1,1,1,1,1,1,1,4),(0.934950705636563,0.93596741724433,0.936984128852098,
0.937492484655981,0.938000840459865,0.938509196263749,0.939017552067633,
0.939525907871516,0.9400342636754,0.941050975283168,0.942067686890935,0.943084398498703,
0.94410111010647,0.944609465910354,0.945117821714238,0.946134533322005,
0.947151244929772,0.947659600733656,0.94816795653754,0.949184668145307,
0.950201379753075,0.951218091360842),.UNSPECIFIED.);
#483=B_SPLINE_CURVE_WITH_KNOTS('',3,(#2877,#2878,#2879,#2880,#2881,#2882,
#2883,#2884,#2885,#2886,#2887,#2888,#2889,#2890,#2891,#2892,#2893,#2894,
#2895,#2896,#2897,#2898,#2899,#2900,#2901,#2902,#2903,#2904,#2905,#2906,
#2907,#2908,#2909,#2910,#2911,#2912,#2913,#2914,#2915,#2916,#2917,#2918,
#2919,#2920,#2921,#2922,#2923,#2924,#2925,#2926,#2927,#2928,#2929,#2930,
#2931,#2932,#2933,#2934,#2935,#2936,#2937,#2938),.UNSPECIFIED.,.F.,.F.,
(4,1,1,1,1,1,1,1,1,1,1,1,1,1,1,1,1,1,1,1,1,1,1,1,1,1,1,1,1,1,1,1,1,1,1,
1,1,1,1,1,1,1,1,1,1,1,1,1,1,1,1,1,1,1,1,1,1,1,1,4),(1.01008581564281,1.01390765862771,
1.01772950161262,1.02155134459753,1.02537318758244,1.02919503056734,1.03301687355225,
1.0349277950447,1.03588325579093,1.03683871653716,1.03779417728338,1.03874963802961,
1.04066055952206,1.04161602026829,1.04257148101452,1.04352694176074,1.04400467213386,
1.04448240250697,1.04496013288008,1.0454378632532,1.04639332399942,1.04687105437254,
1.04734878474565,1.04782651511876,1.04830424549188,1.04878197586499,1.0492597062381,
1.04973743661122,1.05021516698433,1.05117062773056,1.05164835810367,1.05212608847678,
1.05308154922301,1.05355927959613,1.05403700996924,1.05451474034235,1.05499247071547,
1.05594793146169,1.05690339220792,1.05785885295415,1.05881431370037,1.0597697744466,
1.06072523519283,1.06168069593905,1.06263615668528,1.06359161743151,1.06454707817773,
1.06550253892396,1.06645799967019,1.0669357300433,1.06717459522986,1.06741346041641,
1.06765232560297,1.06789119078953,1.06836892116264,1.06884665153575,1.06932438190887,
1.06980211228198,1.07027984265509,1.07123530340132),.UNSPECIFIED.);
#484=B_SPLINE_CURVE_WITH_KNOTS('',3,(#2940,#2941,#2942,#2943,#2944,#2945,
#2946,#2947,#2948,#2949,#2950,#2951,#2952,#2953,#2954,#2955,#2956,#2957,
#2958,#2959,#2960,#2961,#2962,#2963,#2964,#2965,#2966,#2967,#2968,#2969,
#2970,#2971,#2972,#2973,#2974,#2975,#2976,#2977,#2978,#2979),
 .UNSPECIFIED.,.F.,.F.,(4,1,1,1,1,1,1,1,1,1,1,1,1,1,1,1,1,1,1,1,1,1,1,1,
1,1,1,1,1,1,1,1,1,1,1,1,1,4),(1.07123530340132,1.072567224976,1.07389914655068,
1.07523106812536,1.07656298970004,1.07789491127471,1.07922683284939,1.08055875442407,
1.08122471521141,1.08189067599875,1.08255663678609,1.08322259757343,1.08388855836077,
1.08422153875444,1.08455451914811,1.08488749954178,1.08522047993545,1.08555346032912,
1.08588644072279,1.08621942111646,1.08655240151013,1.08688538190379,1.08705187210063,
1.08721836229746,1.08755134269113,1.0878843230848,1.08821730347847,1.08855028387214,
1.08888326426581,1.08921624465948,1.08954922505315,1.08988220544682,1.09021518584049,
1.09054816623416,1.09088114662783,1.0912141270215,1.09188008780884,1.09254604859618),
 .UNSPECIFIED.);
#485=B_SPLINE_CURVE_WITH_KNOTS('',3,(#2981,#2982,#2983,#2984,#2985,#2986,
#2987,#2988,#2989,#2990,#2991,#2992,#2993,#2994,#2995),.UNSPECIFIED.,.F.,
 .F.,(4,1,1,1,1,1,1,1,1,1,1,1,4),(1.09489585471281,1.09577378977016,1.09665172482751,
1.09752965988485,1.0984075949422,1.1001634650569,1.10191933517159,1.10367520528629,
1.10543107540098,1.10894281563037,1.11245455585976,1.11596629608915,1.12298977654793),
 .UNSPECIFIED.);
#486=B_SPLINE_CURVE_WITH_KNOTS('',3,(#2997,#2998,#2999,#3000,#3001,#3002,
#3003,#3004,#3005,#3006,#3007,#3008,#3009,#3010,#3011,#3012,#3013,#3014,
#3015,#3016,#3017,#3018,#3019,#3020,#3021,#3022),.UNSPECIFIED.,.F.,.F.,
(4,1,1,1,1,1,1,1,1,1,1,1,1,1,1,1,1,1,1,1,1,1,1,4),(0.192102424901489,0.192984846567128,
0.193867268232769,0.194749689898408,0.195632111564048,0.196514533229688,
0.197396954895328,0.198279376560968,0.199161798226608,0.200044219892248,
0.200926641557888,0.201367852390708,0.201809063223528,0.202250274056348,
0.202691484889167,0.202912090305577,0.203132695721987,0.203353301138398,
0.203573906554808,0.204015117387627,0.204456328220448,0.204897539053267,
0.205338749886087,0.206221171551727),.UNSPECIFIED.);
#487=B_SPLINE_CURVE_WITH_KNOTS('',3,(#3024,#3025,#3026,#3027,#3028,#3029,
#3030,#3031,#3032,#3033,#3034,#3035,#3036,#3037,#3038,#3039,#3040,#3041,
#3042,#3043,#3044,#3045,#3046,#3047,#3048,#3049,#3050,#3051,#3052,#3053),
 .UNSPECIFIED.,.F.,.F.,(4,1,1,1,1,1,1,1,1,1,1,1,1,1,1,1,1,1,1,1,1,1,1,1,
1,1,1,4),(0.277556573911599,0.278651627469607,0.27919915424861,0.279746681027614,
0.280841734585621,0.281389261364624,0.281936788143627,0.283031841701634,
0.283579368480638,0.284126895259641,0.284674422038645,0.285221948817649,
0.285495712207151,0.285769475596652,0.286043238986154,0.286317002375655,
0.286864529154659,0.287412055933662,0.287959582712666,0.288507109491669,
0.289054636270673,0.289602163049677,0.29014968982868,0.290697216607683,
0.291244743386687,0.291792270165691,0.292887323723697,0.295077430839711),
 .UNSPECIFIED.);
#488=B_SPLINE_CURVE_WITH_KNOTS('',3,(#3055,#3056,#3057,#3058,#3059,#3060,
#3061,#3062,#3063,#3064,#3065,#3066,#3067,#3068,#3069,#3070,#3071,#3072,
#3073,#3074,#3075,#3076,#3077,#3078,#3079,#3080,#3081,#3082,#3083,#3084,
#3085,#3086,#3087,#3088,#3089,#3090,#3091,#3092,#3093,#3094,#3095,#3096,
#3097,#3098,#3099,#3100,#3101,#3102,#3103,#3104,#3105,#3106,#3107,#3108,
#3109,#3110,#3111,#3112,#3113,#3114,#3115,#3116,#3117,#3118,#3119,#3120,
#3121,#3122,#3123,#3124,#3125,#3126,#3127,#3128,#3129,#3130,#3131,#3132,
#3133,#3134,#3135),.UNSPECIFIED.,.F.,.F.,(4,1,1,1,1,1,1,1,1,1,1,1,1,1,1,
1,1,1,1,1,1,1,1,1,1,1,1,1,1,1,1,1,1,1,1,1,1,1,1,1,1,1,1,1,1,1,1,1,1,1,1,
1,1,1,1,1,1,1,1,1,1,1,1,1,1,1,1,1,1,1,1,1,1,1,1,1,1,1,4),(0.324643439550784,
0.327146714822147,0.329649990093508,0.330901627729189,0.33215326536487,
0.333404903000551,0.334656540636233,0.335908178271913,0.337159815907594,
0.338411453543276,0.339663091178957,0.340914728814638,0.342166366450319,
0.343418004086,0.344043822903841,0.344669641721681,0.345295460539521,0.345921279357362,
0.347172916993043,0.348424554628724,0.349050373446565,0.349676192264405,
0.350302011082246,0.350927829900087,0.351553648717927,0.352179467535768,
0.353431105171449,0.354682742807129,0.355934380442811,0.357186018078491,
0.359689293349854,0.360315112167694,0.360940930985534,0.361566749803375,
0.362192568621216,0.362818387439057,0.363131296847977,0.363444206256897,
0.364070025074738,0.364695843892578,0.365008753301498,0.365321662710418,
0.365634572119338,0.365947481528259,0.366260390937179,0.366573300346099,
0.36719911916394,0.36751202857286,0.367824937981781,0.368137847390701,0.368450756799621,
0.368763666208541,0.369076575617462,0.369389485026382,0.369702394435302,
0.370328213253143,0.370954032070983,0.371266941479904,0.371579850888824,
0.372205669706664,0.372518579115585,0.372831488524504,0.373457307342345,
0.374083126160185,0.374708944978026,0.375334763795866,0.375960582613707,
0.377212220249388,0.37846385788507,0.379715495520751,0.380967133156431,
0.382218770792112,0.383470408427794,0.384722046063474,0.387225321334837,
0.389728596606199,0.394735147148923,0.399741697691647,0.404748248234371),
 .UNSPECIFIED.);
#489=B_SPLINE_CURVE_WITH_KNOTS('',3,(#3137,#3138,#3139,#3140,#3141,#3142,
#3143),.UNSPECIFIED.,.F.,.F.,(4,1,1,1,4),(0.453298124027806,0.458026739554132,
0.462755355080459,0.467483970606785,0.472212586133111),
 .QUASI_UNIFORM_KNOTS.);
#490=B_SPLINE_CURVE_WITH_KNOTS('',3,(#3145,#3146,#3147,#3148,#3149,#3150,
#3151,#3152,#3153,#3154,#3155,#3156,#3157,#3158,#3159,#3160,#3161,#3162,
#3163,#3164,#3165,#3166,#3167,#3168,#3169,#3170,#3171,#3172,#3173,#3174,
#3175,#3176,#3177,#3178,#3179,#3180,#3181,#3182,#3183,#3184,#3185,#3186,
#3187,#3188),.UNSPECIFIED.,.F.,.F.,(4,1,1,1,1,1,1,1,1,1,1,1,1,1,1,1,1,1,
1,1,1,1,1,1,1,1,1,1,1,1,1,1,1,1,1,1,1,1,1,1,1,4),(0.501829439741329,0.504132657495663,
0.506435875249997,0.507587484127164,0.508739093004331,0.509890701881498,
0.511042310758665,0.512193919635832,0.513345528512999,0.513921332951583,
0.514497137390166,0.514785039609458,0.51507294182875,0.515360844048041,
0.515648746267333,0.515936648486625,0.516224550705917,0.516368501815563,
0.516512452925208,0.516656404034854,0.5168003551445,0.517088257363792,0.517376159583084,
0.51752011069273,0.517664061802376,0.517951964021667,0.518239866240959,
0.518383817350605,0.518527768460251,0.518671719569897,0.518815670679543,
0.518887646234366,0.518959621789188,0.519103572898834,0.51924752400848,
0.519319499563303,0.519391475118126,0.519535426227772,0.519679377337418,
0.519823328447064,0.519967279556709,0.520255181776001),.UNSPECIFIED.);
#491=B_SPLINE_CURVE_WITH_KNOTS('',3,(#3191,#3192,#3193,#3194,#3195,#3196,
#3197),.UNSPECIFIED.,.F.,.F.,(4,1,1,1,4),(0.453298124027806,0.458026739554132,
0.462755355080459,0.467483970606785,0.472212586133111),
 .QUASI_UNIFORM_KNOTS.);
#492=B_SPLINE_CURVE_WITH_KNOTS('',3,(#3199,#3200,#3201,#3202,#3203,#3204,
#3205,#3206,#3207,#3208,#3209,#3210,#3211,#3212,#3213,#3214,#3215,#3216,
#3217,#3218,#3219,#3220,#3221,#3222,#3223,#3224,#3225,#3226,#3227,#3228,
#3229,#3230,#3231,#3232,#3233,#3234,#3235,#3236,#3237,#3238,#3239,#3240,
#3241,#3242,#3243,#3244,#3245,#3246,#3247,#3248,#3249,#3250,#3251,#3252,
#3253,#3254,#3255,#3256,#3257,#3258,#3259,#3260,#3261,#3262,#3263,#3264,
#3265,#3266,#3267,#3268,#3269,#3270,#3271,#3272,#3273,#3274,#3275,#3276,
#3277,#3278,#3279),.UNSPECIFIED.,.F.,.F.,(4,1,1,1,1,1,1,1,1,1,1,1,1,1,1,
1,1,1,1,1,1,1,1,1,1,1,1,1,1,1,1,1,1,1,1,1,1,1,1,1,1,1,1,1,1,1,1,1,1,1,1,
1,1,1,1,1,1,1,1,1,1,1,1,1,1,1,1,1,1,1,1,1,1,1,1,1,1,1,4),(0.324643439550784,
0.327146714822147,0.329649990093508,0.330901627729189,0.33215326536487,
0.333404903000551,0.334656540636233,0.335908178271913,0.337159815907594,
0.338411453543276,0.339663091178957,0.340914728814638,0.342166366450319,
0.343418004086,0.344043822903841,0.344669641721681,0.345295460539521,0.345921279357362,
0.347172916993043,0.348424554628724,0.349050373446565,0.349676192264405,
0.350302011082246,0.350927829900087,0.351553648717927,0.352179467535768,
0.353431105171449,0.354682742807129,0.355934380442811,0.357186018078491,
0.359689293349854,0.360315112167694,0.360940930985534,0.361566749803375,
0.362192568621216,0.362818387439057,0.363131296847977,0.363444206256897,
0.364070025074738,0.364695843892578,0.365008753301498,0.365321662710418,
0.365634572119338,0.365947481528259,0.366260390937179,0.366573300346099,
0.36719911916394,0.36751202857286,0.367824937981781,0.368137847390701,0.368450756799621,
0.368763666208541,0.369076575617462,0.369389485026382,0.369702394435302,
0.370328213253143,0.370954032070983,0.371266941479904,0.371579850888824,
0.372205669706664,0.372518579115585,0.372831488524504,0.373457307342345,
0.374083126160185,0.374708944978026,0.375334763795866,0.375960582613707,
0.377212220249388,0.37846385788507,0.379715495520751,0.380967133156431,
0.382218770792112,0.383470408427794,0.384722046063474,0.387225321334837,
0.389728596606199,0.394735147148923,0.399741697691647,0.404748248234371),
 .UNSPECIFIED.);
#493=B_SPLINE_CURVE_WITH_KNOTS('',3,(#3281,#3282,#3283,#3284,#3285,#3286,
#3287,#3288,#3289,#3290,#3291,#3292,#3293,#3294,#3295,#3296,#3297,#3298,
#3299,#3300,#3301,#3302,#3303,#3304,#3305,#3306,#3307,#3308,#3309,#3310),
 .UNSPECIFIED.,.F.,.F.,(4,1,1,1,1,1,1,1,1,1,1,1,1,1,1,1,1,1,1,1,1,1,1,1,
1,1,1,4),(0.277556573911599,0.278651627469607,0.27919915424861,0.279746681027614,
0.280841734585621,0.281389261364624,0.281936788143627,0.283031841701634,
0.283579368480638,0.284126895259641,0.284674422038645,0.285221948817649,
0.285495712207151,0.285769475596652,0.286043238986154,0.286317002375655,
0.286864529154659,0.287412055933662,0.287959582712666,0.288507109491669,
0.289054636270673,0.289602163049677,0.29014968982868,0.290697216607683,
0.291244743386687,0.291792270165691,0.292887323723697,0.295077430839711),
 .UNSPECIFIED.);
#494=B_SPLINE_CURVE_WITH_KNOTS('',3,(#3312,#3313,#3314,#3315,#3316,#3317,
#3318,#3319,#3320,#3321,#3322,#3323,#3324,#3325,#3326,#3327,#3328,#3329,
#3330,#3331,#3332,#3333,#3334,#3335,#3336,#3337),.UNSPECIFIED.,.F.,.F.,
(4,1,1,1,1,1,1,1,1,1,1,1,1,1,1,1,1,1,1,1,1,1,1,4),(0.192102424901489,0.192984846567128,
0.193867268232769,0.194749689898408,0.195632111564048,0.196514533229688,
0.197396954895328,0.198279376560968,0.199161798226608,0.200044219892248,
0.200926641557888,0.201367852390708,0.201809063223528,0.202250274056348,
0.202691484889167,0.202912090305577,0.203132695721987,0.203353301138398,
0.203573906554808,0.204015117387627,0.204456328220448,0.204897539053267,
0.205338749886087,0.206221171551727),.UNSPECIFIED.);
#495=B_SPLINE_CURVE_WITH_KNOTS('',3,(#3339,#3340,#3341,#3342,#3343,#3344,
#3345,#3346,#3347,#3348,#3349,#3350,#3351,#3352,#3353),.UNSPECIFIED.,.F.,
 .F.,(4,1,1,1,1,1,1,1,1,1,1,1,4),(1.09489585471281,1.09577378977016,1.09665172482751,
1.09752965988485,1.0984075949422,1.1001634650569,1.10191933517159,1.10367520528629,
1.10543107540098,1.10894281563037,1.11245455585976,1.11596629608915,1.12298977654793),
 .UNSPECIFIED.);
#496=B_SPLINE_CURVE_WITH_KNOTS('',3,(#3355,#3356,#3357,#3358,#3359,#3360,
#3361,#3362,#3363,#3364,#3365,#3366,#3367,#3368,#3369,#3370,#3371,#3372,
#3373,#3374,#3375,#3376,#3377,#3378,#3379,#3380,#3381,#3382,#3383,#3384,
#3385,#3386,#3387,#3388,#3389,#3390,#3391,#3392,#3393,#3394),
 .UNSPECIFIED.,.F.,.F.,(4,1,1,1,1,1,1,1,1,1,1,1,1,1,1,1,1,1,1,1,1,1,1,1,
1,1,1,1,1,1,1,1,1,1,1,1,1,4),(1.07123530340132,1.072567224976,1.07389914655068,
1.07523106812536,1.07656298970004,1.07789491127471,1.07922683284939,1.08055875442407,
1.08122471521141,1.08189067599875,1.08255663678609,1.08322259757343,1.08388855836077,
1.08422153875444,1.08455451914811,1.08488749954178,1.08522047993545,1.08555346032912,
1.08588644072279,1.08621942111646,1.08655240151013,1.08688538190379,1.08705187210063,
1.08721836229746,1.08755134269113,1.0878843230848,1.08821730347847,1.08855028387214,
1.08888326426581,1.08921624465948,1.08954922505315,1.08988220544682,1.09021518584049,
1.09054816623416,1.09088114662783,1.0912141270215,1.09188008780884,1.09254604859618),
 .UNSPECIFIED.);
#497=B_SPLINE_CURVE_WITH_KNOTS('',3,(#3396,#3397,#3398,#3399,#3400,#3401,
#3402,#3403,#3404,#3405,#3406,#3407,#3408,#3409,#3410,#3411,#3412,#3413,
#3414,#3415,#3416,#3417,#3418,#3419,#3420,#3421,#3422,#3423,#3424,#3425,
#3426,#3427,#3428,#3429,#3430,#3431,#3432,#3433,#3434,#3435,#3436,#3437,
#3438,#3439,#3440,#3441,#3442,#3443,#3444,#3445,#3446,#3447,#3448,#3449,
#3450,#3451,#3452,#3453,#3454,#3455,#3456,#3457),.UNSPECIFIED.,.F.,.F.,
(4,1,1,1,1,1,1,1,1,1,1,1,1,1,1,1,1,1,1,1,1,1,1,1,1,1,1,1,1,1,1,1,1,1,1,
1,1,1,1,1,1,1,1,1,1,1,1,1,1,1,1,1,1,1,1,1,1,1,1,4),(1.01008581564281,1.01390765862771,
1.01772950161262,1.02155134459753,1.02537318758244,1.02919503056734,1.03301687355225,
1.0349277950447,1.03588325579093,1.03683871653716,1.03779417728338,1.03874963802961,
1.04066055952206,1.04161602026829,1.04257148101452,1.04352694176074,1.04400467213386,
1.04448240250697,1.04496013288008,1.0454378632532,1.04639332399942,1.04687105437254,
1.04734878474565,1.04782651511876,1.04830424549188,1.04878197586499,1.0492597062381,
1.04973743661122,1.05021516698433,1.05117062773056,1.05164835810367,1.05212608847678,
1.05308154922301,1.05355927959613,1.05403700996924,1.05451474034235,1.05499247071547,
1.05594793146169,1.05690339220792,1.05785885295415,1.05881431370037,1.0597697744466,
1.06072523519283,1.06168069593905,1.06263615668528,1.06359161743151,1.06454707817773,
1.06550253892396,1.06645799967019,1.0669357300433,1.06717459522986,1.06741346041641,
1.06765232560297,1.06789119078953,1.06836892116264,1.06884665153575,1.06932438190887,
1.06980211228198,1.07027984265509,1.07123530340132),.UNSPECIFIED.);
#498=B_SPLINE_CURVE_WITH_KNOTS('',3,(#3459,#3460,#3461,#3462,#3463,#3464,
#3465,#3466,#3467,#3468,#3469,#3470,#3471,#3472,#3473,#3474,#3475,#3476,
#3477,#3478,#3479,#3480,#3481,#3482),.UNSPECIFIED.,.F.,.F.,(4,1,1,1,1,1,
1,1,1,1,1,1,1,1,1,1,1,1,1,1,1,4),(0.934950705636563,0.93596741724433,0.936984128852098,
0.937492484655981,0.938000840459865,0.938509196263749,0.939017552067633,
0.939525907871516,0.9400342636754,0.941050975283168,0.942067686890935,0.943084398498703,
0.94410111010647,0.944609465910354,0.945117821714238,0.946134533322005,
0.947151244929772,0.947659600733656,0.94816795653754,0.949184668145307,
0.950201379753075,0.951218091360842),.UNSPECIFIED.);
#499=B_SPLINE_CURVE_WITH_KNOTS('',3,(#3484,#3485,#3486,#3487,#3488,#3489,
#3490,#3491,#3492,#3493,#3494,#3495,#3496,#3497,#3498,#3499,#3500,#3501,
#3502,#3503,#3504,#3505,#3506,#3507),.UNSPECIFIED.,.F.,.F.,(4,1,1,1,1,1,
1,1,1,1,1,1,1,1,1,1,1,1,1,1,1,4),(0.84171421733998,0.843073419895415,0.84443262245085,
0.845791825006285,0.84715102756172,0.848510230117155,0.84986943267259,0.851228635228025,
0.85258783778346,0.853947040338895,0.854626641616613,0.85530624289433,0.856665445449765,
0.857345046727483,0.8580246480052,0.858704249282918,0.859383850560635,0.860063451838353,
0.86074305311607,0.861422654393788,0.862102255671505,0.86346145822694),
 .UNSPECIFIED.);
#500=B_SPLINE_CURVE_WITH_KNOTS('',3,(#3509,#3510,#3511,#3512,#3513,#3514,
#3515,#3516,#3517,#3518,#3519,#3520,#3521),.UNSPECIFIED.,.F.,.F.,(4,1,1,
1,1,1,1,1,1,1,4),(0.800601431375874,0.801257495223325,0.801913559070776,
0.802569622918227,0.803225686765678,0.803881750613129,0.80453781446058,
0.805849942155482,0.807162069850384,0.808474197545286,0.811098452935089),
 .UNSPECIFIED.);
#501=B_SPLINE_CURVE_WITH_KNOTS('',3,(#3523,#3524,#3525,#3526,#3527,#3528,
#3529,#3530,#3531,#3532,#3533,#3534,#3535,#3536,#3537,#3538,#3539,#3540,
#3541,#3542,#3543,#3544,#3545,#3546,#3547,#3548,#3549,#3550,#3551,#3552,
#3553,#3554,#3555,#3556,#3557,#3558,#3559,#3560,#3561,#3562,#3563,#3564,
#3565,#3566,#3567,#3568,#3569,#3570,#3571,#3572,#3573,#3574,#3575,#3576,
#3577,#3578,#3579,#3580,#3581,#3582,#3583),.UNSPECIFIED.,.F.,.F.,(4,1,1,
1,1,1,1,1,1,1,1,1,1,1,1,1,1,1,1,1,1,1,1,1,1,1,1,1,1,1,1,1,1,1,1,1,1,1,1,
1,1,1,1,1,1,1,1,1,1,1,1,1,1,1,1,1,1,1,4),(0.742949121497338,0.746552390864746,
0.750155660232155,0.753758929599563,0.757362198966972,0.76096546833438,
0.762767103018085,0.764568737701789,0.766370372385493,0.767271189727345,
0.768172007069197,0.769072824411049,0.769973641752902,0.770424050423828,
0.770874459094754,0.771775276436606,0.772676093778458,0.77357691112031,
0.774477728462162,0.774928137133088,0.775378545804014,0.775603750139477,
0.77582895447494,0.776279363145866,0.77650456748133,0.776729771816793,0.776954976152256,
0.777180180487719,0.777630589158645,0.778080997829571,0.778531406500497,
0.778981815171423,0.779432223842349,0.779882632513275,0.780333041184201,
0.780783449855127,0.781233858526053,0.781684267196979,0.782585084538831,
0.783035493209757,0.783485901880684,0.78393631055161,0.784386719222536,
0.784837127893462,0.785287536564388,0.78618835390624,0.787089171248092,
0.787989988589944,0.788890805931796,0.789791623273648,0.790692440615501,
0.791593257957353,0.793394892641057,0.795196527324761,0.796097344666613,
0.796998162008465,0.797898979350318,0.79879979669217,0.800601431375874),
 .UNSPECIFIED.);
#502=B_SPLINE_CURVE_WITH_KNOTS('',3,(#3585,#3586,#3587,#3588,#3589,#3590),
 .UNSPECIFIED.,.F.,.F.,(4,1,1,4),(0.680990918499402,0.684340333842811,0.687689749186219,
0.694388579873037),.UNSPECIFIED.);
#503=B_SPLINE_CURVE_WITH_KNOTS('',3,(#3592,#3593,#3594,#3595,#3596,#3597,
#3598,#3599,#3600,#3601,#3602,#3603,#3604,#3605,#3606,#3607,#3608,#3609,
#3610,#3611,#3612,#3613,#3614,#3615,#3616,#3617,#3618,#3619,#3620,#3621,
#3622,#3623,#3624,#3625,#3626,#3627,#3628,#3629,#3630,#3631,#3632,#3633,
#3634,#3635,#3636,#3637,#3638,#3639,#3640,#3641,#3642,#3643,#3644,#3645,
#3646,#3647,#3648,#3649,#3650,#3651,#3652,#3653,#3654,#3655,#3656,#3657,
#3658,#3659,#3660,#3661,#3662,#3663,#3664,#3665,#3666,#3667,#3668,#3669,
#3670,#3671,#3672,#3673,#3674,#3675,#3676,#3677,#3678,#3679,#3680,#3681,
#3682,#3683,#3684,#3685,#3686,#3687,#3688,#3689,#3690,#3691,#3692,#3693,
#3694,#3695,#3696,#3697,#3698,#3699,#3700,#3701,#3702,#3703,#3704),
 .UNSPECIFIED.,.F.,.F.,(4,1,1,1,1,1,1,1,1,1,1,1,1,1,1,1,1,1,1,1,1,1,1,1,
1,1,1,1,1,1,1,1,1,1,1,1,1,1,1,1,1,1,1,1,1,1,1,1,1,1,1,1,1,1,1,1,1,1,1,1,
1,1,1,1,1,1,1,1,1,1,1,1,1,1,1,1,1,1,1,1,1,1,1,1,1,1,1,1,1,1,1,1,1,1,1,1,
1,1,1,1,1,1,1,1,1,1,1,1,1,1,4),(0.584871979524286,0.587093966340515,0.589315953156745,
0.591537939972974,0.593759926789204,0.595981913605434,0.598203900421663,
0.600425887237893,0.602647874054123,0.603758867462237,0.604869860870352,
0.605980854278467,0.606536350982524,0.607091847686582,0.607647344390639,
0.607925092742668,0.608202841094697,0.608480589446725,0.608758337798754,
0.609313834502811,0.60959158285484,0.609869331206869,0.610424827910926,
0.610702576262955,0.610980324614984,0.611258072967012,0.611535821319041,
0.61181356967107,0.612091318023098,0.612369066375127,0.612646814727156,
0.612924563079184,0.613202311431213,0.613480059783242,0.613757808135271,
0.614313304839328,0.614591053191357,0.614868801543385,0.615146549895414,
0.615424298247443,0.615702046599471,0.6159797949515,0.616257543303529,0.616535291655558,
0.617090788359615,0.617646285063672,0.61820178176773,0.619312775175845,
0.620423768583959,0.621534761992074,0.622645755400189,0.623756748808304,
0.624867742216419,0.625978735624533,0.627089729032648,0.627645225736705,
0.628200722440763,0.62875621914482,0.629033967496849,0.629311715848878,
0.629867212552935,0.630144960904964,0.630283835080978,0.630422709256993,
0.630700457609021,0.63097820596105,0.631255954313079,0.631533702665107,
0.632089199369165,0.632366947721194,0.632644696073222,0.632922444425251,
0.633061318601265,0.63320019277728,0.633477941129308,0.633616815305323,
0.633755689481337,0.634033437833366,0.634311186185394,0.634588934537423,
0.634866682889452,0.635144431241481,0.635422179593509,0.635561053769524,
0.635699927945538,0.635977676297567,0.636255424649595,0.636533173001624,
0.636810921353653,0.637088669705682,0.63736641805771,0.637644166409739,
0.637921914761767,0.638199663113796,0.638477411465825,0.638755159817854,
0.639310656521911,0.639866153225968,0.640421649930026,0.640977146634083,
0.641532643338141,0.642088140042198,0.642643636746255,0.64375463015437,
0.644865623562485,0.6459766169706,0.647087610378715,0.649309597194944,0.651531584011174,
0.653753570827403,0.655975557643633),.UNSPECIFIED.);
#504=B_SPLINE_CURVE_WITH_KNOTS('',3,(#3706,#3707,#3708,#3709,#3710,#3711,
#3712,#3713,#3714,#3715,#3716,#3717,#3718,#3719,#3720,#3721,#3722,#3723,
#3724,#3725,#3726,#3727,#3728,#3729,#3730,#3731,#3732,#3733,#3734,#3735,
#3736,#3737,#3738,#3739,#3740,#3741,#3742,#3743,#3744,#3745,#3746,#3747,
#3748,#3749,#3750,#3751,#3752,#3753,#3754,#3755,#3756,#3757,#3758,#3759,
#3760,#3761,#3762,#3763,#3764),.UNSPECIFIED.,.F.,.F.,(4,1,1,1,1,1,1,1,1,
1,1,1,1,1,1,1,1,1,1,1,1,1,1,1,1,1,1,1,1,1,1,1,1,1,1,1,1,1,1,1,1,1,1,1,1,
1,1,1,1,1,1,1,1,1,1,1,4),(0.533852819854597,0.534129391854709,0.534405963854821,
0.534682535854933,0.534959107855045,0.535235679855157,0.535512251855269,
0.535788823855381,0.536065395855493,0.536341967855605,0.536618539855717,
0.536895111855829,0.537033397855885,0.537171683855941,0.537448255856053,
0.537724827856165,0.537863113856221,0.538001399856277,0.538277971856389,
0.538416257856445,0.538554543856501,0.538692829856557,0.538831115856613,
0.539107687856725,0.539384259856837,0.539660831856949,0.539937403857061,
0.540213975857173,0.540490547857285,0.540767119857397,0.541043691857509,
0.541320263857621,0.541458549857677,0.541596835857733,0.542149979857957,
0.542426551858069,0.542703123858181,0.542979695858293,0.543256267858405,
0.543809411858629,0.544362555858853,0.544915699859077,0.546021987859525,
0.546575131859749,0.547128275859972,0.54823456386042,0.549340851860868,
0.550447139861316,0.551553427861764,0.55376600386266,0.555978579863556,
0.558191155864452,0.560403731865348,0.562616307866244,0.56482888386714,
0.567041459868036,0.569254035868932),.UNSPECIFIED.);
#505=EDGE_LOOP('',(#79,#80,#81,#82));
#506=EDGE_LOOP('',(#83,#84,#85,#86));
#507=EDGE_LOOP('',(#87,#88,#89,#90));
#508=EDGE_LOOP('',(#91,#92,#93,#94));
#509=EDGE_LOOP('',(#95,#96,#97,#98));
#510=EDGE_LOOP('',(#99,#100,#101,#102));
#511=EDGE_LOOP('',(#103,#104,#105,#106));
#512=EDGE_LOOP('',(#107,#108,#109,#110));
#513=EDGE_LOOP('',(#111,#112,#113,#114));
#514=EDGE_LOOP('',(#115,#116,#117,#118));
#515=EDGE_LOOP('',(#119,#120,#121,#122));
#516=EDGE_LOOP('',(#123,#124,#125,#126));
#517=EDGE_LOOP('',(#127,#128,#129,#130));
#518=EDGE_LOOP('',(#131,#132,#133,#134));
#519=EDGE_LOOP('',(#135,#136,#137,#138));
#520=EDGE_LOOP('',(#139,#140,#141,#142));
#521=EDGE_LOOP('',(#143,#144,#145,#146));
#522=EDGE_LOOP('',(#147));
#523=EDGE_LOOP('',(#148));
#524=EDGE_LOOP('',(#149,#150,#151,#152,#153,#154,#155,#156,#157,#158,#159,
#160,#161,#162,#163,#164,#165));
#525=EDGE_LOOP('',(#166));
#526=EDGE_LOOP('',(#167));
#527=EDGE_LOOP('',(#168,#169,#170,#171,#172,#173,#174,#175,#176,#177,#178,
#179,#180,#181,#182));
#528=EDGE_LOOP('',(#183,#184,#185,#186,#187,#188,#189,#190,#191,#192,#193,
#194,#195,#196,#197,#198,#199));
#529=EDGE_LOOP('',(#200,#201,#202,#203,#204,#205,#206,#207,#208,#209,#210,
#211,#212,#213,#214));
#530=EDGE_LOOP('',(#215,#216,#217,#218));
#531=EDGE_LOOP('',(#219,#220,#221,#222));
#532=EDGE_LOOP('',(#223,#224,#225,#226));
#533=EDGE_LOOP('',(#227,#228,#229,#230));
#534=EDGE_LOOP('',(#231,#232,#233,#234));
#535=EDGE_LOOP('',(#235,#236,#237,#238));
#536=EDGE_LOOP('',(#239,#240,#241,#242));
#537=EDGE_LOOP('',(#243,#244,#245,#246));
#538=EDGE_LOOP('',(#247,#248,#249,#250));
#539=EDGE_LOOP('',(#251,#252,#253,#254));
#540=EDGE_LOOP('',(#255,#256,#257,#258));
#541=EDGE_LOOP('',(#259,#260,#261,#262));
#542=EDGE_LOOP('',(#263,#264,#265,#266));
#543=EDGE_LOOP('',(#267,#268,#269,#270));
#544=EDGE_LOOP('',(#271,#272,#273,#274));
#545=FACE_BOUND('',#505,.T.);
#546=FACE_BOUND('',#506,.T.);
#547=FACE_BOUND('',#507,.T.);
#548=FACE_BOUND('',#508,.T.);
#549=FACE_BOUND('',#509,.T.);
#550=FACE_BOUND('',#510,.T.);
#551=FACE_BOUND('',#511,.T.);
#552=FACE_BOUND('',#512,.T.);
#553=FACE_BOUND('',#513,.T.);
#554=FACE_BOUND('',#514,.T.);
#555=FACE_BOUND('',#515,.T.);
#556=FACE_BOUND('',#516,.T.);
#557=FACE_BOUND('',#517,.T.);
#558=FACE_BOUND('',#518,.T.);
#559=FACE_BOUND('',#519,.T.);
#560=FACE_BOUND('',#520,.T.);
#561=FACE_BOUND('',#521,.T.);
#562=FACE_BOUND('',#522,.T.);
#563=FACE_BOUND('',#523,.T.);
#564=FACE_BOUND('',#524,.T.);
#565=FACE_BOUND('',#525,.T.);
#566=FACE_BOUND('',#526,.T.);
#567=FACE_BOUND('',#527,.T.);
#568=FACE_BOUND('',#528,.T.);
#569=FACE_BOUND('',#529,.T.);
#570=FACE_BOUND('',#530,.T.);
#571=FACE_BOUND('',#531,.T.);
#572=FACE_BOUND('',#532,.T.);
#573=FACE_BOUND('',#533,.T.);
#574=FACE_BOUND('',#534,.T.);
#575=FACE_BOUND('',#535,.T.);
#576=FACE_BOUND('',#536,.T.);
#577=FACE_BOUND('',#537,.T.);
#578=FACE_BOUND('',#538,.T.);
#579=FACE_BOUND('',#539,.T.);
#580=FACE_BOUND('',#540,.T.);
#581=FACE_BOUND('',#541,.T.);
#582=FACE_BOUND('',#542,.T.);
#583=FACE_BOUND('',#543,.T.);
#584=FACE_BOUND('',#544,.T.);
#585=B_SPLINE_SURFACE_WITH_KNOTS('',3,1,((#711,#712),(#713,#714),(#715,
#716),(#717,#718),(#719,#720),(#721,#722),(#723,#724),(#725,#726)),
 .SURF_OF_LINEAR_EXTRUSION.,.F.,.F.,.F.,(4,1,1,1,1,4),(2,2),(0.675380101887401,
0.678948534255845,0.682516966624289,0.689653831361178,0.696790696098066,
0.703927560834954),(0.,1.),.UNSPECIFIED.);
#586=B_SPLINE_SURFACE_WITH_KNOTS('',3,1,((#757,#758),(#759,#760),(#761,
#762),(#763,#764),(#765,#766),(#767,#768),(#769,#770),(#771,#772),(#773,
#774),(#775,#776),(#777,#778),(#779,#780),(#781,#782),(#783,#784),(#785,
#786),(#787,#788),(#789,#790),(#791,#792),(#793,#794),(#795,#796),(#797,
#798),(#799,#800),(#801,#802),(#803,#804),(#805,#806),(#807,#808)),
 .SURF_OF_LINEAR_EXTRUSION.,.F.,.F.,.F.,(4,1,1,1,1,1,1,1,1,1,1,1,1,1,1,
1,1,1,1,1,1,1,1,4),(2,2),(0.724075500111963,0.72646693546396,0.728858370815957,
0.731249806167955,0.733641241519952,0.736032676871949,0.738424112223946,
0.743206982927941,0.747989853631935,0.75277272433593,0.757555595039924,
0.762338465743919,0.767121336447913,0.76951277179991,0.771904207151907,
0.774295642503905,0.776687077855902,0.779078513207899,0.781469948559896,
0.783861383911894,0.786252819263891,0.791035689967885,0.79581856067188,
0.800601431375874),(0.,1.),.UNSPECIFIED.);
#587=B_SPLINE_SURFACE_WITH_KNOTS('',3,1,((#906,#907),(#908,#909),(#910,
#911),(#912,#913),(#914,#915),(#916,#917),(#918,#919)),
 .SURF_OF_LINEAR_EXTRUSION.,.F.,.F.,.F.,(4,1,1,1,4),(2,2),(0.800601431375874,
0.805588451202725,0.810575471029576,0.815562490856428,0.820549510683279),
(0.,1.),.UNSPECIFIED.);
#588=B_SPLINE_SURFACE_WITH_KNOTS('',3,1,((#949,#950),(#951,#952),(#953,
#954),(#955,#956),(#957,#958),(#959,#960),(#961,#962),(#963,#964),(#965,
#966),(#967,#968),(#969,#970),(#971,#972),(#973,#974),(#975,#976),(#977,
#978),(#979,#980),(#981,#982)),.SURF_OF_LINEAR_EXTRUSION.,.F.,.F.,.F.,(4,
1,1,1,1,1,1,1,1,1,1,1,1,1,4),(2,2),(0.834738726232102,0.837201612880213,
0.839664499528324,0.842127386176435,0.844590272824546,0.849516046120768,
0.85444181941699,0.856904706065102,0.859367592713213,0.861830479361324,
0.864293366009435,0.866756252657546,0.869219139305657,0.871682025953768,
0.874144912601879),(0.,1.),.UNSPECIFIED.);
#589=B_SPLINE_SURFACE_WITH_KNOTS('',3,1,((#1044,#1045),(#1046,#1047),(#1048,
#1049),(#1050,#1051),(#1052,#1053)),.SURF_OF_LINEAR_EXTRUSION.,.F.,.F.,
 .F.,(4,1,4),(2,2),(0.89626479675493,0.901456019377302,0.906647241999675),
(0.,1.),.UNSPECIFIED.);
#590=B_SPLINE_SURFACE_WITH_KNOTS('',3,1,((#1069,#1070),(#1071,#1072),(#1073,
#1074),(#1075,#1076),(#1077,#1078),(#1079,#1080),(#1081,#1082),(#1083,#1084),
(#1085,#1086),(#1087,#1088),(#1089,#1090),(#1091,#1092),(#1093,#1094),(#1095,
#1096),(#1097,#1098),(#1099,#1100),(#1101,#1102)),
 .SURF_OF_LINEAR_EXTRUSION.,.F.,.F.,.F.,(4,1,1,1,1,1,1,1,1,1,1,1,1,1,4),
(2,2),(0.918641583977024,0.923869029388806,0.929096474800589,0.934323920212371,
0.936937642918262,0.939551365624153,0.942165088330045,0.944778811035936,
0.947392533741827,0.950006256447718,0.952619979153609,0.953926840506555,
0.955233701859501,0.957847424565392,0.960461147271283),(0.,1.),
 .UNSPECIFIED.);
#591=B_SPLINE_SURFACE_WITH_KNOTS('',3,1,((#1168,#1169),(#1170,#1171),(#1172,
#1173),(#1174,#1175),(#1176,#1177),(#1178,#1179),(#1180,#1181),(#1182,#1183),
(#1184,#1185),(#1186,#1187),(#1188,#1189),(#1190,#1191),(#1192,#1193),(#1194,
#1195),(#1196,#1197),(#1198,#1199),(#1200,#1201),(#1202,#1203),(#1204,#1205),
(#1206,#1207),(#1208,#1209),(#1210,#1211),(#1212,#1213),(#1214,#1215),(#1216,
#1217),(#1218,#1219),(#1220,#1221),(#1222,#1223)),
 .SURF_OF_LINEAR_EXTRUSION.,.F.,.F.,.F.,(4,1,1,1,1,1,1,1,1,1,1,1,1,1,1,
1,1,1,1,1,1,1,1,1,1,4),(2,2),(0.983384288735005,0.98887497715165,0.994365665568294,
0.997111009776617,0.999856353984939,1.00260169819326,1.00534704240158,1.01083773081823,
1.01632841923487,1.02181910765152,1.02730979606816,1.03280048448481,1.03829117290145,
1.04103651710977,1.0437818613181,1.04652720552642,1.04927254973474,1.05201789394306,
1.05339056604722,1.05476323815139,1.05750858235971,1.06025392656803,1.06299927077635,
1.06574461498468,1.068489959193,1.07123530340132),(0.,1.),.UNSPECIFIED.);
#592=B_SPLINE_SURFACE_WITH_KNOTS('',3,1,((#1319,#1320),(#1321,#1322),(#1323,
#1324),(#1325,#1326),(#1327,#1328),(#1329,#1330),(#1331,#1332),(#1333,#1334),
(#1335,#1336),(#1337,#1338),(#1339,#1340),(#1341,#1342),(#1343,#1344),(#1345,
#1346),(#1347,#1348),(#1349,#1350),(#1351,#1352),(#1353,#1354),(#1355,#1356),
(#1357,#1358),(#1359,#1360)),.SURF_OF_LINEAR_EXTRUSION.,.F.,.F.,.F.,(4,
1,1,1,1,1,1,1,1,1,1,1,1,1,1,1,1,1,4),(2,2),(1.07123530340132,1.07517271743426,
1.07911013146719,1.08107883848366,1.08304754550013,1.0850162525166,1.08698495953307,
1.08895366654953,1.090922373566,1.09289108058247,1.09485978759894,1.09879720163188,
1.10273461566481,1.10667202969775,1.11060944373068,1.11848427179656,1.12635909986243,
1.13029651389537,1.1342339279283),(0.,1.),.UNSPECIFIED.);
#593=B_SPLINE_SURFACE_WITH_KNOTS('',3,1,((#1436,#1437),(#1438,#1439),(#1440,
#1441),(#1442,#1443)),.SURF_OF_LINEAR_EXTRUSION.,.F.,.F.,.F.,(4,4),(2,2),
(0.144863131156933,0.155914550477704),(0.,1.),.PIECEWISE_BEZIER_KNOTS.);
#594=B_SPLINE_SURFACE_WITH_KNOTS('',3,1,((#1459,#1460),(#1461,#1462),(#1463,
#1464),(#1465,#1466),(#1467,#1468),(#1469,#1470),(#1471,#1472),(#1473,#1474),
(#1475,#1476),(#1477,#1478),(#1479,#1480),(#1481,#1482),(#1483,#1484),(#1485,
#1486),(#1487,#1488),(#1489,#1490),(#1491,#1492),(#1493,#1494)),
 .SURF_OF_LINEAR_EXTRUSION.,.F.,.F.,.F.,(4,1,1,1,1,1,1,1,1,1,1,1,1,1,1,
4),(2,2),(0.181130171252216,0.18354734826811,0.185964525284005,0.1883817022999,
0.190798879315795,0.19321605633169,0.195633233347585,0.19805041036348,0.200467587379375,
0.20288476439527,0.204093352903217,0.205301941411165,0.207719118427059,
0.210136295442954,0.214970649474744,0.219805003506534),(0.,1.),
 .UNSPECIFIED.);
#595=B_SPLINE_SURFACE_WITH_KNOTS('',3,1,((#1558,#1559),(#1560,#1561),(#1562,
#1563),(#1564,#1565)),.SURF_OF_LINEAR_EXTRUSION.,.F.,.F.,.F.,(4,4),(2,2),
(0.23350954414169,0.238905691346693),(0.,1.),.PIECEWISE_BEZIER_KNOTS.);
#596=B_SPLINE_SURFACE_WITH_KNOTS('',3,1,((#1579,#1580),(#1581,#1582),(#1583,
#1584),(#1585,#1586),(#1587,#1588),(#1589,#1590),(#1591,#1592),(#1593,#1594),
(#1595,#1596),(#1597,#1598),(#1599,#1600),(#1601,#1602),(#1603,#1604),(#1605,
#1606),(#1607,#1608),(#1609,#1610)),.SURF_OF_LINEAR_EXTRUSION.,.F.,.F.,
 .F.,(4,1,1,1,1,1,1,1,1,1,1,1,1,4),(2,2),(0.267961282704523,0.270113710229619,
0.272266137754715,0.274418565279811,0.276570992804907,0.280875847855099,
0.283028275380195,0.285180702905291,0.287333130430387,0.289485557955483,
0.291637985480579,0.293790413005675,0.298095268055868,0.30240012310606),
(0.,1.),.UNSPECIFIED.);
#597=B_SPLINE_SURFACE_WITH_KNOTS('',3,1,((#1668,#1669),(#1670,#1671),(#1672,
#1673),(#1674,#1675),(#1676,#1677),(#1678,#1679),(#1680,#1681),(#1682,#1683),
(#1684,#1685),(#1686,#1687),(#1688,#1689),(#1690,#1691),(#1692,#1693),(#1694,
#1695),(#1696,#1697),(#1698,#1699),(#1700,#1701),(#1702,#1703),(#1704,#1705),
(#1706,#1707),(#1708,#1709),(#1710,#1711),(#1712,#1713),(#1714,#1715),(#1716,
#1717),(#1718,#1719),(#1720,#1721),(#1722,#1723),(#1724,#1725)),
 .SURF_OF_LINEAR_EXTRUSION.,.F.,.F.,.F.,(4,1,1,1,1,1,1,1,1,1,1,1,1,1,1,
1,1,1,1,1,1,1,1,1,1,1,4),(2,2),(0.316537510025993,0.322777264046346,0.329017018066699,
0.335256772087052,0.338376649097228,0.341496526107405,0.344616403117581,
0.347736280127757,0.350856157137934,0.35397603414811,0.357095911158287,
0.360215788168463,0.36333566517864,0.364895603683728,0.366455542188816,
0.368015480693904,0.369575419198993,0.371135357704081,0.372695296209169,
0.375815173219345,0.378935050229522,0.382054927239698,0.385174804249875,
0.391414558270228,0.39765431229058,0.403894066310933,0.416373574351639),
(0.,1.),.UNSPECIFIED.);
#598=B_SPLINE_SURFACE_WITH_KNOTS('',3,1,((#1821,#1822),(#1823,#1824),(#1825,
#1826),(#1827,#1828),(#1829,#1830),(#1831,#1832),(#1833,#1834),(#1835,#1836)),
 .SURF_OF_LINEAR_EXTRUSION.,.F.,.F.,.F.,(4,1,1,1,1,4),(2,2),(0.43890748631182,
0.449418624206976,0.459929762102132,0.470440899997289,0.475696468944867,
0.480952037892445),(0.,1.),.UNSPECIFIED.);
#599=B_SPLINE_SURFACE_WITH_KNOTS('',3,1,((#1866,#1867),(#1868,#1869),(#1870,
#1871),(#1872,#1873),(#1874,#1875),(#1876,#1877),(#1878,#1879),(#1880,#1881),
(#1882,#1883),(#1884,#1885),(#1886,#1887),(#1888,#1889),(#1890,#1891),(#1892,
#1893),(#1894,#1895),(#1896,#1897),(#1898,#1899),(#1900,#1901),(#1902,#1903)),
 .SURF_OF_LINEAR_EXTRUSION.,.F.,.F.,.F.,(4,1,1,1,1,1,1,1,1,1,1,1,1,1,1,
1,4),(2,2),(0.494313871606517,0.497758663899721,0.501203456192925,0.504648248486129,
0.508093040779333,0.509815436925936,0.511537833072538,0.51326022921914,
0.514982625365742,0.515843823439043,0.516705021512344,0.517566219585645,
0.518427417658946,0.519288615732247,0.520149813805548,0.521011011878849,
0.52187220995215),(0.,1.),.UNSPECIFIED.);
#600=B_SPLINE_SURFACE_WITH_KNOTS('',3,1,((#1959,#1960),(#1961,#1962),(#1963,
#1964),(#1965,#1966),(#1967,#1968),(#1969,#1970),(#1971,#1972),(#1973,#1974),
(#1975,#1976),(#1977,#1978),(#1979,#1980),(#1981,#1982),(#1983,#1984),(#1985,
#1986),(#1987,#1988),(#1989,#1990),(#1991,#1992),(#1993,#1994),(#1995,#1996),
(#1997,#1998),(#1999,#2000),(#2001,#2002),(#2003,#2004)),
 .SURF_OF_LINEAR_EXTRUSION.,.F.,.F.,.F.,(4,1,1,1,1,1,1,1,1,1,1,1,1,1,1,
1,1,1,1,1,4),(2,2),(0.528549090829965,0.531398132438853,0.532822653243298,
0.534247174047742,0.535671694852186,0.53709621565663,0.538520736461075,
0.539945257265519,0.541369778069963,0.542794298874407,0.544218819678851,
0.545643340483296,0.548492382092184,0.551341423701073,0.554190465309961,
0.557039506918849,0.562737590136626,0.565586631745515,0.568435673354403,
0.571284714963292,0.57413375657218),(0.,1.),.UNSPECIFIED.);
#601=B_SPLINE_SURFACE_WITH_KNOTS('',3,1,((#2080,#2081),(#2082,#2083),(#2084,
#2085),(#2086,#2087),(#2088,#2089),(#2090,#2091),(#2092,#2093),(#2094,#2095),
(#2096,#2097),(#2098,#2099),(#2100,#2101),(#2102,#2103),(#2104,#2105),(#2106,
#2107),(#2108,#2109),(#2110,#2111),(#2112,#2113),(#2114,#2115),(#2116,#2117),
(#2118,#2119),(#2120,#2121),(#2122,#2123),(#2124,#2125),(#2126,#2127),(#2128,
#2129),(#2130,#2131),(#2132,#2133),(#2134,#2135),(#2136,#2137),(#2138,#2139),
(#2140,#2141),(#2142,#2143),(#2144,#2145),(#2146,#2147),(#2148,#2149),(#2150,
#2151),(#2152,#2153)),.SURF_OF_LINEAR_EXTRUSION.,.F.,.F.,.F.,(4,1,1,1,1,
1,1,1,1,1,1,1,1,1,1,1,1,1,1,1,1,1,1,1,1,1,1,1,1,1,1,1,1,1,4),(2,2),(0.579383322936017,
0.584615940420143,0.589848557904269,0.595081175388394,0.60031379287252,
0.602930101614583,0.605546410356646,0.608162719098709,0.60947087346974,
0.610779027840772,0.612087182211803,0.613395336582835,0.614703490953866,
0.616011645324898,0.617319799695929,0.618627954066961,0.621244262809024,
0.623860571551086,0.626476880293149,0.629093189035212,0.630401343406244,
0.631709497777275,0.633017652148307,0.634325806519338,0.635633960890369,
0.636942115261401,0.638250269632432,0.639558424003464,0.642174732745527,
0.64479104148759,0.647407350229653,0.650023658971715,0.652639967713778,
0.657872585197904,0.66310520268203),(0.,1.),.UNSPECIFIED.);
#602=B_SPLINE_SURFACE_WITH_KNOTS('',3,1,((#2272,#2273),(#2274,#2275),(#2276,
#2277),(#2278,#2279),(#2280,#2281),(#2282,#2283),(#2284,#2285),(#2286,#2287),
(#2288,#2289),(#2290,#2291),(#2292,#2293),(#2294,#2295),(#2296,#2297),(#2298,
#2299),(#2300,#2301),(#2302,#2303),(#2304,#2305),(#2306,#2307),(#2308,#2309),
(#2310,#2311),(#2312,#2313),(#2314,#2315),(#2316,#2317),(#2318,#2319),(#2320,
#2321),(#2322,#2323),(#2324,#2325),(#2326,#2327),(#2328,#2329),(#2330,#2331),
(#2332,#2333),(#2334,#2335),(#2336,#2337),(#2338,#2339),(#2340,#2341),(#2342,
#2343),(#2344,#2345),(#2346,#2347),(#2348,#2349),(#2350,#2351),(#2352,#2353),
(#2354,#2355),(#2356,#2357),(#2358,#2359),(#2360,#2361),(#2362,#2363),(#2364,
#2365),(#2366,#2367),(#2368,#2369),(#2370,#2371),(#2372,#2373),(#2374,#2375),
(#2376,#2377),(#2378,#2379),(#2380,#2381),(#2382,#2383),(#2384,#2385),(#2386,
#2387),(#2388,#2389),(#2390,#2391),(#2392,#2393),(#2394,#2395)),
 .SURF_OF_LINEAR_EXTRUSION.,.T.,.F.,.F.,(1,1,1,1,1,1,1,1,1,1,1,1,1,1,1,
1,1,1,1,1,1,1,1,1,1,1,1,1,1,1,1,1,1,1,1,1,1,1,1,1,1,1,1,1,1,1,1,1,1,1,1,
1,1,1,1,1,1,1,1,1,1,1,1,1,1,1),(2,2),(-0.0461404927914199,-0.0295259870920403,
-0.0198063227497226,0.,0.0399881864023249,0.0527788109082522,0.0676591575259102,
0.0846134191329954,0.0952955825784224,0.134294902029649,0.142796661243957,
0.165416264628354,0.173171294597878,0.187097796106155,0.203031770551895,
0.224273475122332,0.230968705998753,0.248857164650952,0.25518912010606,
0.269656158450848,0.285982679691907,0.307249497484435,0.313237891224685,
0.33582094651639,0.35026137175305,0.365551381201301,0.379808159009973,0.421905831823414,
0.428237791913844,0.455708225979423,0.483509939130738,0.490631387915315,
0.517616064298839,0.525000739787558,0.536686380348036,0.546796741640655,
0.571579131000115,0.580670620126396,0.607103795359143,0.61632612929546,
0.63104531153226,0.640513797840914,0.667498470889854,0.674193704275725,
0.711930452935021,0.720399332978614,0.730959335970798,0.772289980402089,
0.784677873476703,0.801296572562958,0.8257599785841,0.83726519377773,0.854847509110072,
0.868699015190367,0.88385806881662,0.890806397878287,0.909929963840998,
0.921763866031225,0.939042662154471,0.95385950720858,0.97047401290796,0.980193677250277,
1.,1.03998818640232,1.05277881090825,1.06765915752591),(0.,1.),
 .UNSPECIFIED.);
#603=B_SPLINE_SURFACE_WITH_KNOTS('',3,1,((#3765,#3766),(#3767,#3768),(#3769,
#3770),(#3771,#3772),(#3773,#3774),(#3775,#3776),(#3777,#3778),(#3779,#3780),
(#3781,#3782),(#3783,#3784),(#3785,#3786),(#3787,#3788),(#3789,#3790),(#3791,
#3792),(#3793,#3794),(#3795,#3796),(#3797,#3798),(#3799,#3800),(#3801,#3802),
(#3803,#3804),(#3805,#3806)),.SURF_OF_LINEAR_EXTRUSION.,.F.,.F.,.F.,(4,
1,1,1,1,1,1,1,1,1,1,1,1,1,1,1,1,1,4),(2,2),(0.501829439741329,0.504132657495663,
0.506435875249997,0.508739093004331,0.511042310758665,0.512193919635832,
0.513345528512999,0.514497137390166,0.51507294182875,0.515648746267333,
0.516224550705916,0.516512452925208,0.5168003551445,0.517376159583083,0.517951964021667,
0.518527768460251,0.519103572898834,0.519679377337418,0.520255181776001),
(0.,1.),.UNSPECIFIED.);
#604=B_SPLINE_SURFACE_WITH_KNOTS('',3,1,((#3809,#3810),(#3811,#3812),(#3813,
#3814),(#3815,#3816),(#3817,#3818),(#3819,#3820),(#3821,#3822),(#3823,#3824),
(#3825,#3826),(#3827,#3828),(#3829,#3830),(#3831,#3832),(#3833,#3834),(#3835,
#3836),(#3837,#3838),(#3839,#3840),(#3841,#3842),(#3843,#3844),(#3845,#3846),
(#3847,#3848),(#3849,#3850),(#3851,#3852),(#3853,#3854),(#3855,#3856),(#3857,
#3858),(#3859,#3860),(#3861,#3862)),.SURF_OF_LINEAR_EXTRUSION.,.F.,.F.,
 .F.,(4,1,1,1,1,1,1,1,1,1,1,1,1,1,1,1,1,1,1,1,1,1,1,1,4),(2,2),(0.533852819854597,
0.534959107855045,0.536065395855493,0.536618539855717,0.537171683855941,
0.537724827856165,0.538277971856389,0.538831115856613,0.539384259856837,
0.540490547857285,0.541043691857509,0.541596835857733,0.542703123858181,
0.543256267858405,0.543809411858629,0.544915699859077,0.546021987859525,
0.547128275859973,0.549340851860869,0.551553427861765,0.55376600386266,
0.555978579863556,0.560403731865348,0.56482888386714,0.569254035868932),
(0.,1.),.UNSPECIFIED.);
#605=B_SPLINE_SURFACE_WITH_KNOTS('',3,1,((#3864,#3865),(#3866,#3867),(#3868,
#3869),(#3870,#3871),(#3872,#3873),(#3874,#3875),(#3876,#3877),(#3878,#3879),
(#3880,#3881),(#3882,#3883),(#3884,#3885),(#3886,#3887),(#3888,#3889),(#3890,
#3891),(#3892,#3893),(#3894,#3895),(#3896,#3897),(#3898,#3899),(#3900,#3901),
(#3902,#3903),(#3904,#3905),(#3906,#3907),(#3908,#3909),(#3910,#3911),(#3912,
#3913),(#3914,#3915),(#3916,#3917),(#3918,#3919),(#3920,#3921),(#3922,#3923),
(#3924,#3925),(#3926,#3927),(#3928,#3929),(#3930,#3931),(#3932,#3933),(#3934,
#3935),(#3936,#3937),(#3938,#3939),(#3940,#3941),(#3942,#3943),(#3944,#3945),
(#3946,#3947),(#3948,#3949),(#3950,#3951),(#3952,#3953),(#3954,#3955),(#3956,
#3957)),.SURF_OF_LINEAR_EXTRUSION.,.F.,.F.,.F.,(4,1,1,1,1,1,1,1,1,1,1,1,
1,1,1,1,1,1,1,1,1,1,1,1,1,1,1,1,1,1,1,1,1,1,1,1,1,1,1,1,1,1,1,1,4),(2,2),
(0.584871979524286,0.589315953156745,0.593759926789204,0.595981913605434,
0.598203900421664,0.600425887237893,0.602647874054123,0.604869860870352,
0.607091847686582,0.608202841094697,0.609313834502812,0.610424827910926,
0.611535821319041,0.612646814727156,0.613757808135271,0.614313304839328,
0.614868801543386,0.6159797949515,0.617090788359615,0.61820178176773,0.62042376858396,
0.622645755400189,0.624867742216419,0.627089729032648,0.628200722440763,
0.629311715848878,0.630422709256993,0.631533702665108,0.632644696073222,
0.633755689481337,0.634866682889452,0.635422179593509,0.635977676297567,
0.636533173001624,0.637088669705681,0.638199663113796,0.639310656521911,
0.640421649930026,0.641532643338141,0.642643636746255,0.644865623562485,
0.647087610378715,0.649309597194944,0.651531584011174,0.655975557643633),
(0.,1.),.UNSPECIFIED.);
#606=B_SPLINE_SURFACE_WITH_KNOTS('',3,1,((#3959,#3960),(#3961,#3962),(#3963,
#3964),(#3965,#3966),(#3967,#3968)),.SURF_OF_LINEAR_EXTRUSION.,.F.,.F.,
 .F.,(4,1,4),(2,2),(0.680990918499402,0.68768974918622,0.694388579873037),
(0.,1.),.UNSPECIFIED.);
#607=B_SPLINE_SURFACE_WITH_KNOTS('',3,1,((#3970,#3971),(#3972,#3973),(#3974,
#3975),(#3976,#3977),(#3978,#3979),(#3980,#3981),(#3982,#3983),(#3984,#3985),
(#3986,#3987),(#3988,#3989),(#3990,#3991),(#3992,#3993),(#3994,#3995),(#3996,
#3997),(#3998,#3999),(#4000,#4001),(#4002,#4003),(#4004,#4005),(#4006,#4007),
(#4008,#4009),(#4010,#4011),(#4012,#4013),(#4014,#4015),(#4016,#4017),(#4018,
#4019),(#4020,#4021)),.SURF_OF_LINEAR_EXTRUSION.,.F.,.F.,.F.,(4,1,1,1,1,
1,1,1,1,1,1,1,1,1,1,1,1,1,1,1,1,1,1,4),(2,2),(0.742949121497338,0.750155660232155,
0.753758929599563,0.757362198966972,0.76096546833438,0.764568737701789,
0.766370372385493,0.768172007069197,0.769973641752902,0.771775276436606,
0.77357691112031,0.775378545804014,0.777180180487719,0.778981815171423,
0.780783449855127,0.782585084538831,0.784386719222536,0.785287536564388,
0.78618835390624,0.787989988589944,0.789791623273648,0.793394892641057,
0.796998162008466,0.800601431375874),(0.,1.),.UNSPECIFIED.);
#608=B_SPLINE_SURFACE_WITH_KNOTS('',3,1,((#4023,#4024),(#4025,#4026),(#4027,
#4028),(#4029,#4030),(#4031,#4032),(#4033,#4034)),
 .SURF_OF_LINEAR_EXTRUSION.,.F.,.F.,.F.,(4,1,1,4),(2,2),(0.800601431375874,
0.803225686765678,0.805849942155481,0.811098452935089),(0.,1.),
 .UNSPECIFIED.);
#609=B_SPLINE_SURFACE_WITH_KNOTS('',3,1,((#4036,#4037),(#4038,#4039),(#4040,
#4041),(#4042,#4043),(#4044,#4045),(#4046,#4047),(#4048,#4049),(#4050,#4051),
(#4052,#4053),(#4054,#4055),(#4056,#4057)),.SURF_OF_LINEAR_EXTRUSION.,.F.,
 .F.,.F.,(4,1,1,1,1,1,1,1,4),(2,2),(0.84171421733998,0.84715102756172,0.84986943267259,
0.85258783778346,0.853947040338895,0.85530624289433,0.8580246480052,0.86074305311607,
0.86346145822694),(0.,1.),.UNSPECIFIED.);
#610=B_SPLINE_SURFACE_WITH_KNOTS('',3,1,((#4059,#4060),(#4061,#4062),(#4063,
#4064),(#4065,#4066),(#4067,#4068),(#4069,#4070),(#4071,#4072),(#4073,#4074),
(#4075,#4076),(#4077,#4078),(#4079,#4080)),.SURF_OF_LINEAR_EXTRUSION.,.F.,
 .F.,.F.,(4,1,1,1,1,1,1,1,4),(2,2),(0.934950705636563,0.936984128852098,
0.939017552067633,0.941050975283168,0.943084398498703,0.945117821714237,
0.947151244929772,0.949184668145307,0.951218091360842),(0.,1.),
 .UNSPECIFIED.);
#611=B_SPLINE_SURFACE_WITH_KNOTS('',3,1,((#4082,#4083),(#4084,#4085),(#4086,
#4087),(#4088,#4089),(#4090,#4091),(#4092,#4093),(#4094,#4095),(#4096,#4097),
(#4098,#4099),(#4100,#4101),(#4102,#4103),(#4104,#4105),(#4106,#4107),(#4108,
#4109),(#4110,#4111),(#4112,#4113),(#4114,#4115),(#4116,#4117),(#4118,#4119),
(#4120,#4121),(#4122,#4123),(#4124,#4125),(#4126,#4127),(#4128,#4129),(#4130,
#4131),(#4132,#4133),(#4134,#4135),(#4136,#4137),(#4138,#4139)),
 .SURF_OF_LINEAR_EXTRUSION.,.F.,.F.,.F.,(4,1,1,1,1,1,1,1,1,1,1,1,1,1,1,
1,1,1,1,1,1,1,1,1,1,1,4),(2,2),(1.01008581564281,1.01772950161262,1.02155134459753,
1.02537318758244,1.02919503056734,1.03301687355225,1.03683871653716,1.04066055952206,
1.04257148101452,1.04448240250697,1.04639332399942,1.04830424549188,1.05021516698433,
1.05212608847678,1.05308154922301,1.05403700996924,1.05594793146169,1.05785885295415,
1.0597697744466,1.06168069593905,1.06359161743151,1.06550253892396,1.06645799967019,
1.06741346041641,1.06836892116264,1.06932438190887,1.07123530340132),(0.,
1.),.UNSPECIFIED.);
#612=B_SPLINE_SURFACE_WITH_KNOTS('',3,1,((#4141,#4142),(#4143,#4144),(#4145,
#4146),(#4147,#4148),(#4149,#4150),(#4151,#4152),(#4153,#4154),(#4155,#4156),
(#4157,#4158),(#4159,#4160),(#4161,#4162),(#4163,#4164),(#4165,#4166),(#4167,
#4168),(#4169,#4170)),.SURF_OF_LINEAR_EXTRUSION.,.F.,.F.,.F.,(4,1,1,1,1,
1,1,1,1,1,1,1,4),(2,2),(1.07123530340132,1.07389914655068,1.07656298970003,
1.07922683284939,1.08189067599875,1.08322259757343,1.08455451914811,1.08588644072279,
1.08721836229746,1.08855028387214,1.08988220544682,1.0912141270215,1.09254604859618),
(0.,1.),.UNSPECIFIED.);
#613=B_SPLINE_SURFACE_WITH_KNOTS('',3,1,((#4172,#4173),(#4174,#4175),(#4176,
#4177),(#4178,#4179),(#4180,#4181),(#4182,#4183),(#4184,#4185),(#4186,#4187),
(#4188,#4189)),.SURF_OF_LINEAR_EXTRUSION.,.F.,.F.,.F.,(4,1,1,1,1,1,4),(2,
2),(1.09489585471281,1.09665172482751,1.0984075949422,1.10191933517159,
1.10894281563037,1.11596629608915,1.12298977654793),(0.,1.),
 .UNSPECIFIED.);
#614=B_SPLINE_SURFACE_WITH_KNOTS('',3,1,((#4191,#4192),(#4193,#4194),(#4195,
#4196),(#4197,#4198),(#4199,#4200),(#4201,#4202),(#4203,#4204),(#4205,#4206),
(#4207,#4208),(#4209,#4210),(#4211,#4212)),.SURF_OF_LINEAR_EXTRUSION.,.F.,
 .F.,.F.,(4,1,1,1,1,1,1,1,4),(2,2),(0.192102424901489,0.195632111564048,
0.197396954895328,0.199161798226608,0.200926641557888,0.202691484889167,
0.203573906554807,0.204456328220447,0.206221171551727),(0.,1.),
 .UNSPECIFIED.);
#615=B_SPLINE_SURFACE_WITH_KNOTS('',3,1,((#4214,#4215),(#4216,#4217),(#4218,
#4219),(#4220,#4221),(#4222,#4223),(#4224,#4225),(#4226,#4227),(#4228,#4229),
(#4230,#4231),(#4232,#4233),(#4234,#4235),(#4236,#4237),(#4238,#4239)),
 .SURF_OF_LINEAR_EXTRUSION.,.F.,.F.,.F.,(4,1,1,1,1,1,1,1,1,1,4),(2,2),(0.277556573911599,
0.279746681027613,0.281936788143627,0.284126895259642,0.285221948817649,
0.286317002375655,0.287412055933662,0.288507109491669,0.290697216607683,
0.292887323723698,0.295077430839711),(0.,1.),.UNSPECIFIED.);
#616=B_SPLINE_SURFACE_WITH_KNOTS('',3,1,((#4241,#4242),(#4243,#4244),(#4245,
#4246),(#4247,#4248),(#4249,#4250),(#4251,#4252),(#4253,#4254),(#4255,#4256),
(#4257,#4258),(#4259,#4260),(#4261,#4262),(#4263,#4264),(#4265,#4266),(#4267,
#4268),(#4269,#4270),(#4271,#4272),(#4273,#4274),(#4275,#4276),(#4277,#4278),
(#4279,#4280),(#4281,#4282),(#4283,#4284),(#4285,#4286),(#4287,#4288),(#4289,
#4290),(#4291,#4292),(#4293,#4294),(#4295,#4296),(#4297,#4298),(#4299,#4300),
(#4301,#4302),(#4303,#4304),(#4305,#4306),(#4307,#4308),(#4309,#4310),(#4311,
#4312),(#4313,#4314)),.SURF_OF_LINEAR_EXTRUSION.,.F.,.F.,.F.,(4,1,1,1,1,
1,1,1,1,1,1,1,1,1,1,1,1,1,1,1,1,1,1,1,1,1,1,1,1,1,1,1,1,1,4),(2,2),(0.324643439550784,
0.329649990093509,0.334656540636233,0.337159815907595,0.339663091178957,
0.342166366450319,0.344669641721681,0.347172916993043,0.349676192264405,
0.352179467535768,0.35468274280713,0.357186018078492,0.359689293349854,
0.362192568621216,0.363444206256897,0.364695843892578,0.365321662710419,
0.365947481528259,0.3665733003461,0.36719911916394,0.367824937981781,0.368450756799621,
0.369702394435302,0.370954032070983,0.372205669706664,0.373457307342345,
0.374708944978026,0.377212220249388,0.379715495520751,0.382218770792113,
0.384722046063475,0.389728596606199,0.394735147148923,0.399741697691647,
0.404748248234371),(0.,1.),.UNSPECIFIED.);
#617=B_SPLINE_SURFACE_WITH_KNOTS('',3,1,((#4316,#4317),(#4318,#4319),(#4320,
#4321),(#4322,#4323),(#4324,#4325),(#4326,#4327)),
 .SURF_OF_LINEAR_EXTRUSION.,.F.,.F.,.F.,(4,1,1,4),(2,2),(0.453298124027806,
0.458026739554132,0.462755355080459,0.472212586133111),(0.,1.),
 .UNSPECIFIED.);
#618=ADVANCED_FACE('',(#545),#585,.T.);
#619=ADVANCED_FACE('',(#546),#586,.T.);
#620=ADVANCED_FACE('',(#547),#587,.T.);
#621=ADVANCED_FACE('',(#548),#588,.T.);
#622=ADVANCED_FACE('',(#549),#589,.T.);
#623=ADVANCED_FACE('',(#550),#590,.T.);
#624=ADVANCED_FACE('',(#551),#591,.T.);
#625=ADVANCED_FACE('',(#552),#592,.T.);
#626=ADVANCED_FACE('',(#553),#593,.T.);
#627=ADVANCED_FACE('',(#554),#594,.T.);
#628=ADVANCED_FACE('',(#555),#595,.T.);
#629=ADVANCED_FACE('',(#556),#596,.T.);
#630=ADVANCED_FACE('',(#557),#597,.T.);
#631=ADVANCED_FACE('',(#558),#598,.T.);
#632=ADVANCED_FACE('',(#559),#599,.T.);
#633=ADVANCED_FACE('',(#560),#600,.T.);
#634=ADVANCED_FACE('',(#561),#601,.T.);
#635=ADVANCED_FACE('',(#562,#563),#602,.F.);
#636=ADVANCED_FACE('',(#564,#565),#12,.T.);
#637=ADVANCED_FACE('',(#566,#567),#13,.F.);
#638=ADVANCED_FACE('',(#568,#569),#14,.T.);
#639=ADVANCED_FACE('',(#570),#603,.F.);
#640=ADVANCED_FACE('',(#571),#604,.F.);
#641=ADVANCED_FACE('',(#572),#605,.F.);
#642=ADVANCED_FACE('',(#573),#606,.F.);
#643=ADVANCED_FACE('',(#574),#607,.F.);
#644=ADVANCED_FACE('',(#575),#608,.F.);
#645=ADVANCED_FACE('',(#576),#609,.F.);
#646=ADVANCED_FACE('',(#577),#610,.F.);
#647=ADVANCED_FACE('',(#578),#611,.F.);
#648=ADVANCED_FACE('',(#579),#612,.F.);
#649=ADVANCED_FACE('',(#580),#613,.F.);
#650=ADVANCED_FACE('',(#581),#614,.F.);
#651=ADVANCED_FACE('',(#582),#615,.F.);
#652=ADVANCED_FACE('',(#583),#616,.F.);
#653=ADVANCED_FACE('',(#584),#617,.F.);
#654=CLOSED_SHELL('',(#618,#619,#620,#621,#622,#623,#624,#625,#626,#627,
#628,#629,#630,#631,#632,#633,#634,#635,#636,#637,#638,#639,#640,#641,#642,
#643,#644,#645,#646,#647,#648,#649,#650,#651,#652,#653));
#655=STYLED_ITEM('',(#656),#663);
#656=PRESENTATION_STYLE_ASSIGNMENT((#657));
#657=SURFACE_STYLE_USAGE(.BOTH.,#658);
#658=SURFACE_SIDE_STYLE('',(#659));
#659=SURFACE_STYLE_FILL_AREA(#660);
#660=FILL_AREA_STYLE('',(#661));
#661=FILL_AREA_STYLE_COLOUR('',#662);
#662=COLOUR_RGB('',0.615686274509804,0.811764705882353,0.929411764705882);
#663=MANIFOLD_SOLID_BREP('Part 1',#654);
#664=SHAPE_DEFINITION_REPRESENTATION(#4334,#665);
#665=SHAPE_REPRESENTATION('Part 1',(#666),#4329);
#666=AXIS2_PLACEMENT_3D('',#710,#670,#671);
#667=AXIS2_PLACEMENT_3D('',#2522,#689,#690);
#668=AXIS2_PLACEMENT_3D('',#2523,#691,#692);
#669=AXIS2_PLACEMENT_3D('',#3144,#693,#694);
#670=DIRECTION('',(0.,0.,1.));
#671=DIRECTION('',(1.,0.,0.));
#672=DIRECTION('',(0.,0.,-1.));
#673=DIRECTION('',(0.,0.,-1.));
#674=DIRECTION('',(0.,0.,-1.));
#675=DIRECTION('',(0.,0.,-1.));
#676=DIRECTION('',(0.,0.,-1.));
#677=DIRECTION('',(0.,0.,-1.));
#678=DIRECTION('',(0.,0.,-1.));
#679=DIRECTION('',(0.,0.,-1.));
#680=DIRECTION('',(0.,0.,-1.));
#681=DIRECTION('',(0.,0.,-1.));
#682=DIRECTION('',(0.,0.,-1.));
#683=DIRECTION('',(0.,0.,-1.));
#684=DIRECTION('',(0.,0.,-1.));
#685=DIRECTION('',(0.,0.,-1.));
#686=DIRECTION('',(0.,0.,-1.));
#687=DIRECTION('',(0.,0.,-1.));
#688=DIRECTION('',(0.,0.,-1.));
#689=DIRECTION('',(0.,0.,1.));
#690=DIRECTION('',(1.,0.,0.));
#691=DIRECTION('',(0.,0.,1.));
#692=DIRECTION('',(1.,0.,0.));
#693=DIRECTION('',(0.,0.,1.));
#694=DIRECTION('',(1.,0.,0.));
#695=DIRECTION('',(0.,0.,1.));
#696=DIRECTION('',(0.,0.,1.));
#697=DIRECTION('',(0.,0.,1.));
#698=DIRECTION('',(0.,0.,1.));
#699=DIRECTION('',(0.,0.,1.));
#700=DIRECTION('',(0.,0.,1.));
#701=DIRECTION('',(0.,0.,1.));
#702=DIRECTION('',(0.,0.,1.));
#703=DIRECTION('',(0.,0.,1.));
#704=DIRECTION('',(0.,0.,1.));
#705=DIRECTION('',(0.,0.,1.));
#706=DIRECTION('',(0.,0.,1.));
#707=DIRECTION('',(0.,0.,1.));
#708=DIRECTION('',(0.,0.,1.));
#709=DIRECTION('',(0.,0.,1.));
#710=CARTESIAN_POINT('',(0.,0.,0.));
#711=CARTESIAN_POINT('',(-0.0242363422571145,-0.0168787248969269,0.0127));
#712=CARTESIAN_POINT('',(-0.0242363422571145,-0.0168787248969269,0.));
#713=CARTESIAN_POINT('',(-0.0239684482656334,-0.0164782241125523,0.0127));
#714=CARTESIAN_POINT('',(-0.0239684482656334,-0.0164782241125523,0.));
#715=CARTESIAN_POINT('',(-0.0233014143322375,-0.01560330329005,0.0127));
#716=CARTESIAN_POINT('',(-0.0233014143322375,-0.01560330329005,0.));
#717=CARTESIAN_POINT('',(-0.0213869518889321,-0.0132966969807371,0.0127));
#718=CARTESIAN_POINT('',(-0.0213869518889321,-0.0132966969807371,-1.73472347597681E-18));
#719=CARTESIAN_POINT('',(-0.018181460518712,-0.00962987501715661,0.0127));
#720=CARTESIAN_POINT('',(-0.018181460518712,-0.00962987501715661,3.46944695195361E-18));
#721=CARTESIAN_POINT('',(-0.0140394328406438,-0.00490466884893908,0.0127));
#722=CARTESIAN_POINT('',(-0.0140394328406438,-0.00490466884893908,1.73472347597681E-18));
#723=CARTESIAN_POINT('',(-0.0117872838084023,-0.00220754812855281,0.0127));
#724=CARTESIAN_POINT('',(-0.0117872838084023,-0.00220754812855281,0.));
#725=CARTESIAN_POINT('',(-0.0109840204641981,-0.00116809929644614,0.0127));
#726=CARTESIAN_POINT('',(-0.0109840204641981,-0.00116809929644614,0.));
#727=CARTESIAN_POINT('',(-0.0242363422571145,-0.0168787248969269,0.));
#728=CARTESIAN_POINT('',(-0.024102395261374,-0.0166784745047396,0.));
#729=CARTESIAN_POINT('',(-0.0238041576019039,-0.0162650813465704,0.));
#730=CARTESIAN_POINT('',(-0.0230607173786136,-0.0153118139369627,0.));
#731=CARTESIAN_POINT('',(-0.0218657307355604,-0.0138738834396594,0.));
#732=CARTESIAN_POINT('',(-0.0201058020226497,-0.0118317319225557,0.));
#733=CARTESIAN_POINT('',(-0.0181443689947279,-0.00958900350768161,0.));
#734=CARTESIAN_POINT('',(-0.0161100470769058,-0.00726648433773581,0.));
#735=CARTESIAN_POINT('',(-0.0141345266506807,-0.0049890073642725,0.));
#736=CARTESIAN_POINT('',(-0.0123522474939394,-0.00288502438644629,0.));
#737=CARTESIAN_POINT('',(-0.0113856521363002,-0.00168782371249951,0.));
#738=CARTESIAN_POINT('',(-0.0109840204641981,-0.00116809929644614,0.));
#739=CARTESIAN_POINT('',(-0.0242363422571145,-0.0168787248969268,0.));
#740=CARTESIAN_POINT('',(-0.0109840204641981,-0.00116809929644614,0.));
#741=CARTESIAN_POINT('',(-0.0242363422571145,-0.0168787248969268,0.0127));
#742=CARTESIAN_POINT('',(-0.0242363422571145,-0.0168787248969268,0.0127));
#743=CARTESIAN_POINT('',(-0.0242363422571145,-0.0168787248969269,0.0127));
#744=CARTESIAN_POINT('',(-0.024102395261374,-0.0166784745047396,0.0127));
#745=CARTESIAN_POINT('',(-0.0238041576019039,-0.0162650813465704,0.0127));
#746=CARTESIAN_POINT('',(-0.0230607173786136,-0.0153118139369627,0.0127));
#747=CARTESIAN_POINT('',(-0.0218657307355604,-0.0138738834396594,0.0127));
#748=CARTESIAN_POINT('',(-0.0201058020226497,-0.0118317319225557,0.0127));
#749=CARTESIAN_POINT('',(-0.0181443689947279,-0.00958900350768161,0.0127));
#750=CARTESIAN_POINT('',(-0.0161100470769058,-0.00726648433773581,0.0127));
#751=CARTESIAN_POINT('',(-0.0141345266506807,-0.0049890073642725,0.0127));
#752=CARTESIAN_POINT('',(-0.0123522474939394,-0.00288502438644629,0.0127));
#753=CARTESIAN_POINT('',(-0.0113856521363002,-0.00168782371249951,0.0127));
#754=CARTESIAN_POINT('',(-0.0109840204641981,-0.00116809929644614,0.0127));
#755=CARTESIAN_POINT('',(-0.0109840204641981,-0.00116809929644614,0.0127));
#756=CARTESIAN_POINT('',(-0.0109840204641981,-0.00116809929644614,0.0127));
#757=CARTESIAN_POINT('',(-0.010984020464198,-0.00116809929644603,0.0127));
#758=CARTESIAN_POINT('',(-0.010984020464198,-0.00116809929644603,0.));
#759=CARTESIAN_POINT('',(-0.01118492689828,-0.000940582072143821,0.0127));
#760=CARTESIAN_POINT('',(-0.01118492689828,-0.000940582072143821,0.));
#761=CARTESIAN_POINT('',(-0.0113412756252962,-0.000685011771227936,0.0127));
#762=CARTESIAN_POINT('',(-0.0113412756252962,-0.000685011771227936,3.46944695195361E-18));
#763=CARTESIAN_POINT('',(-0.0114783618836087,-0.000518484904406297,0.0127));
#764=CARTESIAN_POINT('',(-0.0114783618836087,-0.000518484904406297,-1.73472347597681E-18));
#765=CARTESIAN_POINT('',(-0.0116980692001153,-0.000290590417268188,0.0127));
#766=CARTESIAN_POINT('',(-0.0116980692001153,-0.000290590417268188,-1.73472347597681E-18));
#767=CARTESIAN_POINT('',(-0.0123332066897985,0.00015915531037062,0.0127));
#768=CARTESIAN_POINT('',(-0.0123332066897985,0.00015915531037062,3.46944695195361E-18));
#769=CARTESIAN_POINT('',(-0.0133070963489281,0.000732825379782359,0.0127));
#770=CARTESIAN_POINT('',(-0.0133070963489281,0.000732825379782359,0.));
#771=CARTESIAN_POINT('',(-0.0149517746575318,0.00160591218299053,0.0127));
#772=CARTESIAN_POINT('',(-0.0149517746575318,0.00160591218299053,-1.73472347597681E-18));
#773=CARTESIAN_POINT('',(-0.0175349429524356,0.00285149518281501,0.0127));
#774=CARTESIAN_POINT('',(-0.0175349429524356,0.00285149518281501,1.73472347597681E-18));
#775=CARTESIAN_POINT('',(-0.0211454496562058,0.00449564348215709,0.0127));
#776=CARTESIAN_POINT('',(-0.0211454496562058,0.00449564348215709,-1.73472347597681E-18));
#777=CARTESIAN_POINT('',(-0.024970789841287,0.0062170696910021,0.0127));
#778=CARTESIAN_POINT('',(-0.024970789841287,0.0062170696910021,0.));
#779=CARTESIAN_POINT('',(-0.0287242706378603,0.00794829626226966,0.0127));
#780=CARTESIAN_POINT('',(-0.0287242706378603,0.00794829626226966,-1.73472347597681E-18));
#781=CARTESIAN_POINT('',(-0.0321317653665442,0.00963090296734713,0.0127));
#782=CARTESIAN_POINT('',(-0.0321317653665442,0.00963090296734713,0.));
#783=CARTESIAN_POINT('',(-0.0344696841704136,0.0109510115829752,0.0127));
#784=CARTESIAN_POINT('',(-0.0344696841704136,0.0109510115829752,-1.73472347597681E-18));
#785=CARTESIAN_POINT('',(-0.0359566814747501,0.0119840986696404,0.0127));
#786=CARTESIAN_POINT('',(-0.0359566814747501,0.0119840986696404,1.73472347597681E-18));
#787=CARTESIAN_POINT('',(-0.036890161337467,0.0127936018881141,0.0127));
#788=CARTESIAN_POINT('',(-0.036890161337467,0.0127936018881141,1.73472347597681E-18));
#789=CARTESIAN_POINT('',(-0.0376767531642953,0.0138322711397034,0.0127));
#790=CARTESIAN_POINT('',(-0.0376767531642953,0.0138322711397034,-1.73472347597681E-18));
#791=CARTESIAN_POINT('',(-0.0380412117936734,0.0152299561962557,0.0127));
#792=CARTESIAN_POINT('',(-0.0380412117936734,0.0152299561962557,3.46944695195361E-18));
#793=CARTESIAN_POINT('',(-0.0377762989234112,0.0164967478178409,0.0127));
#794=CARTESIAN_POINT('',(-0.0377762989234112,0.0164967478178409,-1.73472347597681E-18));
#795=CARTESIAN_POINT('',(-0.0373239259178824,0.0173124136810181,0.0127));
#796=CARTESIAN_POINT('',(-0.0373239259178824,0.0173124136810181,-3.46944695195361E-18));
#797=CARTESIAN_POINT('',(-0.0369153419218985,0.0178809626540231,0.0127));
#798=CARTESIAN_POINT('',(-0.0369153419218985,0.0178809626540231,3.46944695195361E-18));
#799=CARTESIAN_POINT('',(-0.0364850729128283,0.0184749960995201,0.0127));
#800=CARTESIAN_POINT('',(-0.0364850729128283,0.0184749960995201,-3.46944695195361E-18));
#801=CARTESIAN_POINT('',(-0.035715346675244,0.0195191567858338,0.0127));
#802=CARTESIAN_POINT('',(-0.035715346675244,0.0195191567858338,1.73472347597681E-18));
#803=CARTESIAN_POINT('',(-0.034263624409873,0.0208096820454813,0.0127));
#804=CARTESIAN_POINT('',(-0.034263624409873,0.0208096820454813,0.));
#805=CARTESIAN_POINT('',(-0.0328085557903562,0.0213568382471461,0.0127));
#806=CARTESIAN_POINT('',(-0.0328085557903562,0.0213568382471461,0.));
#807=CARTESIAN_POINT('',(-0.0320078919718143,0.0214764994006001,0.0127));
#808=CARTESIAN_POINT('',(-0.0320078919718143,0.0214764994006001,0.));
#809=CARTESIAN_POINT('',(-0.010984020464198,-0.00116809929644603,0.));
#810=CARTESIAN_POINT('',(-0.0110844736812389,-0.00105434068429498,0.));
#811=CARTESIAN_POINT('',(-0.0112185552543748,-0.000872985807007615,0.));
#812=CARTESIAN_POINT('',(-0.0113305985841283,-0.00071214064960465,0.));
#813=CARTESIAN_POINT('',(-0.0114092673286774,-0.00060535080649383,0.));
#814=CARTESIAN_POINT('',(-0.0114875517046619,-0.000510829377737374,0.));
#815=CARTESIAN_POINT('',(-0.0115756904612113,-0.000419199470188065,0.));
#816=CARTESIAN_POINT('',(-0.0116733082826277,-0.00033068251128661,0.));
#817=CARTESIAN_POINT('',(-0.0117920977748585,-0.000231674789524333,0.));
#818=CARTESIAN_POINT('',(-0.0120141920478044,-6.57424956199964E-5,0.));
#819=CARTESIAN_POINT('',(-0.0124963519803745,0.000254778434917964,0.));
#820=CARTESIAN_POINT('',(-0.0133068527082015,0.000732847073830305,0.));
#821=CARTESIAN_POINT('',(-0.0145405344982763,0.00138754430923148,0.));
#822=CARTESIAN_POINT('',(-0.0159855679446365,0.00210450838069943,0.));
#823=CARTESIAN_POINT('',(-0.0175986531689475,0.00287008879201326,0.));
#824=CARTESIAN_POINT('',(-0.0193401818440696,0.00367355624768878,0.));
#825=CARTESIAN_POINT('',(-0.0217830149717381,0.00478255960477235,0.));
#826=CARTESIAN_POINT('',(-0.0249707845803657,0.00621702932471523,0.));
#827=CARTESIAN_POINT('',(-0.0280986976698433,0.00765986784477789,0.));
#828=CARTESIAN_POINT('',(-0.0304280061578436,0.00878941086816997,0.));
#829=CARTESIAN_POINT('',(-0.0320562349890564,0.00961824714114297,0.));
#830=CARTESIAN_POINT('',(-0.0335356539211546,0.0104245420050168,0.));
#831=CARTESIAN_POINT('',(-0.0348411120321232,0.0112092035140551,0.));
#832=CARTESIAN_POINT('',(-0.0357708770553187,0.0118539040554195,0.));
#833=CARTESIAN_POINT('',(-0.0364233592604842,0.0123907719580924,0.));
#834=CARTESIAN_POINT('',(-0.036871881428941,0.0128211407398476,0.));
#835=CARTESIAN_POINT('',(-0.0372831950126655,0.0133154424443178,0.));
#836=CARTESIAN_POINT('',(-0.0376229375985318,0.0138784898042858,0.));
#837=CARTESIAN_POINT('',(-0.0378634403815286,0.0145232409817215,0.));
#838=CARTESIAN_POINT('',(-0.0379612079121085,0.0152134029548594,0.));
#839=CARTESIAN_POINT('',(-0.0379096272324376,0.015871990941407,0.));
#840=CARTESIAN_POINT('',(-0.0377532432210486,0.0164386576885992,0.));
#841=CARTESIAN_POINT('',(-0.0375477332885691,0.0169027394528325,0.));
#842=CARTESIAN_POINT('',(-0.0373300441067839,0.017281793363836,0.));
#843=CARTESIAN_POINT('',(-0.037119434801135,0.0175974522877591,0.));
#844=CARTESIAN_POINT('',(-0.0369580537361123,0.0178217106728346,0.));
#845=CARTESIAN_POINT('',(-0.0368405832000572,0.017982806348974,0.));
#846=CARTESIAN_POINT('',(-0.0367312552348976,0.0181334950433287,0.));
#847=CARTESIAN_POINT('',(-0.0365802738561296,0.0183430941539927,0.));
#848=CARTESIAN_POINT('',(-0.0363805380649071,0.0186156221434849,0.));
#849=CARTESIAN_POINT('',(-0.0360840583444843,0.0190038984449837,0.));
#850=CARTESIAN_POINT('',(-0.0356498396497058,0.0195232587042927,0.));
#851=CARTESIAN_POINT('',(-0.0349937685889305,0.0201594119407815,0.));
#852=CARTESIAN_POINT('',(-0.0341710919386883,0.0207510944085328,0.));
#853=CARTESIAN_POINT('',(-0.0331727294516517,0.021224511740824,0.));
#854=CARTESIAN_POINT('',(-0.0324082238810851,0.0214166688238731,0.));
#855=CARTESIAN_POINT('',(-0.0320078919718143,0.0214764994006001,0.));
#856=CARTESIAN_POINT('',(-0.0320078919718143,0.0214764994006001,0.));
#857=CARTESIAN_POINT('',(-0.010984020464198,-0.00116809929644603,0.0127));
#858=CARTESIAN_POINT('',(-0.0110844736812389,-0.00105434068429498,0.0127));
#859=CARTESIAN_POINT('',(-0.0112185552543748,-0.000872985807007615,0.0127));
#860=CARTESIAN_POINT('',(-0.0113305985841283,-0.00071214064960465,0.0127));
#861=CARTESIAN_POINT('',(-0.0114092673286774,-0.00060535080649383,0.0127));
#862=CARTESIAN_POINT('',(-0.0114875517046619,-0.000510829377737374,0.0127));
#863=CARTESIAN_POINT('',(-0.0115756904612113,-0.000419199470188065,0.0127));
#864=CARTESIAN_POINT('',(-0.0116733082826277,-0.00033068251128661,0.0127));
#865=CARTESIAN_POINT('',(-0.0117920977748585,-0.000231674789524333,0.0127));
#866=CARTESIAN_POINT('',(-0.0120141920478044,-6.57424956199964E-5,0.0127));
#867=CARTESIAN_POINT('',(-0.0124963519803745,0.000254778434917964,0.0127));
#868=CARTESIAN_POINT('',(-0.0133068527082015,0.000732847073830305,0.0127));
#869=CARTESIAN_POINT('',(-0.0145405344982763,0.00138754430923148,0.0127));
#870=CARTESIAN_POINT('',(-0.0159855679446365,0.00210450838069943,0.0127));
#871=CARTESIAN_POINT('',(-0.0175986531689475,0.00287008879201326,0.0127));
#872=CARTESIAN_POINT('',(-0.0193401818440696,0.00367355624768878,0.0127));
#873=CARTESIAN_POINT('',(-0.0217830149717381,0.00478255960477235,0.0127));
#874=CARTESIAN_POINT('',(-0.0249707845803657,0.00621702932471523,0.0127));
#875=CARTESIAN_POINT('',(-0.0280986976698433,0.00765986784477789,0.0127));
#876=CARTESIAN_POINT('',(-0.0304280061578436,0.00878941086816997,0.0127));
#877=CARTESIAN_POINT('',(-0.0320562349890564,0.00961824714114297,0.0127));
#878=CARTESIAN_POINT('',(-0.0335356539211546,0.0104245420050168,0.0127));
#879=CARTESIAN_POINT('',(-0.0348411120321232,0.0112092035140551,0.0127));
#880=CARTESIAN_POINT('',(-0.0357708770553187,0.0118539040554195,0.0127));
#881=CARTESIAN_POINT('',(-0.0364233592604842,0.0123907719580924,0.0127));
#882=CARTESIAN_POINT('',(-0.036871881428941,0.0128211407398476,0.0127));
#883=CARTESIAN_POINT('',(-0.0372831950126655,0.0133154424443178,0.0127));
#884=CARTESIAN_POINT('',(-0.0376229375985318,0.0138784898042858,0.0127));
#885=CARTESIAN_POINT('',(-0.0378634403815286,0.0145232409817215,0.0127));
#886=CARTESIAN_POINT('',(-0.0379612079121085,0.0152134029548594,0.0127));
#887=CARTESIAN_POINT('',(-0.0379096272324376,0.015871990941407,0.0127));
#888=CARTESIAN_POINT('',(-0.0377532432210486,0.0164386576885992,0.0127));
#889=CARTESIAN_POINT('',(-0.0375477332885691,0.0169027394528325,0.0127));
#890=CARTESIAN_POINT('',(-0.0373300441067839,0.017281793363836,0.0127));
#891=CARTESIAN_POINT('',(-0.037119434801135,0.0175974522877591,0.0127));
#892=CARTESIAN_POINT('',(-0.0369580537361123,0.0178217106728346,0.0127));
#893=CARTESIAN_POINT('',(-0.0368405832000572,0.017982806348974,0.0127));
#894=CARTESIAN_POINT('',(-0.0367312552348976,0.0181334950433287,0.0127));
#895=CARTESIAN_POINT('',(-0.0365802738561296,0.0183430941539927,0.0127));
#896=CARTESIAN_POINT('',(-0.0363805380649071,0.0186156221434849,0.0127));
#897=CARTESIAN_POINT('',(-0.0360840583444843,0.0190038984449837,0.0127));
#898=CARTESIAN_POINT('',(-0.0356498396497058,0.0195232587042927,0.0127));
#899=CARTESIAN_POINT('',(-0.0349937685889305,0.0201594119407815,0.0127));
#900=CARTESIAN_POINT('',(-0.0341710919386883,0.0207510944085328,0.0127));
#901=CARTESIAN_POINT('',(-0.0331727294516517,0.021224511740824,0.0127));
#902=CARTESIAN_POINT('',(-0.0324082238810851,0.0214166688238731,0.0127));
#903=CARTESIAN_POINT('',(-0.0320078919718143,0.0214764994006001,0.0127));
#904=CARTESIAN_POINT('',(-0.0320078919718143,0.0214764994006001,0.0127));
#905=CARTESIAN_POINT('',(-0.0320078919718143,0.0214764994006001,0.0127));
#906=CARTESIAN_POINT('',(-0.0320078919718143,0.0214764994006001,0.0127));
#907=CARTESIAN_POINT('',(-0.0320078919718143,0.0214764994006001,-3.46944695195361E-18));
#908=CARTESIAN_POINT('',(-0.0311730531093763,0.0216012680974167,0.0127));
#909=CARTESIAN_POINT('',(-0.0311730531093763,0.0216012680974167,-3.46944695195361E-18));
#910=CARTESIAN_POINT('',(-0.0294687711490431,0.0215182246952908,0.0127));
#911=CARTESIAN_POINT('',(-0.0294687711490431,0.0215182246952908,-1.73472347597681E-18));
#912=CARTESIAN_POINT('',(-0.0269502924517385,0.0210021829344043,0.0127));
#913=CARTESIAN_POINT('',(-0.0269502924517385,0.0210021829344043,-3.46944695195361E-18));
#914=CARTESIAN_POINT('',(-0.0245576917419126,0.020385086986433,0.0127));
#915=CARTESIAN_POINT('',(-0.0245576917419126,0.020385086986433,-1.73472347597681E-18));
#916=CARTESIAN_POINT('',(-0.0232708782950526,0.0200965344710635,0.0127));
#917=CARTESIAN_POINT('',(-0.0232708782950526,0.0200965344710635,-3.46944695195361E-18));
#918=CARTESIAN_POINT('',(-0.0228064831026264,0.0200261010056431,0.0127));
#919=CARTESIAN_POINT('',(-0.0228064831026264,0.0200261010056431,-3.46944695195361E-18));
#920=CARTESIAN_POINT('',(-0.0320078919718143,0.0214764994006001,0.));
#921=CARTESIAN_POINT('',(-0.0317991822562047,0.0215076915748043,0.));
#922=CARTESIAN_POINT('',(-0.0313691166313467,0.0215499618495568,0.));
#923=CARTESIAN_POINT('',(-0.0307358720932745,0.0215572924427727,0.));
#924=CARTESIAN_POINT('',(-0.0301049799623508,0.0215236396368915,0.));
#925=CARTESIAN_POINT('',(-0.0292651908594312,0.0214351361848766,0.));
#926=CARTESIAN_POINT('',(-0.0282148102969999,0.0212602549367721,0.));
#927=CARTESIAN_POINT('',(-0.0269649941486383,0.0209894966048336,0.));
#928=CARTESIAN_POINT('',(-0.0257528458063564,0.0206938020632345,0.));
#929=CARTESIAN_POINT('',(-0.024614730156063,0.0204082687275574,0.));
#930=CARTESIAN_POINT('',(-0.0235967645604027,0.0201679121200509,0.));
#931=CARTESIAN_POINT('',(-0.0230386806988395,0.0200613177383533,0.));
#932=CARTESIAN_POINT('',(-0.0228064831026264,0.0200261010056431,0.));
#933=CARTESIAN_POINT('',(-0.0228064831026264,0.0200261010056431,0.));
#934=CARTESIAN_POINT('',(-0.0320078919718143,0.0214764994006001,0.0127));
#935=CARTESIAN_POINT('',(-0.0317991822562047,0.0215076915748043,0.0127));
#936=CARTESIAN_POINT('',(-0.0313691166313467,0.0215499618495568,0.0127));
#937=CARTESIAN_POINT('',(-0.0307358720932745,0.0215572924427727,0.0127));
#938=CARTESIAN_POINT('',(-0.0301049799623508,0.0215236396368915,0.0127));
#939=CARTESIAN_POINT('',(-0.0292651908594312,0.0214351361848766,0.0127));
#940=CARTESIAN_POINT('',(-0.0282148102969999,0.0212602549367721,0.0127));
#941=CARTESIAN_POINT('',(-0.0269649941486383,0.0209894966048336,0.0127));
#942=CARTESIAN_POINT('',(-0.0257528458063564,0.0206938020632345,0.0127));
#943=CARTESIAN_POINT('',(-0.024614730156063,0.0204082687275574,0.0127));
#944=CARTESIAN_POINT('',(-0.0235967645604027,0.0201679121200509,0.0127));
#945=CARTESIAN_POINT('',(-0.0230386806988395,0.0200613177383533,0.0127));
#946=CARTESIAN_POINT('',(-0.0228064831026264,0.0200261010056431,0.0127));
#947=CARTESIAN_POINT('',(-0.0228064831026264,0.0200261010056431,0.0127));
#948=CARTESIAN_POINT('',(-0.0228064831026264,0.0200261010056431,0.0127));
#949=CARTESIAN_POINT('',(-0.0228064831026257,0.0200261010056455,0.0127));
#950=CARTESIAN_POINT('',(-0.0228064831026257,0.0200261010056455,3.46944695195361E-18));
#951=CARTESIAN_POINT('',(-0.0227269001194378,0.02026967825218,0.0127));
#952=CARTESIAN_POINT('',(-0.0227269001194378,0.02026967825218,3.46944695195361E-18));
#953=CARTESIAN_POINT('',(-0.0224914106677141,0.0208875461661006,0.0127));
#954=CARTESIAN_POINT('',(-0.0224914106677141,0.0208875461661006,8.67361737988404E-18));
#955=CARTESIAN_POINT('',(-0.02187493629704,0.0217819536789164,0.0127));
#956=CARTESIAN_POINT('',(-0.02187493629704,0.0217819536789164,1.73472347597681E-18));
#957=CARTESIAN_POINT('',(-0.0211668013929635,0.0224997183680801,0.0127));
#958=CARTESIAN_POINT('',(-0.0211668013929635,0.0224997183680801,3.46944695195361E-18));
#959=CARTESIAN_POINT('',(-0.0200880283610788,0.0233355909029016,0.0127));
#960=CARTESIAN_POINT('',(-0.0200880283610788,0.0233355909029016,3.46944695195361E-18));
#961=CARTESIAN_POINT('',(-0.0185471516582511,0.0241348680466386,0.0127));
#962=CARTESIAN_POINT('',(-0.0185471516582511,0.0241348680466386,-1.73472347597681E-18));
#963=CARTESIAN_POINT('',(-0.0167791824618581,0.0245467984288002,0.0127));
#964=CARTESIAN_POINT('',(-0.0167791824618581,0.0245467984288002,5.20417042793042E-18));
#965=CARTESIAN_POINT('',(-0.0152650090830088,0.0244540150731969,0.0127));
#966=CARTESIAN_POINT('',(-0.0152650090830088,0.0244540150731969,5.20417042793042E-18));
#967=CARTESIAN_POINT('',(-0.014196039715457,0.0241535234566548,0.0127));
#968=CARTESIAN_POINT('',(-0.014196039715457,0.0241535234566548,3.46944695195361E-18));
#969=CARTESIAN_POINT('',(-0.0131979038370849,0.0236084010151112,0.0127));
#970=CARTESIAN_POINT('',(-0.0131979038370849,0.0236084010151112,5.20417042793042E-18));
#971=CARTESIAN_POINT('',(-0.012335913344935,0.0227696678207619,0.0127));
#972=CARTESIAN_POINT('',(-0.012335913344935,0.0227696678207619,3.46944695195361E-18));
#973=CARTESIAN_POINT('',(-0.0117357328633245,0.0216326394589762,0.0127));
#974=CARTESIAN_POINT('',(-0.0117357328633245,0.0216326394589762,6.93889390390723E-18));
#975=CARTESIAN_POINT('',(-0.0115902698795163,0.0202540007261061,0.0127));
#976=CARTESIAN_POINT('',(-0.0115902698795163,0.0202540007261061,3.46944695195361E-18));
#977=CARTESIAN_POINT('',(-0.0118360310170727,0.0191383145868745,0.0127));
#978=CARTESIAN_POINT('',(-0.0118360310170727,0.0191383145868745,6.93889390390723E-18));
#979=CARTESIAN_POINT('',(-0.0120687301281569,0.0185274801303359,0.0127));
#980=CARTESIAN_POINT('',(-0.0120687301281569,0.0185274801303359,3.46944695195361E-18));
#981=CARTESIAN_POINT('',(-0.0121909864494784,0.0182435618168043,0.0127));
#982=CARTESIAN_POINT('',(-0.0121909864494784,0.0182435618168043,3.46944695195361E-18));
#983=CARTESIAN_POINT('',(-0.0228064831026257,0.0200261010056455,0.));
#984=CARTESIAN_POINT('',(-0.0227666916110317,0.0201478896289128,0.));
#985=CARTESIAN_POINT('',(-0.0226952966668467,0.020349886262712,0.));
#986=CARTESIAN_POINT('',(-0.0225670070628585,0.020646685982168,0.));
#987=CARTESIAN_POINT('',(-0.0224505693134044,0.0208820254146788,0.));
#988=CARTESIAN_POINT('',(-0.02231593949672,0.0211180949976559,0.));
#989=CARTESIAN_POINT('',(-0.0221254459846239,0.0214132761919198,0.));
#990=CARTESIAN_POINT('',(-0.021864513092191,0.0217582227111895,0.));
#991=CARTESIAN_POINT('',(-0.0215222723169621,0.0221379015170231,0.));
#992=CARTESIAN_POINT('',(-0.0210311118353812,0.0226058660639835,0.));
#993=CARTESIAN_POINT('',(-0.0203582906166183,0.0231263226401155,0.));
#994=CARTESIAN_POINT('',(-0.0194705270035052,0.0236544458960414,0.));
#995=CARTESIAN_POINT('',(-0.0185124857106936,0.0240778637298285,0.));
#996=CARTESIAN_POINT('',(-0.0176603552109061,0.024328386747126,0.));
#997=CARTESIAN_POINT('',(-0.0169466377340385,0.0244507984223015,0.));
#998=CARTESIAN_POINT('',(-0.0163948000720525,0.0244974672075914,0.));
#999=CARTESIAN_POINT('',(-0.0158280976697589,0.0244897844560629,0.));
#1000=CARTESIAN_POINT('',(-0.0150895809419664,0.024403359627554,0.));
#1001=CARTESIAN_POINT('',(-0.0141950710850983,0.0241538069200522,0.));
#1002=CARTESIAN_POINT('',(-0.0131983045281866,0.0236080120656635,0.));
#1003=CARTESIAN_POINT('',(-0.0124791167637693,0.0229104521402397,0.));
#1004=CARTESIAN_POINT('',(-0.0120365739596528,0.0221994396130034,0.));
#1005=CARTESIAN_POINT('',(-0.0117938556578202,0.021599673339798,0.));
#1006=CARTESIAN_POINT('',(-0.0116571180868155,0.0209560934105771,0.));
#1007=CARTESIAN_POINT('',(-0.0116394832803525,0.020284280755263,0.));
#1008=CARTESIAN_POINT('',(-0.0117177921902368,0.0196937405186456,0.));
#1009=CARTESIAN_POINT('',(-0.0118914207496783,0.0189870562554466,0.));
#1010=CARTESIAN_POINT('',(-0.0120687301281569,0.0185274801303358,0.));
#1011=CARTESIAN_POINT('',(-0.0121909864494784,0.0182435618168043,0.));
#1012=CARTESIAN_POINT('',(-0.0121909864494784,0.0182435618168043,0.));
#1013=CARTESIAN_POINT('',(-0.0228064831026257,0.0200261010056455,0.0127));
#1014=CARTESIAN_POINT('',(-0.0227666916110317,0.0201478896289128,0.0127));
#1015=CARTESIAN_POINT('',(-0.0226952966668467,0.020349886262712,0.0127));
#1016=CARTESIAN_POINT('',(-0.0225670070628585,0.020646685982168,0.0127));
#1017=CARTESIAN_POINT('',(-0.0224505693134044,0.0208820254146788,0.0127));
#1018=CARTESIAN_POINT('',(-0.02231593949672,0.0211180949976559,0.0127));
#1019=CARTESIAN_POINT('',(-0.0221254459846239,0.0214132761919198,0.0127));
#1020=CARTESIAN_POINT('',(-0.021864513092191,0.0217582227111895,0.0127));
#1021=CARTESIAN_POINT('',(-0.0215222723169621,0.0221379015170231,0.0127));
#1022=CARTESIAN_POINT('',(-0.0210311118353812,0.0226058660639835,0.0127));
#1023=CARTESIAN_POINT('',(-0.0203582906166183,0.0231263226401155,0.0127));
#1024=CARTESIAN_POINT('',(-0.0194705270035052,0.0236544458960414,0.0127));
#1025=CARTESIAN_POINT('',(-0.0185124857106936,0.0240778637298285,0.0127));
#1026=CARTESIAN_POINT('',(-0.0176603552109061,0.024328386747126,0.0127));
#1027=CARTESIAN_POINT('',(-0.0169466377340385,0.0244507984223015,0.0127));
#1028=CARTESIAN_POINT('',(-0.0163948000720525,0.0244974672075914,0.0127));
#1029=CARTESIAN_POINT('',(-0.0158280976697589,0.0244897844560629,0.0127));
#1030=CARTESIAN_POINT('',(-0.0150895809419664,0.024403359627554,0.0127));
#1031=CARTESIAN_POINT('',(-0.0141950710850983,0.0241538069200522,0.0127));
#1032=CARTESIAN_POINT('',(-0.0131983045281866,0.0236080120656635,0.0127));
#1033=CARTESIAN_POINT('',(-0.0124791167637693,0.0229104521402397,0.0127));
#1034=CARTESIAN_POINT('',(-0.0120365739596528,0.0221994396130034,0.0127));
#1035=CARTESIAN_POINT('',(-0.0117938556578202,0.021599673339798,0.0127));
#1036=CARTESIAN_POINT('',(-0.0116571180868155,0.0209560934105771,0.0127));
#1037=CARTESIAN_POINT('',(-0.0116394832803525,0.020284280755263,0.0127));
#1038=CARTESIAN_POINT('',(-0.0117177921902368,0.0196937405186456,0.0127));
#1039=CARTESIAN_POINT('',(-0.0118914207496783,0.0189870562554466,0.0127));
#1040=CARTESIAN_POINT('',(-0.0120687301281569,0.0185274801303358,0.0127));
#1041=CARTESIAN_POINT('',(-0.0121909864494784,0.0182435618168043,0.0127));
#1042=CARTESIAN_POINT('',(-0.0121909864494784,0.0182435618168043,0.0127));
#1043=CARTESIAN_POINT('',(-0.0121909864494784,0.0182435618168043,0.0127));
#1044=CARTESIAN_POINT('',(-0.0121909864494784,0.0182435618168043,0.0127));
#1045=CARTESIAN_POINT('',(-0.0121909864494784,0.0182435618168043,0.));
#1046=CARTESIAN_POINT('',(-0.0116133063466162,0.0180801736286378,0.0127));
#1047=CARTESIAN_POINT('',(-0.0116133063466162,0.0180801736286378,0.));
#1048=CARTESIAN_POINT('',(-0.0103987126306172,0.0177302661443694,0.0127));
#1049=CARTESIAN_POINT('',(-0.0103987126306172,0.0177302661443694,1.73472347597681E-18));
#1050=CARTESIAN_POINT('',(-0.00935217640361652,0.017529421983355,0.0127));
#1051=CARTESIAN_POINT('',(-0.00935217640361652,0.017529421983355,0.));
#1052=CARTESIAN_POINT('',(-0.00902132251515662,0.0175005350514683,0.0127));
#1053=CARTESIAN_POINT('',(-0.00902132251515662,0.0175005350514683,0.));
#1054=CARTESIAN_POINT('',(-0.0121909864494784,0.0182435618168043,0.));
#1055=CARTESIAN_POINT('',(-0.0116133063466162,0.0180801736286378,0.));
#1056=CARTESIAN_POINT('',(-0.0106989664774059,0.0178191196045512,0.));
#1057=CARTESIAN_POINT('',(-0.00961946809738501,0.0175773387084174,0.));
#1058=CARTESIAN_POINT('',(-0.00918674945938661,0.0175149785174117,0.));
#1059=CARTESIAN_POINT('',(-0.00902132251515662,0.0175005350514683,0.));
#1060=CARTESIAN_POINT('',(-0.00902132251515662,0.0175005350514683,0.));
#1061=CARTESIAN_POINT('',(-0.0121909864494784,0.0182435618168043,0.0127));
#1062=CARTESIAN_POINT('',(-0.0116133063466162,0.0180801736286378,0.0127));
#1063=CARTESIAN_POINT('',(-0.0106989664774059,0.0178191196045512,0.0127));
#1064=CARTESIAN_POINT('',(-0.00961946809738501,0.0175773387084174,0.0127));
#1065=CARTESIAN_POINT('',(-0.00918674945938661,0.0175149785174117,0.0127));
#1066=CARTESIAN_POINT('',(-0.00902132251515662,0.0175005350514683,0.0127));
#1067=CARTESIAN_POINT('',(-0.00902132251515662,0.0175005350514683,0.0127));
#1068=CARTESIAN_POINT('',(-0.00902132251515662,0.0175005350514683,0.0127));
#1069=CARTESIAN_POINT('',(-0.00902132251515659,0.0175005350514683,0.0127));
#1070=CARTESIAN_POINT('',(-0.00902132251515659,0.0175005350514683,3.46944695195361E-18));
#1071=CARTESIAN_POINT('',(-0.00887728223494832,0.0177966267797722,0.0127));
#1072=CARTESIAN_POINT('',(-0.00887728223494832,0.0177966267797722,3.46944695195361E-18));
#1073=CARTESIAN_POINT('',(-0.0083761933682932,0.0188408860865365,0.0127));
#1074=CARTESIAN_POINT('',(-0.0083761933682932,0.0188408860865365,6.93889390390723E-18));
#1075=CARTESIAN_POINT('',(-0.0072242401128354,0.0203846156871426,0.0127));
#1076=CARTESIAN_POINT('',(-0.0072242401128354,0.0203846156871426,1.73472347597681E-18));
#1077=CARTESIAN_POINT('',(-0.00588675861934205,0.0215815645251524,0.0127));
#1078=CARTESIAN_POINT('',(-0.00588675861934205,0.0215815645251524,5.20417042793042E-18));
#1079=CARTESIAN_POINT('',(-0.00451883954189416,0.0222948562628131,0.0127));
#1080=CARTESIAN_POINT('',(-0.00451883954189416,0.0222948562628131,1.73472347597681E-18));
#1081=CARTESIAN_POINT('',(-0.00329302680942252,0.0226228669645102,0.0127));
#1082=CARTESIAN_POINT('',(-0.00329302680942252,0.0226228669645102,0.));
#1083=CARTESIAN_POINT('',(-0.00205143759729949,0.0226380236497246,0.0127));
#1084=CARTESIAN_POINT('',(-0.00205143759729949,0.0226380236497246,6.93889390390723E-18));
#1085=CARTESIAN_POINT('',(-0.000864705108713556,0.022388323436331,0.0127));
#1086=CARTESIAN_POINT('',(-0.000864705108713556,0.022388323436331,0.));
#1087=CARTESIAN_POINT('',(0.000256981755315425,0.0218631324500346,0.0127));
#1088=CARTESIAN_POINT('',(0.000256981755315425,0.0218631324500346,3.46944695195361E-18));
#1089=CARTESIAN_POINT('',(0.00126396082474508,0.0209954007548497,0.0127));
#1090=CARTESIAN_POINT('',(0.00126396082474508,0.0209954007548497,1.73472347597681E-18));
#1091=CARTESIAN_POINT('',(0.00186471778401491,0.0199213530839225,0.0127));
#1092=CARTESIAN_POINT('',(0.00186471778401491,0.0199213530839225,1.04083408558608E-17));
#1093=CARTESIAN_POINT('',(0.00205442513527781,0.0188914589679687,0.0127));
#1094=CARTESIAN_POINT('',(0.00205442513527781,0.0188914589679687,-3.46944695195361E-18));
#1095=CARTESIAN_POINT('',(0.00202594790714522,0.017918594511601,0.0127));
#1096=CARTESIAN_POINT('',(0.00202594790714522,0.017918594511601,8.67361737988404E-18));
#1097=CARTESIAN_POINT('',(0.00176571939704959,0.0169315393756168,0.0127));
#1098=CARTESIAN_POINT('',(0.00176571939704959,0.0169315393756168,3.46944695195361E-18));
#1099=CARTESIAN_POINT('',(0.00148231612404576,0.0162589751737409,0.0127));
#1100=CARTESIAN_POINT('',(0.00148231612404576,0.0162589751737409,3.46944695195361E-18));
#1101=CARTESIAN_POINT('',(0.00133792908979089,0.015947661649876,0.0127));
#1102=CARTESIAN_POINT('',(0.00133792908979089,0.015947661649876,3.46944695195361E-18));
#1103=CARTESIAN_POINT('',(-0.00902132251515659,0.0175005350514683,0.));
#1104=CARTESIAN_POINT('',(-0.00898531244510451,0.0175745579835443,0.));
#1105=CARTESIAN_POINT('',(-0.00890222557310318,0.0177492109814761,0.));
#1106=CARTESIAN_POINT('',(-0.00874236300943252,0.0180774990107706,0.));
#1107=CARTESIAN_POINT('',(-0.00853910953568695,0.0184572448052306,0.));
#1108=CARTESIAN_POINT('',(-0.00831376612760601,0.0188361505861296,0.));
#1109=CARTESIAN_POINT('',(-0.00806266620817355,0.0192208100099288,0.));
#1110=CARTESIAN_POINT('',(-0.00769403517569463,0.0197346886993646,0.));
#1111=CARTESIAN_POINT('',(-0.00716771415013712,0.0203727327455425,0.));
#1112=CARTESIAN_POINT('',(-0.00642226015892313,0.0211022922555626,0.));
#1113=CARTESIAN_POINT('',(-0.00569178812328028,0.0216505669690185,0.));
#1114=CARTESIAN_POINT('',(-0.00503018242558815,0.02202711655017,0.));
#1115=CARTESIAN_POINT('',(-0.00449232416639001,0.0222689741938579,0.));
#1116=CARTESIAN_POINT('',(-0.00391368473583026,0.0224591661497287,0.));
#1117=CARTESIAN_POINT('',(-0.00328966907563572,0.0225838806287321,0.));
#1118=CARTESIAN_POINT('',(-0.00267002333851195,0.0226296591059212,0.));
#1119=CARTESIAN_POINT('',(-0.00185492048851656,0.0225968618135126,0.));
#1120=CARTESIAN_POINT('',(-0.000864304679123319,0.0223881606481295,0.));
#1121=CARTESIAN_POINT('',(0.000256986090050088,0.021863205205976,0.));
#1122=CARTESIAN_POINT('',(0.00109578356185575,0.021139927967067,0.));
#1123=CARTESIAN_POINT('',(0.00162503948573225,0.0203511281276691,0.));
#1124=CARTESIAN_POINT('',(0.00186414653549392,0.0197757156892732,0.));
#1125=CARTESIAN_POINT('',(0.00198323765041824,0.0192824608037732,0.));
#1126=CARTESIAN_POINT('',(0.00203396727131896,0.0188965532074365,0.));
#1127=CARTESIAN_POINT('',(0.00204380564142606,0.0185228524189834,0.));
#1128=CARTESIAN_POINT('',(0.00201474341385014,0.0180573019516968,0.));
#1129=CARTESIAN_POINT('',(0.00191965730596409,0.0175262051596819,0.));
#1130=CARTESIAN_POINT('',(0.00175212212073833,0.0169528630992912,0.));
#1131=CARTESIAN_POINT('',(0.00155333989598888,0.0164271985572202,0.));
#1132=CARTESIAN_POINT('',(0.00141012260691833,0.0161033184118085,0.));
#1133=CARTESIAN_POINT('',(0.00133792908979089,0.015947661649876,0.));
#1134=CARTESIAN_POINT('',(0.00133792908979089,0.015947661649876,0.));
#1135=CARTESIAN_POINT('',(-0.00902132251515659,0.0175005350514683,0.0127));
#1136=CARTESIAN_POINT('',(-0.00898531244510451,0.0175745579835443,0.0127));
#1137=CARTESIAN_POINT('',(-0.00890222557310318,0.0177492109814761,0.0127));
#1138=CARTESIAN_POINT('',(-0.00874236300943252,0.0180774990107706,0.0127));
#1139=CARTESIAN_POINT('',(-0.00853910953568695,0.0184572448052306,0.0127));
#1140=CARTESIAN_POINT('',(-0.00831376612760601,0.0188361505861296,0.0127));
#1141=CARTESIAN_POINT('',(-0.00806266620817355,0.0192208100099288,0.0127));
#1142=CARTESIAN_POINT('',(-0.00769403517569463,0.0197346886993646,0.0127));
#1143=CARTESIAN_POINT('',(-0.00716771415013712,0.0203727327455425,0.0127));
#1144=CARTESIAN_POINT('',(-0.00642226015892313,0.0211022922555626,0.0127));
#1145=CARTESIAN_POINT('',(-0.00569178812328028,0.0216505669690185,0.0127));
#1146=CARTESIAN_POINT('',(-0.00503018242558815,0.02202711655017,0.0127));
#1147=CARTESIAN_POINT('',(-0.00449232416639001,0.0222689741938579,0.0127));
#1148=CARTESIAN_POINT('',(-0.00391368473583026,0.0224591661497287,0.0127));
#1149=CARTESIAN_POINT('',(-0.00328966907563572,0.0225838806287321,0.0127));
#1150=CARTESIAN_POINT('',(-0.00267002333851195,0.0226296591059212,0.0127));
#1151=CARTESIAN_POINT('',(-0.00185492048851656,0.0225968618135126,0.0127));
#1152=CARTESIAN_POINT('',(-0.000864304679123319,0.0223881606481295,0.0127));
#1153=CARTESIAN_POINT('',(0.000256986090050088,0.021863205205976,0.0127));
#1154=CARTESIAN_POINT('',(0.00109578356185575,0.021139927967067,0.0127));
#1155=CARTESIAN_POINT('',(0.00162503948573225,0.0203511281276691,0.0127));
#1156=CARTESIAN_POINT('',(0.00186414653549392,0.0197757156892732,0.0127));
#1157=CARTESIAN_POINT('',(0.00198323765041824,0.0192824608037732,0.0127));
#1158=CARTESIAN_POINT('',(0.00203396727131896,0.0188965532074365,0.0127));
#1159=CARTESIAN_POINT('',(0.00204380564142606,0.0185228524189834,0.0127));
#1160=CARTESIAN_POINT('',(0.00201474341385014,0.0180573019516968,0.0127));
#1161=CARTESIAN_POINT('',(0.00191965730596409,0.0175262051596819,0.0127));
#1162=CARTESIAN_POINT('',(0.00175212212073833,0.0169528630992912,0.0127));
#1163=CARTESIAN_POINT('',(0.00155333989598888,0.0164271985572202,0.0127));
#1164=CARTESIAN_POINT('',(0.00141012260691833,0.0161033184118085,0.0127));
#1165=CARTESIAN_POINT('',(0.00133792908979089,0.015947661649876,0.0127));
#1166=CARTESIAN_POINT('',(0.00133792908979089,0.015947661649876,0.0127));
#1167=CARTESIAN_POINT('',(0.00133792908979089,0.015947661649876,0.0127));
#1168=CARTESIAN_POINT('',(0.00133792908979094,0.015947661649876,0.0127));
#1169=CARTESIAN_POINT('',(0.00133792908979094,0.015947661649876,3.46944695195361E-18));
#1170=CARTESIAN_POINT('',(0.00189427131481452,0.0157919605044682,0.0127));
#1171=CARTESIAN_POINT('',(0.00189427131481452,0.0157919605044682,3.46944695195361E-18));
#1172=CARTESIAN_POINT('',(0.00284983602081189,0.0154660915909391,0.0127));
#1173=CARTESIAN_POINT('',(0.00284983602081189,0.0154660915909391,0.));
#1174=CARTESIAN_POINT('',(0.00391347834848465,0.0152888018978939,0.0127));
#1175=CARTESIAN_POINT('',(0.00391347834848465,0.0152888018978939,1.21430643318376E-17));
#1176=CARTESIAN_POINT('',(0.00486275629186015,0.015361718383268,0.0127));
#1177=CARTESIAN_POINT('',(0.00486275629186015,0.015361718383268,0.));
#1178=CARTESIAN_POINT('',(0.00568688066153455,0.0155676255664543,0.0127));
#1179=CARTESIAN_POINT('',(0.00568688066153455,0.0155676255664543,6.93889390390723E-18));
#1180=CARTESIAN_POINT('',(0.00673581045660896,0.0160282594414141,0.0127));
#1181=CARTESIAN_POINT('',(0.00673581045660896,0.0160282594414141,5.20417042793042E-18));
#1182=CARTESIAN_POINT('',(0.00842004200958519,0.0170069066239268,0.0127));
#1183=CARTESIAN_POINT('',(0.00842004200958519,0.0170069066239268,3.46944695195361E-18));
#1184=CARTESIAN_POINT('',(0.0108543658157615,0.0187922044632004,0.0127));
#1185=CARTESIAN_POINT('',(0.0108543658157615,0.0187922044632004,6.93889390390723E-18));
#1186=CARTESIAN_POINT('',(0.0140198078790865,0.0215067695986132,0.0127));
#1187=CARTESIAN_POINT('',(0.0140198078790865,0.0215067695986132,5.20417042793042E-18));
#1188=CARTESIAN_POINT('',(0.0172176946579014,0.0244715539381327,0.0127));
#1189=CARTESIAN_POINT('',(0.0172176946579014,0.0244715539381327,-3.46944695195361E-18));
#1190=CARTESIAN_POINT('',(0.0202608886284902,0.0273786263503488,0.0127));
#1191=CARTESIAN_POINT('',(0.0202608886284902,0.0273786263503488,1.04083408558608E-17));
#1192=CARTESIAN_POINT('',(0.0229882755711908,0.0299345817226242,0.0127));
#1193=CARTESIAN_POINT('',(0.0229882755711908,0.0299345817226242,8.67361737988404E-18));
#1194=CARTESIAN_POINT('',(0.0248636423621775,0.0315380209400558,0.0127));
#1195=CARTESIAN_POINT('',(0.0248636423621775,0.0315380209400558,-1.73472347597681E-18));
#1196=CARTESIAN_POINT('',(0.0262008477980932,0.0324385128765167,0.0127));
#1197=CARTESIAN_POINT('',(0.0262008477980932,0.0324385128765167,3.46944695195361E-18));
#1198=CARTESIAN_POINT('',(0.0272122769295671,0.0329048905436334,0.0127));
#1199=CARTESIAN_POINT('',(0.0272122769295671,0.0329048905436334,1.73472347597681E-18));
#1200=CARTESIAN_POINT('',(0.0282915766802353,0.0331039203103222,0.0127));
#1201=CARTESIAN_POINT('',(0.0282915766802353,0.0331039203103222,3.46944695195361E-18));
#1202=CARTESIAN_POINT('',(0.0291867347728077,0.0330370440533133,0.0127));
#1203=CARTESIAN_POINT('',(0.0291867347728077,0.0330370440533133,8.67361737988404E-18));
#1204=CARTESIAN_POINT('',(0.0296812403870308,0.0329457209221239,0.0127));
#1205=CARTESIAN_POINT('',(0.0296812403870308,0.0329457209221239,1.73472347597681E-18));
#1206=CARTESIAN_POINT('',(0.0299897698937963,0.032898461733052,0.0127));
#1207=CARTESIAN_POINT('',(0.0299897698937963,0.032898461733052,0.));
#1208=CARTESIAN_POINT('',(0.0303994259115476,0.032843417129144,0.0127));
#1209=CARTESIAN_POINT('',(0.0303994259115476,0.032843417129144,3.46944695195361E-18));
#1210=CARTESIAN_POINT('',(0.0310385208534825,0.0327559736123533,0.0127));
#1211=CARTESIAN_POINT('',(0.0310385208534825,0.0327559736123533,3.46944695195361E-18));
#1212=CARTESIAN_POINT('',(0.0319495949906369,0.0325680572809453,0.0127));
#1213=CARTESIAN_POINT('',(0.0319495949906369,0.0325680572809453,1.73472347597681E-18));
#1214=CARTESIAN_POINT('',(0.0329681783607435,0.0322048595942033,0.0127));
#1215=CARTESIAN_POINT('',(0.0329681783607435,0.0322048595942033,0.));
#1216=CARTESIAN_POINT('',(0.0340401046315234,0.0315425382251663,0.0127));
#1217=CARTESIAN_POINT('',(0.0340401046315234,0.0315425382251663,1.73472347597681E-18));
#1218=CARTESIAN_POINT('',(0.0349685806411571,0.0303749155748995,0.0127));
#1219=CARTESIAN_POINT('',(0.0349685806411571,0.0303749155748995,1.04083408558608E-17));
#1220=CARTESIAN_POINT('',(0.035255498116842,0.0295610044679664,0.0127));
#1221=CARTESIAN_POINT('',(0.035255498116842,0.0295610044679664,3.46944695195361E-18));
#1222=CARTESIAN_POINT('',(0.0353620060931907,0.0291647749567302,0.0127));
#1223=CARTESIAN_POINT('',(0.0353620060931907,0.0291647749567302,3.46944695195361E-18));
#1224=CARTESIAN_POINT('',(0.00133792908979094,0.015947661649876,0.));
#1225=CARTESIAN_POINT('',(0.0016161002023028,0.0158698110771721,0.));
#1226=CARTESIAN_POINT('',(0.0021301908096604,0.0157077972189247,0.));
#1227=CARTESIAN_POINT('',(0.00283001043006553,0.0155009621480596,0.));
#1228=CARTESIAN_POINT('',(0.00349180732916075,0.0153609594731106,0.));
#1229=CARTESIAN_POINT('',(0.00415034458954761,0.0153069791804361,0.));
#1230=CARTESIAN_POINT('',(0.00474237689762422,0.0153517332304683,0.));
#1231=CARTESIAN_POINT('',(0.00527800449801892,0.0154662494084517,0.));
#1232=CARTESIAN_POINT('',(0.00571533406957475,0.0155996547552296,0.));
#1233=CARTESIAN_POINT('',(0.00620674861828961,0.0157956116611295,0.));
#1234=CARTESIAN_POINT('',(0.00694899642574328,0.0161519232233987,0.));
#1235=CARTESIAN_POINT('',(0.00799805560013832,0.0167619030847863,0.));
#1236=CARTESIAN_POINT('',(0.00939411148261169,0.0177207249239784,0.));
#1237=CARTESIAN_POINT('',(0.0113817367006039,0.0192448037745365,0.));
#1238=CARTESIAN_POINT('',(0.0140199332577184,0.0215067276780008,0.));
#1239=CARTESIAN_POINT('',(0.0172174615699569,0.0244715070899416,0.));
#1240=CARTESIAN_POINT('',(0.0197543232630237,0.0268942975680956,0.));
#1241=CARTESIAN_POINT('',(0.0216234881840922,0.0286562834905153,0.));
#1242=CARTESIAN_POINT('',(0.0229273253957162,0.02985501996344,0.));
#1243=CARTESIAN_POINT('',(0.0241199168666735,0.0308992986801145,0.));
#1244=CARTESIAN_POINT('',(0.0250176735157638,0.0316189034878562,0.));
#1245=CARTESIAN_POINT('',(0.0256972634625421,0.0320999808989785,0.));
#1246=CARTESIAN_POINT('',(0.0262027244070817,0.0324130046679629,0.));
#1247=CARTESIAN_POINT('',(0.0267054507522301,0.032670086403043,0.));
#1248=CARTESIAN_POINT('',(0.0272216052754618,0.0328712756196601,0.));
#1249=CARTESIAN_POINT('',(0.0277496603425214,0.0330068064796897,0.));
#1250=CARTESIAN_POINT('',(0.0282682319778739,0.0330701428053898,0.));
#1251=CARTESIAN_POINT('',(0.0287427301693036,0.0330702381369869,0.));
#1252=CARTESIAN_POINT('',(0.029148545625683,0.0330319650033997,0.));
#1253=CARTESIAN_POINT('',(0.0294817446093069,0.0329814546688758,0.));
#1254=CARTESIAN_POINT('',(0.0297588288501765,0.0329341204102099,0.));
#1255=CARTESIAN_POINT('',(0.0299896390800128,0.0328984000973603,0.));
#1256=CARTESIAN_POINT('',(0.03029707907579,0.0328572105375338,0.));
#1257=CARTESIAN_POINT('',(0.0306549260273848,0.0328083723284681,0.));
#1258=CARTESIAN_POINT('',(0.0310565294665015,0.0327457158219069,0.));
#1259=CARTESIAN_POINT('',(0.03149424143434,0.0326616219467641,0.));
#1260=CARTESIAN_POINT('',(0.0321191403072199,0.0325075315272683,0.));
#1261=CARTESIAN_POINT('',(0.0327992104656509,0.0322669161827403,0.));
#1262=CARTESIAN_POINT('',(0.0335028031408746,0.0318710307398493,0.));
#1263=CARTESIAN_POINT('',(0.0340228196372927,0.0314760816436509,0.));
#1264=CARTESIAN_POINT('',(0.0344230498045065,0.0310581559033705,0.));
#1265=CARTESIAN_POINT('',(0.0347083401584362,0.0306674758004382,0.));
#1266=CARTESIAN_POINT('',(0.0349511796736233,0.030265682446185,0.));
#1267=CARTESIAN_POINT('',(0.0351811422723055,0.0297621025802934,0.));
#1268=CARTESIAN_POINT('',(0.0353087521050164,0.0293628897123481,0.));
#1269=CARTESIAN_POINT('',(0.0353620060931907,0.0291647749567302,0.));
#1270=CARTESIAN_POINT('',(0.0353620060931907,0.0291647749567302,0.));
#1271=CARTESIAN_POINT('',(0.00133792908979094,0.015947661649876,0.0127));
#1272=CARTESIAN_POINT('',(0.0016161002023028,0.0158698110771721,0.0127));
#1273=CARTESIAN_POINT('',(0.0021301908096604,0.0157077972189247,0.0127));
#1274=CARTESIAN_POINT('',(0.00283001043006553,0.0155009621480596,0.0127));
#1275=CARTESIAN_POINT('',(0.00349180732916075,0.0153609594731106,0.0127));
#1276=CARTESIAN_POINT('',(0.00415034458954761,0.0153069791804361,0.0127));
#1277=CARTESIAN_POINT('',(0.00474237689762422,0.0153517332304683,0.0127));
#1278=CARTESIAN_POINT('',(0.00527800449801892,0.0154662494084517,0.0127));
#1279=CARTESIAN_POINT('',(0.00571533406957475,0.0155996547552296,0.0127));
#1280=CARTESIAN_POINT('',(0.00620674861828961,0.0157956116611295,0.0127));
#1281=CARTESIAN_POINT('',(0.00694899642574328,0.0161519232233987,0.0127));
#1282=CARTESIAN_POINT('',(0.00799805560013832,0.0167619030847863,0.0127));
#1283=CARTESIAN_POINT('',(0.00939411148261169,0.0177207249239784,0.0127));
#1284=CARTESIAN_POINT('',(0.0113817367006039,0.0192448037745365,0.0127));
#1285=CARTESIAN_POINT('',(0.0140199332577184,0.0215067276780008,0.0127));
#1286=CARTESIAN_POINT('',(0.0172174615699569,0.0244715070899416,0.0127));
#1287=CARTESIAN_POINT('',(0.0197543232630237,0.0268942975680956,0.0127));
#1288=CARTESIAN_POINT('',(0.0216234881840922,0.0286562834905153,0.0127));
#1289=CARTESIAN_POINT('',(0.0229273253957162,0.02985501996344,0.0127));
#1290=CARTESIAN_POINT('',(0.0241199168666735,0.0308992986801145,0.0127));
#1291=CARTESIAN_POINT('',(0.0250176735157638,0.0316189034878562,0.0127));
#1292=CARTESIAN_POINT('',(0.0256972634625421,0.0320999808989785,0.0127));
#1293=CARTESIAN_POINT('',(0.0262027244070817,0.0324130046679629,0.0127));
#1294=CARTESIAN_POINT('',(0.0267054507522301,0.032670086403043,0.0127));
#1295=CARTESIAN_POINT('',(0.0272216052754618,0.0328712756196601,0.0127));
#1296=CARTESIAN_POINT('',(0.0277496603425214,0.0330068064796897,0.0127));
#1297=CARTESIAN_POINT('',(0.0282682319778739,0.0330701428053898,0.0127));
#1298=CARTESIAN_POINT('',(0.0287427301693036,0.0330702381369869,0.0127));
#1299=CARTESIAN_POINT('',(0.029148545625683,0.0330319650033997,0.0127));
#1300=CARTESIAN_POINT('',(0.0294817446093069,0.0329814546688758,0.0127));
#1301=CARTESIAN_POINT('',(0.0297588288501765,0.0329341204102099,0.0127));
#1302=CARTESIAN_POINT('',(0.0299896390800128,0.0328984000973603,0.0127));
#1303=CARTESIAN_POINT('',(0.03029707907579,0.0328572105375338,0.0127));
#1304=CARTESIAN_POINT('',(0.0306549260273848,0.0328083723284681,0.0127));
#1305=CARTESIAN_POINT('',(0.0310565294665015,0.0327457158219069,0.0127));
#1306=CARTESIAN_POINT('',(0.03149424143434,0.0326616219467641,0.0127));
#1307=CARTESIAN_POINT('',(0.0321191403072199,0.0325075315272683,0.0127));
#1308=CARTESIAN_POINT('',(0.0327992104656509,0.0322669161827403,0.0127));
#1309=CARTESIAN_POINT('',(0.0335028031408746,0.0318710307398493,0.0127));
#1310=CARTESIAN_POINT('',(0.0340228196372927,0.0314760816436509,0.0127));
#1311=CARTESIAN_POINT('',(0.0344230498045065,0.0310581559033705,0.0127));
#1312=CARTESIAN_POINT('',(0.0347083401584362,0.0306674758004382,0.0127));
#1313=CARTESIAN_POINT('',(0.0349511796736233,0.030265682446185,0.0127));
#1314=CARTESIAN_POINT('',(0.0351811422723055,0.0297621025802934,0.0127));
#1315=CARTESIAN_POINT('',(0.0353087521050164,0.0293628897123481,0.0127));
#1316=CARTESIAN_POINT('',(0.0353620060931907,0.0291647749567302,0.0127));
#1317=CARTESIAN_POINT('',(0.0353620060931907,0.0291647749567302,0.0127));
#1318=CARTESIAN_POINT('',(0.0353620060931907,0.0291647749567302,0.0127));
#1319=CARTESIAN_POINT('',(0.0353620060931907,0.0291647749567302,0.0127));
#1320=CARTESIAN_POINT('',(0.0353620060931907,0.0291647749567302,-6.93889390390723E-18));
#1321=CARTESIAN_POINT('',(0.0355147614378295,0.0285964966209672,0.0127));
#1322=CARTESIAN_POINT('',(0.0355147614378295,0.0285964966209672,-6.93889390390723E-18));
#1323=CARTESIAN_POINT('',(0.0356548717762858,0.0274815897838936,0.0127));
#1324=CARTESIAN_POINT('',(0.0356548717762858,0.0274815897838936,-5.20417042793042E-18));
#1325=CARTESIAN_POINT('',(0.0356112567932949,0.0261851491559439,0.0127));
#1326=CARTESIAN_POINT('',(0.0356112567932949,0.0261851491559439,-3.46944695195361E-18));
#1327=CARTESIAN_POINT('',(0.0354884243026715,0.0252547254311254,0.0127));
#1328=CARTESIAN_POINT('',(0.0354884243026715,0.0252547254311254,-5.20417042793042E-18));
#1329=CARTESIAN_POINT('',(0.0353530408880719,0.0246137390493924,0.0127));
#1330=CARTESIAN_POINT('',(0.0353530408880719,0.0246137390493924,-8.67361737988404E-18));
#1331=CARTESIAN_POINT('',(0.0351708192730668,0.0240129182468142,0.0127));
#1332=CARTESIAN_POINT('',(0.0351708192730668,0.0240129182468142,-6.93889390390723E-18));
#1333=CARTESIAN_POINT('',(0.0348192914959797,0.0233247560939691,0.0127));
#1334=CARTESIAN_POINT('',(0.0348192914959797,0.0233247560939691,-8.67361737988404E-18));
#1335=CARTESIAN_POINT('',(0.0343000641769965,0.0227764353746684,0.0127));
#1336=CARTESIAN_POINT('',(0.0343000641769965,0.0227764353746684,-1.73472347597681E-18));
#1337=CARTESIAN_POINT('',(0.0339479915538777,0.0225155306801983,0.0127));
#1338=CARTESIAN_POINT('',(0.0339479915538777,0.0225155306801983,-1.73472347597681E-18));
#1339=CARTESIAN_POINT('',(0.0337118614996194,0.0223355784803688,0.0127));
#1340=CARTESIAN_POINT('',(0.0337118614996194,0.0223355784803688,-6.93889390390723E-18));
#1341=CARTESIAN_POINT('',(0.0333524032072533,0.0220406450043789,0.0127));
#1342=CARTESIAN_POINT('',(0.0333524032072533,0.0220406450043789,-6.93889390390723E-18));
#1343=CARTESIAN_POINT('',(0.0325200145688149,0.0211996937832747,0.0127));
#1344=CARTESIAN_POINT('',(0.0325200145688149,0.0211996937832747,-6.93889390390723E-18));
#1345=CARTESIAN_POINT('',(0.0310499804226355,0.0195345145337943,0.0127));
#1346=CARTESIAN_POINT('',(0.0310499804226355,0.0195345145337943,-5.20417042793042E-18));
#1347=CARTESIAN_POINT('',(0.0292881988070705,0.0174429714996516,0.0127));
#1348=CARTESIAN_POINT('',(0.0292881988070705,0.0174429714996516,-3.46944695195361E-18));
#1349=CARTESIAN_POINT('',(0.0266815330362553,0.0142696087941142,0.0127));
#1350=CARTESIAN_POINT('',(0.0266815330362553,0.0142696087941142,-1.21430643318376E-17));
#1351=CARTESIAN_POINT('',(0.0232048657201314,0.00995335847189498,0.0127));
#1352=CARTESIAN_POINT('',(0.0232048657201314,0.00995335847189498,0.));
#1353=CARTESIAN_POINT('',(0.0201092946934729,0.00612016036929913,0.0127));
#1354=CARTESIAN_POINT('',(0.0201092946934729,0.00612016036929913,-1.21430643318376E-17));
#1355=CARTESIAN_POINT('',(0.0182352648702342,0.00388288249580214,0.0127));
#1356=CARTESIAN_POINT('',(0.0182352648702342,0.00388288249580214,-6.93889390390723E-18));
#1357=CARTESIAN_POINT('',(0.0175607229946711,0.0031255586814915,0.0127));
#1358=CARTESIAN_POINT('',(0.0175607229946711,0.0031255586814915,-6.93889390390723E-18));
#1359=CARTESIAN_POINT('',(0.0172629675977396,0.00282246987879006,0.0127));
#1360=CARTESIAN_POINT('',(0.0172629675977396,0.00282246987879006,-6.93889390390723E-18));
#1361=CARTESIAN_POINT('',(0.0353620060931907,0.0291647749567302,0.));
#1362=CARTESIAN_POINT('',(0.0354383837655102,0.0288806357888485,0.));
#1363=CARTESIAN_POINT('',(0.03554814641684,0.028318185176846,0.));
#1364=CARTESIAN_POINT('',(0.0356225026641094,0.0274960884394819,0.));
#1365=CARTESIAN_POINT('',(0.0356285700971635,0.0267036312706581,0.));
#1366=CARTESIAN_POINT('',(0.0355806861267339,0.0259526228112335,0.));
#1367=CARTESIAN_POINT('',(0.03548800716762,0.0252545012216134,0.));
#1368=CARTESIAN_POINT('',(0.0353768111714226,0.0247212137877234,0.));
#1369=CARTESIAN_POINT('',(0.0352598420219281,0.0243122148755295,0.));
#1370=CARTESIAN_POINT('',(0.0351492280646995,0.0240011827229688,0.));
#1371=CARTESIAN_POINT('',(0.0349988551955922,0.0236732223632133,0.));
#1372=CARTESIAN_POINT('',(0.034797649033093,0.0233424461977437,0.));
#1373=CARTESIAN_POINT('',(0.0345585981060175,0.0230453708431704,0.));
#1374=CARTESIAN_POINT('',(0.0343218721265444,0.0228134713754171,0.));
#1375=CARTESIAN_POINT('',(0.0341214531456478,0.0226467719280019,0.));
#1376=CARTESIAN_POINT('',(0.0339099843233216,0.0224848925037089,0.));
#1377=CARTESIAN_POINT('',(0.0337520809384103,0.0223669379136901,0.));
#1378=CARTESIAN_POINT('',(0.0335752149433012,0.0222227470126397,0.));
#1379=CARTESIAN_POINT('',(0.033421687853291,0.0220891901989927,0.));
#1380=CARTESIAN_POINT('',(0.0332384140164104,0.0219178486811998,0.));
#1381=CARTESIAN_POINT('',(0.033008252014412,0.021689388639919,0.));
#1382=CARTESIAN_POINT('',(0.0327430198428185,0.0214145667774019,0.));
#1383=CARTESIAN_POINT('',(0.0323471636580831,0.0209909023291998,0.));
#1384=CARTESIAN_POINT('',(0.0317827269452468,0.0203643574389217,0.));
#1385=CARTESIAN_POINT('',(0.0307576588689175,0.0191875078079615,0.));
#1386=CARTESIAN_POINT('',(0.0292877731195723,0.0174424510789915,0.));
#1387=CARTESIAN_POINT('',(0.0273332466327984,0.0150630265331747,0.));
#1388=CARTESIAN_POINT('',(0.0252911031819434,0.0125433208351782,0.));
#1389=CARTESIAN_POINT('',(0.0232623053593788,0.0100260754263102,0.));
#1390=CARTESIAN_POINT('',(0.0213461852486835,0.00765219095449333,0.));
#1391=CARTESIAN_POINT('',(0.0199248191539633,0.00590931329903553,0.));
#1392=CARTESIAN_POINT('',(0.0189390569356394,0.00472264072575497,0.));
#1393=CARTESIAN_POINT('',(0.0182854867801104,0.0039514524474223,0.));
#1394=CARTESIAN_POINT('',(0.0177242947194067,0.00331081714302305,0.));
#1395=CARTESIAN_POINT('',(0.0174118452962053,0.00297401428014071,0.));
#1396=CARTESIAN_POINT('',(0.0172629675977396,0.00282246987879006,0.));
#1397=CARTESIAN_POINT('',(0.0172629675977396,0.00282246987879006,0.));
#1398=CARTESIAN_POINT('',(0.0353620060931907,0.0291647749567302,0.0127));
#1399=CARTESIAN_POINT('',(0.0354383837655102,0.0288806357888485,0.0127));
#1400=CARTESIAN_POINT('',(0.03554814641684,0.028318185176846,0.0127));
#1401=CARTESIAN_POINT('',(0.0356225026641094,0.0274960884394819,0.0127));
#1402=CARTESIAN_POINT('',(0.0356285700971635,0.0267036312706581,0.0127));
#1403=CARTESIAN_POINT('',(0.0355806861267339,0.0259526228112335,0.0127));
#1404=CARTESIAN_POINT('',(0.03548800716762,0.0252545012216134,0.0127));
#1405=CARTESIAN_POINT('',(0.0353768111714226,0.0247212137877234,0.0127));
#1406=CARTESIAN_POINT('',(0.0352598420219281,0.0243122148755295,0.0127));
#1407=CARTESIAN_POINT('',(0.0351492280646995,0.0240011827229688,0.0127));
#1408=CARTESIAN_POINT('',(0.0349988551955922,0.0236732223632133,0.0127));
#1409=CARTESIAN_POINT('',(0.034797649033093,0.0233424461977437,0.0127));
#1410=CARTESIAN_POINT('',(0.0345585981060175,0.0230453708431704,0.0127));
#1411=CARTESIAN_POINT('',(0.0343218721265444,0.0228134713754171,0.0127));
#1412=CARTESIAN_POINT('',(0.0341214531456478,0.0226467719280019,0.0127));
#1413=CARTESIAN_POINT('',(0.0339099843233216,0.0224848925037089,0.0127));
#1414=CARTESIAN_POINT('',(0.0337520809384103,0.0223669379136901,0.0127));
#1415=CARTESIAN_POINT('',(0.0335752149433012,0.0222227470126397,0.0127));
#1416=CARTESIAN_POINT('',(0.033421687853291,0.0220891901989927,0.0127));
#1417=CARTESIAN_POINT('',(0.0332384140164104,0.0219178486811998,0.0127));
#1418=CARTESIAN_POINT('',(0.033008252014412,0.021689388639919,0.0127));
#1419=CARTESIAN_POINT('',(0.0327430198428185,0.0214145667774019,0.0127));
#1420=CARTESIAN_POINT('',(0.0323471636580831,0.0209909023291998,0.0127));
#1421=CARTESIAN_POINT('',(0.0317827269452468,0.0203643574389217,0.0127));
#1422=CARTESIAN_POINT('',(0.0307576588689175,0.0191875078079615,0.0127));
#1423=CARTESIAN_POINT('',(0.0292877731195723,0.0174424510789915,0.0127));
#1424=CARTESIAN_POINT('',(0.0273332466327984,0.0150630265331747,0.0127));
#1425=CARTESIAN_POINT('',(0.0252911031819434,0.0125433208351782,0.0127));
#1426=CARTESIAN_POINT('',(0.0232623053593788,0.0100260754263102,0.0127));
#1427=CARTESIAN_POINT('',(0.0213461852486835,0.00765219095449333,0.0127));
#1428=CARTESIAN_POINT('',(0.0199248191539633,0.00590931329903553,0.0127));
#1429=CARTESIAN_POINT('',(0.0189390569356394,0.00472264072575497,0.0127));
#1430=CARTESIAN_POINT('',(0.0182854867801104,0.0039514524474223,0.0127));
#1431=CARTESIAN_POINT('',(0.0177242947194067,0.00331081714302305,0.0127));
#1432=CARTESIAN_POINT('',(0.0174118452962053,0.00297401428014071,0.0127));
#1433=CARTESIAN_POINT('',(0.0172629675977396,0.00282246987879006,0.0127));
#1434=CARTESIAN_POINT('',(0.0172629675977396,0.00282246987879006,0.0127));
#1435=CARTESIAN_POINT('',(0.0172629675977396,0.00282246987879006,0.0127));
#1436=CARTESIAN_POINT('',(0.0172629675977396,0.00282246987879007,0.0127));
#1437=CARTESIAN_POINT('',(0.0172629675977396,0.00282246987879007,0.));
#1438=CARTESIAN_POINT('',(0.0173331986788532,0.00185225117989558,0.0127));
#1439=CARTESIAN_POINT('',(0.0173331986788532,0.00185225117989558,0.));
#1440=CARTESIAN_POINT('',(0.0175791018438098,-8.43513153952884E-5,0.0127));
#1441=CARTESIAN_POINT('',(0.0175791018438098,-8.43513153952884E-5,0.));
#1442=CARTESIAN_POINT('',(0.0178857125505258,-0.00166873623761287,0.0127));
#1443=CARTESIAN_POINT('',(0.0178857125505258,-0.00166873623761287,0.));
#1444=CARTESIAN_POINT('',(0.0172629675977396,0.00282246987879007,0.));
#1445=CARTESIAN_POINT('',(0.017280525368018,0.00257991520406644,0.));
#1446=CARTESIAN_POINT('',(0.0173372738740942,0.00196616680541213,0.));
#1447=CARTESIAN_POINT('',(0.0175242086026444,0.000436019044878424,0.));
#1448=CARTESIAN_POINT('',(0.0177324071971678,-0.000876543776504063,0.));
#1449=CARTESIAN_POINT('',(0.0178857125505258,-0.00166873623761287,0.));
#1450=CARTESIAN_POINT('',(0.0178857125505258,-0.00166873623761287,0.));
#1451=CARTESIAN_POINT('',(0.0172629675977396,0.00282246987879007,0.0127));
#1452=CARTESIAN_POINT('',(0.017280525368018,0.00257991520406644,0.0127));
#1453=CARTESIAN_POINT('',(0.0173372738740942,0.00196616680541213,0.0127));
#1454=CARTESIAN_POINT('',(0.0175242086026444,0.000436019044878424,0.0127));
#1455=CARTESIAN_POINT('',(0.0177324071971678,-0.000876543776504063,0.0127));
#1456=CARTESIAN_POINT('',(0.0178857125505258,-0.00166873623761287,0.0127));
#1457=CARTESIAN_POINT('',(0.0178857125505258,-0.00166873623761287,0.0127));
#1458=CARTESIAN_POINT('',(0.0178857125505258,-0.00166873623761287,0.0127));
#1459=CARTESIAN_POINT('',(0.0178857125505258,-0.00166873623761287,0.0127));
#1460=CARTESIAN_POINT('',(0.0178857125505258,-0.00166873623761287,8.67361737988404E-18));
#1461=CARTESIAN_POINT('',(0.0181406290323891,-0.00149027601087323,0.0127));
#1462=CARTESIAN_POINT('',(0.0181406290323891,-0.00149027601087323,8.67361737988404E-18));
#1463=CARTESIAN_POINT('',(0.0187159398113046,-0.00115090130605858,0.0127));
#1464=CARTESIAN_POINT('',(0.0187159398113046,-0.00115090130605858,1.04083408558608E-17));
#1465=CARTESIAN_POINT('',(0.0198274095306141,-0.000813278977609338,0.0127));
#1466=CARTESIAN_POINT('',(0.0198274095306141,-0.000813278977609338,8.67361737988404E-18));
#1467=CARTESIAN_POINT('',(0.0211109035154311,-0.000855563603015904,0.0127));
#1468=CARTESIAN_POINT('',(0.0211109035154311,-0.000855563603015904,1.38777878078145E-17));
#1469=CARTESIAN_POINT('',(0.0222025030504408,-0.00121451058095272,0.0127));
#1470=CARTESIAN_POINT('',(0.0222025030504408,-0.00121451058095272,3.46944695195361E-18));
#1471=CARTESIAN_POINT('',(0.0231878038373228,-0.0017821052080645,0.0127));
#1472=CARTESIAN_POINT('',(0.0231878038373228,-0.0017821052080645,1.38777878078145E-17));
#1473=CARTESIAN_POINT('',(0.0240533776319734,-0.00255124864709628,0.0127));
#1474=CARTESIAN_POINT('',(0.0240533776319734,-0.00255124864709628,6.93889390390723E-18));
#1475=CARTESIAN_POINT('',(0.0247679598319715,-0.00353607031578537,0.0127));
#1476=CARTESIAN_POINT('',(0.0247679598319715,-0.00353607031578537,5.20417042793042E-18));
#1477=CARTESIAN_POINT('',(0.0252455568634523,-0.00475987230649548,0.0127));
#1478=CARTESIAN_POINT('',(0.0252455568634523,-0.00475987230649548,1.04083408558608E-17));
#1479=CARTESIAN_POINT('',(0.0253073589356474,-0.00597267066908724,0.0127));
#1480=CARTESIAN_POINT('',(0.0253073589356474,-0.00597267066908724,1.38777878078145E-17));
#1481=CARTESIAN_POINT('',(0.0250934714107805,-0.00692201894003274,0.0127));
#1482=CARTESIAN_POINT('',(0.0250934714107805,-0.00692201894003274,5.20417042793042E-18));
#1483=CARTESIAN_POINT('',(0.0247717078313925,-0.00775431213406877,0.0127));
#1484=CARTESIAN_POINT('',(0.0247717078313925,-0.00775431213406877,8.67361737988404E-18));
#1485=CARTESIAN_POINT('',(0.0242334424533133,-0.00865627944070518,0.0127));
#1486=CARTESIAN_POINT('',(0.0242334424533133,-0.00865627944070518,6.93889390390723E-18));
#1487=CARTESIAN_POINT('',(0.0232240895000933,-0.00991219579181087,0.0127));
#1488=CARTESIAN_POINT('',(0.0232240895000933,-0.00991219579181087,8.67361737988404E-18));
#1489=CARTESIAN_POINT('',(0.0218164544023915,-0.011251041629504,0.0127));
#1490=CARTESIAN_POINT('',(0.0218164544023915,-0.011251041629504,8.67361737988404E-18));
#1491=CARTESIAN_POINT('',(0.0208156361210729,-0.0120869642372703,0.0127));
#1492=CARTESIAN_POINT('',(0.0208156361210729,-0.0120869642372703,8.67361737988404E-18));
#1493=CARTESIAN_POINT('',(0.0204409433317283,-0.0124093705103784,0.0127));
#1494=CARTESIAN_POINT('',(0.0204409433317283,-0.0124093705103784,8.67361737988404E-18));
#1495=CARTESIAN_POINT('',(0.0178857125505258,-0.00166873623761287,0.));
#1496=CARTESIAN_POINT('',(0.0181406290323892,-0.00149027601087323,0.));
#1497=CARTESIAN_POINT('',(0.0185730805054882,-0.00123501003963528,0.));
#1498=CARTESIAN_POINT('',(0.0192700606894385,-0.000983315046212224,0.));
#1499=CARTESIAN_POINT('',(0.0197528904502491,-0.000882152910592033,0.));
#1500=CARTESIAN_POINT('',(0.0201590257762597,-0.000845252161447851,0.));
#1501=CARTESIAN_POINT('',(0.020473382145191,-0.000841692694084553,0.));
#1502=CARTESIAN_POINT('',(0.0207822767992009,-0.000862824142106042,0.));
#1503=CARTESIAN_POINT('',(0.0211798219540749,-0.000919330915482002,0.));
#1504=CARTESIAN_POINT('',(0.0216540350242677,-0.00103701097669576,0.));
#1505=CARTESIAN_POINT('',(0.0223682561484165,-0.0013079722802642,0.));
#1506=CARTESIAN_POINT('',(0.0231873184292048,-0.00178247243137149,0.));
#1507=CARTESIAN_POINT('',(0.0240533786226274,-0.00255121808477812,0.));
#1508=CARTESIAN_POINT('',(0.0246492641683324,-0.00337172413225548,0.));
#1509=CARTESIAN_POINT('',(0.025006035684132,-0.0041483540533513,0.));
#1510=CARTESIAN_POINT('',(0.0251949335028418,-0.00478991723576555,0.));
#1511=CARTESIAN_POINT('',(0.02526926970078,-0.00536729194509377,0.));
#1512=CARTESIAN_POINT('',(0.0252690487055007,-0.0058449721907166,0.));
#1513=CARTESIAN_POINT('',(0.0252373732418134,-0.00620858016234231,0.));
#1514=CARTESIAN_POINT('',(0.0251731160625181,-0.00657030837129159,0.));
#1515=CARTESIAN_POINT('',(0.0250535510438355,-0.00702359162774572,0.));
#1516=CARTESIAN_POINT('',(0.0248522638523707,-0.00754693932511704,0.));
#1517=CARTESIAN_POINT('',(0.0245556041042881,-0.00811539395025509,0.));
#1518=CARTESIAN_POINT('',(0.0241077328913148,-0.00881305569824508,0.));
#1519=CARTESIAN_POINT('',(0.0234762796033759,-0.00959866181351045,0.));
#1520=CARTESIAN_POINT('',(0.0226610469055126,-0.0104462986544977,0.));
#1521=CARTESIAN_POINT('',(0.0218394838099924,-0.0112077382060798,0.));
#1522=CARTESIAN_POINT('',(0.0210676789641308,-0.0118762672046253,0.));
#1523=CARTESIAN_POINT('',(0.0206282897264006,-0.0122481673738244,0.));
#1524=CARTESIAN_POINT('',(0.0204409433317283,-0.0124093705103784,0.));
#1525=CARTESIAN_POINT('',(0.0204409433317283,-0.0124093705103784,0.));
#1526=CARTESIAN_POINT('',(0.0178857125505258,-0.00166873623761287,0.0127));
#1527=CARTESIAN_POINT('',(0.0181406290323892,-0.00149027601087323,0.0127));
#1528=CARTESIAN_POINT('',(0.0185730805054882,-0.00123501003963528,0.0127));
#1529=CARTESIAN_POINT('',(0.0192700606894385,-0.000983315046212224,0.0127));
#1530=CARTESIAN_POINT('',(0.0197528904502491,-0.000882152910592033,0.0127));
#1531=CARTESIAN_POINT('',(0.0201590257762597,-0.000845252161447851,0.0127));
#1532=CARTESIAN_POINT('',(0.020473382145191,-0.000841692694084553,0.0127));
#1533=CARTESIAN_POINT('',(0.0207822767992009,-0.000862824142106042,0.0127));
#1534=CARTESIAN_POINT('',(0.0211798219540749,-0.000919330915482002,0.0127));
#1535=CARTESIAN_POINT('',(0.0216540350242677,-0.00103701097669576,0.0127));
#1536=CARTESIAN_POINT('',(0.0223682561484165,-0.0013079722802642,0.0127));
#1537=CARTESIAN_POINT('',(0.0231873184292048,-0.00178247243137149,0.0127));
#1538=CARTESIAN_POINT('',(0.0240533786226274,-0.00255121808477812,0.0127));
#1539=CARTESIAN_POINT('',(0.0246492641683324,-0.00337172413225548,0.0127));
#1540=CARTESIAN_POINT('',(0.025006035684132,-0.0041483540533513,0.0127));
#1541=CARTESIAN_POINT('',(0.0251949335028418,-0.00478991723576555,0.0127));
#1542=CARTESIAN_POINT('',(0.02526926970078,-0.00536729194509377,0.0127));
#1543=CARTESIAN_POINT('',(0.0252690487055007,-0.0058449721907166,0.0127));
#1544=CARTESIAN_POINT('',(0.0252373732418134,-0.00620858016234231,0.0127));
#1545=CARTESIAN_POINT('',(0.0251731160625181,-0.00657030837129159,0.0127));
#1546=CARTESIAN_POINT('',(0.0250535510438355,-0.00702359162774572,0.0127));
#1547=CARTESIAN_POINT('',(0.0248522638523707,-0.00754693932511704,0.0127));
#1548=CARTESIAN_POINT('',(0.0245556041042881,-0.00811539395025509,0.0127));
#1549=CARTESIAN_POINT('',(0.0241077328913148,-0.00881305569824508,0.0127));
#1550=CARTESIAN_POINT('',(0.0234762796033759,-0.00959866181351045,0.0127));
#1551=CARTESIAN_POINT('',(0.0226610469055126,-0.0104462986544977,0.0127));
#1552=CARTESIAN_POINT('',(0.0218394838099924,-0.0112077382060798,0.0127));
#1553=CARTESIAN_POINT('',(0.0210676789641308,-0.0118762672046253,0.0127));
#1554=CARTESIAN_POINT('',(0.0206282897264006,-0.0122481673738244,0.0127));
#1555=CARTESIAN_POINT('',(0.0204409433317283,-0.0124093705103784,0.0127));
#1556=CARTESIAN_POINT('',(0.0204409433317283,-0.0124093705103784,0.0127));
#1557=CARTESIAN_POINT('',(0.0204409433317283,-0.0124093705103784,0.0127));
#1558=CARTESIAN_POINT('',(0.0204409433317284,-0.0124093705103786,0.0127));
#1559=CARTESIAN_POINT('',(0.0204409433317284,-0.0124093705103786,0.));
#1560=CARTESIAN_POINT('',(0.0205639956708032,-0.0129156007771401,0.0127));
#1561=CARTESIAN_POINT('',(0.0205639956708032,-0.0129156007771401,0.));
#1562=CARTESIAN_POINT('',(0.0206843594325123,-0.0135096124769181,0.0127));
#1563=CARTESIAN_POINT('',(0.0206843594325123,-0.0135096124769181,0.));
#1564=CARTESIAN_POINT('',(0.0208028962146603,-0.0141302045918267,0.0127));
#1565=CARTESIAN_POINT('',(0.0208028962146603,-0.0141302045918267,0.));
#1566=CARTESIAN_POINT('',(0.0204409433317284,-0.0124093705103786,0.));
#1567=CARTESIAN_POINT('',(0.0205024695012658,-0.0126624856437593,0.));
#1568=CARTESIAN_POINT('',(0.0206231759143042,-0.0132097838733877,0.));
#1569=CARTESIAN_POINT('',(0.0207436278235863,-0.0138199085343724,0.));
#1570=CARTESIAN_POINT('',(0.0208028962146603,-0.0141302045918267,0.));
#1571=CARTESIAN_POINT('',(0.0208028962146603,-0.0141302045918267,0.));
#1572=CARTESIAN_POINT('',(0.0204409433317284,-0.0124093705103786,0.0127));
#1573=CARTESIAN_POINT('',(0.0205024695012658,-0.0126624856437593,0.0127));
#1574=CARTESIAN_POINT('',(0.0206231759143042,-0.0132097838733877,0.0127));
#1575=CARTESIAN_POINT('',(0.0207436278235863,-0.0138199085343724,0.0127));
#1576=CARTESIAN_POINT('',(0.0208028962146603,-0.0141302045918267,0.0127));
#1577=CARTESIAN_POINT('',(0.0208028962146603,-0.0141302045918267,0.0127));
#1578=CARTESIAN_POINT('',(0.0208028962146603,-0.0141302045918267,0.0127));
#1579=CARTESIAN_POINT('',(0.0208028962146604,-0.0141302045918267,0.0127));
#1580=CARTESIAN_POINT('',(0.0208028962146604,-0.0141302045918267,0.));
#1581=CARTESIAN_POINT('',(0.0211441990016404,-0.0139498640127121,0.0127));
#1582=CARTESIAN_POINT('',(0.0211441990016404,-0.0139498640127121,0.));
#1583=CARTESIAN_POINT('',(0.0220018446776694,-0.0136465939152277,0.0127));
#1584=CARTESIAN_POINT('',(0.0220018446776694,-0.0136465939152277,-1.73472347597681E-18));
#1585=CARTESIAN_POINT('',(0.0232903223027194,-0.0137155644505477,0.0127));
#1586=CARTESIAN_POINT('',(0.0232903223027194,-0.0137155644505477,-1.73472347597681E-18));
#1587=CARTESIAN_POINT('',(0.0243745127290957,-0.0141096616317208,0.0127));
#1588=CARTESIAN_POINT('',(0.0243745127290957,-0.0141096616317208,1.73472347597681E-18));
#1589=CARTESIAN_POINT('',(0.0256033390646269,-0.0149228606749816,0.0127));
#1590=CARTESIAN_POINT('',(0.0256033390646269,-0.0149228606749816,-1.73472347597681E-18));
#1591=CARTESIAN_POINT('',(0.0265435417495179,-0.0160780269247076,0.0127));
#1592=CARTESIAN_POINT('',(0.0265435417495179,-0.0160780269247076,-1.73472347597681E-18));
#1593=CARTESIAN_POINT('',(0.0271004070231893,-0.0175451143801779,0.0127));
#1594=CARTESIAN_POINT('',(0.0271004070231893,-0.0175451143801779,-1.73472347597681E-18));
#1595=CARTESIAN_POINT('',(0.0272524105550945,-0.0187940056140396,0.0127));
#1596=CARTESIAN_POINT('',(0.0272524105550945,-0.0187940056140396,1.73472347597681E-18));
#1597=CARTESIAN_POINT('',(0.0270255752524692,-0.0201086652589143,0.0127));
#1598=CARTESIAN_POINT('',(0.0270255752524692,-0.0201086652589143,-3.46944695195361E-18));
#1599=CARTESIAN_POINT('',(0.0265482139379226,-0.0211937233091304,0.0127));
#1600=CARTESIAN_POINT('',(0.0265482139379226,-0.0211937233091304,1.73472347597681E-18));
#1601=CARTESIAN_POINT('',(0.0259430217187742,-0.0221493671505496,0.0127));
#1602=CARTESIAN_POINT('',(0.0259430217187742,-0.0221493671505496,-1.73472347597681E-18));
#1603=CARTESIAN_POINT('',(0.0250324909763703,-0.0232852110462295,0.0127));
#1604=CARTESIAN_POINT('',(0.0250324909763703,-0.0232852110462295,0.));
#1605=CARTESIAN_POINT('',(0.0238035800363889,-0.0245017042478975,0.0127));
#1606=CARTESIAN_POINT('',(0.0238035800363889,-0.0245017042478975,1.73472347597681E-18));
#1607=CARTESIAN_POINT('',(0.0229259125387818,-0.0252571688643064,0.0127));
#1608=CARTESIAN_POINT('',(0.0229259125387818,-0.0252571688643064,-1.73472347597681E-18));
#1609=CARTESIAN_POINT('',(0.022576915007256,-0.0255586799644101,0.0127));
#1610=CARTESIAN_POINT('',(0.022576915007256,-0.0255586799644101,0.));
#1611=CARTESIAN_POINT('',(0.0208028962146604,-0.0141302045918267,0.));
#1612=CARTESIAN_POINT('',(0.0209735476081504,-0.0140400343022694,0.));
#1613=CARTESIAN_POINT('',(0.0212513395321901,-0.0139160335152637,0.));
#1614=CARTESIAN_POINT('',(0.0216716646090078,-0.0137922257700883,0.));
#1615=CARTESIAN_POINT('',(0.0221136443371677,-0.0137072850088155,0.));
#1616=CARTESIAN_POINT('',(0.0226515708630093,-0.0136819040025012,0.));
#1617=CARTESIAN_POINT('',(0.0232637400787316,-0.0137558827713411,0.));
#1618=CARTESIAN_POINT('',(0.0238311154397077,-0.0139130782612736,0.));
#1619=CARTESIAN_POINT('',(0.0245287452663081,-0.0142110762326686,0.));
#1620=CARTESIAN_POINT('',(0.0252969796543056,-0.0147193523286084,0.));
#1621=CARTESIAN_POINT('',(0.0260694660532141,-0.0155015187603174,0.));
#1622=CARTESIAN_POINT('',(0.0266836176177393,-0.0164442869862404,0.));
#1623=CARTESIAN_POINT('',(0.0270313889178185,-0.0173624533552447,0.));
#1624=CARTESIAN_POINT('',(0.0271751747822726,-0.0181683575249751,0.));
#1625=CARTESIAN_POINT('',(0.0271992851536356,-0.0186963857416163,0.));
#1626=CARTESIAN_POINT('',(0.0271740640150196,-0.0191277352077213,0.));
#1627=CARTESIAN_POINT('',(0.0271169797664191,-0.0195640519045669,0.));
#1628=CARTESIAN_POINT('',(0.0269939182502213,-0.0200780577385504,0.));
#1629=CARTESIAN_POINT('',(0.0267856604323502,-0.0206489082668564,0.));
#1630=CARTESIAN_POINT('',(0.026448060881221,-0.0213543226909474,0.));
#1631=CARTESIAN_POINT('',(0.0259427817145936,-0.0221488685621575,0.));
#1632=CARTESIAN_POINT('',(0.0252601809020693,-0.0230015542183031,0.));
#1633=CARTESIAN_POINT('',(0.0245409376441658,-0.0237710903313145,0.));
#1634=CARTESIAN_POINT('',(0.0238231075561314,-0.0244612880690522,0.));
#1635=CARTESIAN_POINT('',(0.0231463042312086,-0.0250673879624738,0.));
#1636=CARTESIAN_POINT('',(0.0227514137730189,-0.0254079244143583,0.));
#1637=CARTESIAN_POINT('',(0.022576915007256,-0.0255586799644101,0.));
#1638=CARTESIAN_POINT('',(0.022576915007256,-0.0255586799644101,0.));
#1639=CARTESIAN_POINT('',(0.0208028962146604,-0.0141302045918267,0.0127));
#1640=CARTESIAN_POINT('',(0.0209735476081504,-0.0140400343022694,0.0127));
#1641=CARTESIAN_POINT('',(0.0212513395321901,-0.0139160335152637,0.0127));
#1642=CARTESIAN_POINT('',(0.0216716646090078,-0.0137922257700883,0.0127));
#1643=CARTESIAN_POINT('',(0.0221136443371677,-0.0137072850088155,0.0127));
#1644=CARTESIAN_POINT('',(0.0226515708630093,-0.0136819040025012,0.0127));
#1645=CARTESIAN_POINT('',(0.0232637400787316,-0.0137558827713411,0.0127));
#1646=CARTESIAN_POINT('',(0.0238311154397077,-0.0139130782612736,0.0127));
#1647=CARTESIAN_POINT('',(0.0245287452663081,-0.0142110762326686,0.0127));
#1648=CARTESIAN_POINT('',(0.0252969796543056,-0.0147193523286084,0.0127));
#1649=CARTESIAN_POINT('',(0.0260694660532141,-0.0155015187603174,0.0127));
#1650=CARTESIAN_POINT('',(0.0266836176177393,-0.0164442869862404,0.0127));
#1651=CARTESIAN_POINT('',(0.0270313889178185,-0.0173624533552447,0.0127));
#1652=CARTESIAN_POINT('',(0.0271751747822726,-0.0181683575249751,0.0127));
#1653=CARTESIAN_POINT('',(0.0271992851536356,-0.0186963857416163,0.0127));
#1654=CARTESIAN_POINT('',(0.0271740640150196,-0.0191277352077213,0.0127));
#1655=CARTESIAN_POINT('',(0.0271169797664191,-0.0195640519045669,0.0127));
#1656=CARTESIAN_POINT('',(0.0269939182502213,-0.0200780577385504,0.0127));
#1657=CARTESIAN_POINT('',(0.0267856604323502,-0.0206489082668564,0.0127));
#1658=CARTESIAN_POINT('',(0.026448060881221,-0.0213543226909474,0.0127));
#1659=CARTESIAN_POINT('',(0.0259427817145936,-0.0221488685621575,0.0127));
#1660=CARTESIAN_POINT('',(0.0252601809020693,-0.0230015542183031,0.0127));
#1661=CARTESIAN_POINT('',(0.0245409376441658,-0.0237710903313145,0.0127));
#1662=CARTESIAN_POINT('',(0.0238231075561314,-0.0244612880690522,0.0127));
#1663=CARTESIAN_POINT('',(0.0231463042312086,-0.0250673879624738,0.0127));
#1664=CARTESIAN_POINT('',(0.0227514137730189,-0.0254079244143583,0.0127));
#1665=CARTESIAN_POINT('',(0.022576915007256,-0.0255586799644101,0.0127));
#1666=CARTESIAN_POINT('',(0.022576915007256,-0.0255586799644101,0.0127));
#1667=CARTESIAN_POINT('',(0.022576915007256,-0.0255586799644101,0.0127));
#1668=CARTESIAN_POINT('',(0.022576915007256,-0.0255586799644102,0.0127));
#1669=CARTESIAN_POINT('',(0.022576915007256,-0.0255586799644102,0.));
#1670=CARTESIAN_POINT('',(0.0227566072183517,-0.0261866105570416,0.0127));
#1671=CARTESIAN_POINT('',(0.0227566072183517,-0.0261866105570416,0.));
#1672=CARTESIAN_POINT('',(0.0231623435929633,-0.0277993379864687,0.0127));
#1673=CARTESIAN_POINT('',(0.0231623435929633,-0.0277993379864687,-3.46944695195361E-18));
#1674=CARTESIAN_POINT('',(0.0237211099444192,-0.0307494535717083,0.0127));
#1675=CARTESIAN_POINT('',(0.0237211099444192,-0.0307494535717083,5.20417042793042E-18));
#1676=CARTESIAN_POINT('',(0.0239652493366348,-0.033105451652483,0.0127));
#1677=CARTESIAN_POINT('',(0.0239652493366348,-0.033105451652483,-1.73472347597681E-18));
#1678=CARTESIAN_POINT('',(0.0238545635512662,-0.0347950630691631,0.0127));
#1679=CARTESIAN_POINT('',(0.0238545635512662,-0.0347950630691631,-3.46944695195361E-18));
#1680=CARTESIAN_POINT('',(0.0235440809116904,-0.0359736301790866,0.0127));
#1681=CARTESIAN_POINT('',(0.0235440809116904,-0.0359736301790866,0.));
#1682=CARTESIAN_POINT('',(0.0229896779307451,-0.0370048379843752,0.0127));
#1683=CARTESIAN_POINT('',(0.0229896779307451,-0.0370048379843752,3.46944695195361E-18));
#1684=CARTESIAN_POINT('',(0.0223120713422487,-0.0378024498142237,0.0127));
#1685=CARTESIAN_POINT('',(0.0223120713422487,-0.0378024498142237,-6.93889390390723E-18));
#1686=CARTESIAN_POINT('',(0.021649852686783,-0.0384220570434396,0.0127));
#1687=CARTESIAN_POINT('',(0.021649852686783,-0.0384220570434396,3.46944695195361E-18));
#1688=CARTESIAN_POINT('',(0.0209084545603542,-0.0390549650653138,0.0127));
#1689=CARTESIAN_POINT('',(0.0209084545603542,-0.0390549650653138,-1.73472347597681E-18));
#1690=CARTESIAN_POINT('',(0.0200902960040936,-0.039674367546943,0.0127));
#1691=CARTESIAN_POINT('',(0.0200902960040936,-0.039674367546943,1.73472347597681E-18));
#1692=CARTESIAN_POINT('',(0.0192229518680558,-0.0402339838993517,0.0127));
#1693=CARTESIAN_POINT('',(0.0192229518680558,-0.0402339838993517,1.73472347597681E-18));
#1694=CARTESIAN_POINT('',(0.0184477084913059,-0.0406219089748712,0.0127));
#1695=CARTESIAN_POINT('',(0.0184477084913059,-0.0406219089748712,-6.93889390390723E-18));
#1696=CARTESIAN_POINT('',(0.017722506546502,-0.0408517455394196,0.0127));
#1697=CARTESIAN_POINT('',(0.017722506546502,-0.0408517455394196,0.));
#1698=CARTESIAN_POINT('',(0.0170637621349047,-0.0409543997156705,0.0127));
#1699=CARTESIAN_POINT('',(0.0170637621349047,-0.0409543997156705,3.46944695195361E-18));
#1700=CARTESIAN_POINT('',(0.0162662833508298,-0.0408874682493035,0.0127));
#1701=CARTESIAN_POINT('',(0.0162662833508298,-0.0408874682493035,1.73472347597681E-18));
#1702=CARTESIAN_POINT('',(0.0154958218236052,-0.0405746654441644,0.0127));
#1703=CARTESIAN_POINT('',(0.0154958218236052,-0.0405746654441644,3.46944695195361E-18));
#1704=CARTESIAN_POINT('',(0.0149199629434186,-0.0401315132358872,0.0127));
#1705=CARTESIAN_POINT('',(0.0149199629434186,-0.0401315132358872,1.73472347597681E-18));
#1706=CARTESIAN_POINT('',(0.0143768312761438,-0.0395247253875952,0.0127));
#1707=CARTESIAN_POINT('',(0.0143768312761438,-0.0395247253875952,1.73472347597681E-18));
#1708=CARTESIAN_POINT('',(0.0139054145891432,-0.0387751094090989,0.0127));
#1709=CARTESIAN_POINT('',(0.0139054145891432,-0.0387751094090989,0.));
#1710=CARTESIAN_POINT('',(0.0133330997049335,-0.0377195841405262,0.0127));
#1711=CARTESIAN_POINT('',(0.0133330997049335,-0.0377195841405262,1.73472347597681E-18));
#1712=CARTESIAN_POINT('',(0.012606603203668,-0.0363551173062857,0.0127));
#1713=CARTESIAN_POINT('',(0.012606603203668,-0.0363551173062857,0.));
#1714=CARTESIAN_POINT('',(0.0113870816327023,-0.0340751235223463,0.0127));
#1715=CARTESIAN_POINT('',(0.0113870816327023,-0.0340751235223463,-3.46944695195361E-18));
#1716=CARTESIAN_POINT('',(0.00951571160938652,-0.0305664588714511,0.0127));
#1717=CARTESIAN_POINT('',(0.00951571160938652,-0.0305664588714511,3.46944695195361E-18));
#1718=CARTESIAN_POINT('',(0.00698137102637807,-0.0257791490705959,0.0127));
#1719=CARTESIAN_POINT('',(0.00698137102637807,-0.0257791490705959,0.));
#1720=CARTESIAN_POINT('',(0.00358751104055068,-0.0192798417294995,0.0127));
#1721=CARTESIAN_POINT('',(0.00358751104055068,-0.0192798417294995,0.));
#1722=CARTESIAN_POINT('',(0.00144454874205163,-0.0150230938919346,0.0127));
#1723=CARTESIAN_POINT('',(0.00144454874205163,-0.0150230938919346,0.));
#1724=CARTESIAN_POINT('',(0.000540153990918229,-0.0130576066711872,0.0127));
#1725=CARTESIAN_POINT('',(0.000540153990918229,-0.0130576066711872,0.));
#1726=CARTESIAN_POINT('',(0.022576915007256,-0.0255586799644102,0.));
#1727=CARTESIAN_POINT('',(0.0226667611128039,-0.0258726452607259,0.));
#1728=CARTESIAN_POINT('',(0.0228569210293589,-0.0265875013838029,0.));
#1729=CARTESIAN_POINT('',(0.0231561603287005,-0.0278663305782025,0.));
#1730=CARTESIAN_POINT('',(0.0234426610031573,-0.0292742286632987,0.));
#1731=CARTESIAN_POINT('',(0.0236885507756625,-0.030732672915902,0.));
#1732=CARTESIAN_POINT('',(0.0238639964799109,-0.0321688832150338,0.));
#1733=CARTESIAN_POINT('',(0.0239260212596132,-0.0332984506035554,0.));
#1734=CARTESIAN_POINT('',(0.0238965967828067,-0.0341637790285682,0.));
#1735=CARTESIAN_POINT('',(0.0238258620986583,-0.0347838541309797,0.));
#1736=CARTESIAN_POINT('',(0.023699867829608,-0.0353825414099053,0.));
#1737=CARTESIAN_POINT('',(0.0234514774816674,-0.0361464706167488,0.));
#1738=CARTESIAN_POINT('',(0.0229887763388857,-0.0370051118244455,0.));
#1739=CARTESIAN_POINT('',(0.0224279134824416,-0.0376677205189242,0.));
#1740=CARTESIAN_POINT('',(0.021975908457089,-0.0381154278434024,0.));
#1741=CARTESIAN_POINT('',(0.0216408823156076,-0.0384230741931741,0.));
#1742=CARTESIAN_POINT('',(0.0212804989302152,-0.0387379184371975,0.));
#1743=CARTESIAN_POINT('',(0.0207713097315196,-0.0391585561304064,0.));
#1744=CARTESIAN_POINT('',(0.0202267700230885,-0.0395710030416416,0.));
#1745=CARTESIAN_POINT('',(0.0196566202491071,-0.0399543152207446,0.));
#1746=CARTESIAN_POINT('',(0.019215433505745,-0.0402223652607886,0.));
#1747=CARTESIAN_POINT('',(0.0187564090201849,-0.0404660208704262,0.));
#1748=CARTESIAN_POINT('',(0.0182667644703878,-0.0406795734128499,0.));
#1749=CARTESIAN_POINT('',(0.017722477507191,-0.0408516424262907,0.));
#1750=CARTESIAN_POINT('',(0.0170635218268653,-0.0409546068713445,0.));
#1751=CARTESIAN_POINT('',(0.0163999816563925,-0.0408980534283378,0.));
#1752=CARTESIAN_POINT('',(0.0158796873340348,-0.0407320515332475,0.));
#1753=CARTESIAN_POINT('',(0.0154006106535164,-0.0405002401541292,0.));
#1754=CARTESIAN_POINT('',(0.0149199014198509,-0.0401316891012195,0.));
#1755=CARTESIAN_POINT('',(0.0145119296105887,-0.0396764339677922,0.));
#1756=CARTESIAN_POINT('',(0.0141910644544058,-0.0392246566583678,0.));
#1757=CARTESIAN_POINT('',(0.0139040978986543,-0.0387557518791123,0.));
#1758=CARTESIAN_POINT('',(0.0136184166260269,-0.0382470061853987,0.));
#1759=CARTESIAN_POINT('',(0.0133132453103749,-0.0376799578158055,0.));
#1760=CARTESIAN_POINT('',(0.0129730187450186,-0.0370417258288685,0.));
#1761=CARTESIAN_POINT('',(0.0125824958665326,-0.036311116283639,0.));
#1762=CARTESIAN_POINT('',(0.0121484723338998,-0.0354989843705747,0.));
#1763=CARTESIAN_POINT('',(0.0115167792040528,-0.0343167545864785,0.));
#1764=CARTESIAN_POINT('',(0.0106390878160719,-0.0326724439728133,0.));
#1765=CARTESIAN_POINT('',(0.00947954030388235,-0.0304942438238275,0.));
#1766=CARTESIAN_POINT('',(0.00824832406968882,-0.0281724217408036,0.));
#1767=CARTESIAN_POINT('',(0.00655717590623701,-0.0249667321197381,0.));
#1768=CARTESIAN_POINT('',(0.00443672587518698,-0.0209066115148574,0.));
#1769=CARTESIAN_POINT('',(0.00215597526943101,-0.0164346308673356,0.));
#1770=CARTESIAN_POINT('',(0.0009923513664849,-0.0140403502815608,0.));
#1771=CARTESIAN_POINT('',(0.000540153990918229,-0.0130576066711872,0.));
#1772=CARTESIAN_POINT('',(0.000540153990918229,-0.0130576066711872,0.));
#1773=CARTESIAN_POINT('',(0.022576915007256,-0.0255586799644102,0.0127));
#1774=CARTESIAN_POINT('',(0.0226667611128039,-0.0258726452607259,0.0127));
#1775=CARTESIAN_POINT('',(0.0228569210293589,-0.0265875013838029,0.0127));
#1776=CARTESIAN_POINT('',(0.0231561603287005,-0.0278663305782025,0.0127));
#1777=CARTESIAN_POINT('',(0.0234426610031573,-0.0292742286632987,0.0127));
#1778=CARTESIAN_POINT('',(0.0236885507756625,-0.030732672915902,0.0127));
#1779=CARTESIAN_POINT('',(0.0238639964799109,-0.0321688832150338,0.0127));
#1780=CARTESIAN_POINT('',(0.0239260212596132,-0.0332984506035554,0.0127));
#1781=CARTESIAN_POINT('',(0.0238965967828067,-0.0341637790285682,0.0127));
#1782=CARTESIAN_POINT('',(0.0238258620986583,-0.0347838541309797,0.0127));
#1783=CARTESIAN_POINT('',(0.023699867829608,-0.0353825414099053,0.0127));
#1784=CARTESIAN_POINT('',(0.0234514774816674,-0.0361464706167488,0.0127));
#1785=CARTESIAN_POINT('',(0.0229887763388857,-0.0370051118244455,0.0127));
#1786=CARTESIAN_POINT('',(0.0224279134824416,-0.0376677205189242,0.0127));
#1787=CARTESIAN_POINT('',(0.021975908457089,-0.0381154278434024,0.0127));
#1788=CARTESIAN_POINT('',(0.0216408823156076,-0.0384230741931741,0.0127));
#1789=CARTESIAN_POINT('',(0.0212804989302152,-0.0387379184371975,0.0127));
#1790=CARTESIAN_POINT('',(0.0207713097315196,-0.0391585561304064,0.0127));
#1791=CARTESIAN_POINT('',(0.0202267700230885,-0.0395710030416416,0.0127));
#1792=CARTESIAN_POINT('',(0.0196566202491071,-0.0399543152207446,0.0127));
#1793=CARTESIAN_POINT('',(0.019215433505745,-0.0402223652607886,0.0127));
#1794=CARTESIAN_POINT('',(0.0187564090201849,-0.0404660208704262,0.0127));
#1795=CARTESIAN_POINT('',(0.0182667644703878,-0.0406795734128499,0.0127));
#1796=CARTESIAN_POINT('',(0.017722477507191,-0.0408516424262907,0.0127));
#1797=CARTESIAN_POINT('',(0.0170635218268653,-0.0409546068713445,0.0127));
#1798=CARTESIAN_POINT('',(0.0163999816563925,-0.0408980534283378,0.0127));
#1799=CARTESIAN_POINT('',(0.0158796873340348,-0.0407320515332475,0.0127));
#1800=CARTESIAN_POINT('',(0.0154006106535164,-0.0405002401541292,0.0127));
#1801=CARTESIAN_POINT('',(0.0149199014198509,-0.0401316891012195,0.0127));
#1802=CARTESIAN_POINT('',(0.0145119296105887,-0.0396764339677922,0.0127));
#1803=CARTESIAN_POINT('',(0.0141910644544058,-0.0392246566583678,0.0127));
#1804=CARTESIAN_POINT('',(0.0139040978986543,-0.0387557518791123,0.0127));
#1805=CARTESIAN_POINT('',(0.0136184166260269,-0.0382470061853987,0.0127));
#1806=CARTESIAN_POINT('',(0.0133132453103749,-0.0376799578158055,0.0127));
#1807=CARTESIAN_POINT('',(0.0129730187450186,-0.0370417258288685,0.0127));
#1808=CARTESIAN_POINT('',(0.0125824958665326,-0.036311116283639,0.0127));
#1809=CARTESIAN_POINT('',(0.0121484723338998,-0.0354989843705747,0.0127));
#1810=CARTESIAN_POINT('',(0.0115167792040528,-0.0343167545864785,0.0127));
#1811=CARTESIAN_POINT('',(0.0106390878160719,-0.0326724439728133,0.0127));
#1812=CARTESIAN_POINT('',(0.00947954030388235,-0.0304942438238275,0.0127));
#1813=CARTESIAN_POINT('',(0.00824832406968882,-0.0281724217408036,0.0127));
#1814=CARTESIAN_POINT('',(0.00655717590623701,-0.0249667321197381,0.0127));
#1815=CARTESIAN_POINT('',(0.00443672587518698,-0.0209066115148574,0.0127));
#1816=CARTESIAN_POINT('',(0.00215597526943101,-0.0164346308673356,0.0127));
#1817=CARTESIAN_POINT('',(0.0009923513664849,-0.0140403502815608,0.0127));
#1818=CARTESIAN_POINT('',(0.000540153990918229,-0.0130576066711872,0.0127));
#1819=CARTESIAN_POINT('',(0.000540153990918229,-0.0130576066711872,0.0127));
#1820=CARTESIAN_POINT('',(0.000540153990918229,-0.0130576066711872,0.0127));
#1821=CARTESIAN_POINT('',(0.000540153990918275,-0.0130576066711872,0.0127));
#1822=CARTESIAN_POINT('',(0.000540153990918275,-0.0130576066711872,5.20417042793042E-18));
#1823=CARTESIAN_POINT('',(-0.000535357037647819,-0.0141117351749881,0.0127));
#1824=CARTESIAN_POINT('',(-0.000535357037647819,-0.0141117351749881,5.20417042793042E-18));
#1825=CARTESIAN_POINT('',(-0.00335615528419328,-0.0169628077494323,0.0127));
#1826=CARTESIAN_POINT('',(-0.00335615528419328,-0.0169628077494323,1.04083408558608E-17));
#1827=CARTESIAN_POINT('',(-0.00841539053265859,-0.0217046313228975,0.0127));
#1828=CARTESIAN_POINT('',(-0.00841539053265859,-0.0217046313228975,0.));
#1829=CARTESIAN_POINT('',(-0.0123550506018248,-0.0249182184311111,0.0127));
#1830=CARTESIAN_POINT('',(-0.0123550506018248,-0.0249182184311111,5.20417042793042E-18));
#1831=CARTESIAN_POINT('',(-0.0149047124625919,-0.0267833000181334,0.0127));
#1832=CARTESIAN_POINT('',(-0.0149047124625919,-0.0267833000181334,6.93889390390723E-18));
#1833=CARTESIAN_POINT('',(-0.015916932031098,-0.0274312490208208,0.0127));
#1834=CARTESIAN_POINT('',(-0.015916932031098,-0.0274312490208208,5.20417042793042E-18));
#1835=CARTESIAN_POINT('',(-0.0163811646351842,-0.0276873405907309,0.0127));
#1836=CARTESIAN_POINT('',(-0.0163811646351842,-0.0276873405907309,5.20417042793042E-18));
#1837=CARTESIAN_POINT('',(0.000540153990918275,-0.0130576066711872,0.));
#1838=CARTESIAN_POINT('',(2.39847663525049E-6,-0.0135846709230876,0.));
#1839=CARTESIAN_POINT('',(-0.00124316336521738,-0.0148244202241633,0.));
#1840=CARTESIAN_POINT('',(-0.00345975287803369,-0.0170184708979855,0.));
#1841=CARTESIAN_POINT('',(-0.00547895440171769,-0.0189562096432371,0.));
#1842=CARTESIAN_POINT('',(-0.00713072197128189,-0.0204711826167,0.));
#1843=CARTESIAN_POINT('',(-0.00877423731523378,-0.0219300726179066,0.));
#1844=CARTESIAN_POINT('',(-0.0107800043827009,-0.0236291055897812,0.));
#1845=CARTESIAN_POINT('',(-0.012992951068359,-0.0253856767713502,0.));
#1846=CARTESIAN_POINT('',(-0.0145837873852933,-0.0265494679970949,0.));
#1847=CARTESIAN_POINT('',(-0.0156677713591683,-0.0272702784622416,0.));
#1848=CARTESIAN_POINT('',(-0.0161490483331411,-0.0275592948057758,0.));
#1849=CARTESIAN_POINT('',(-0.0163811646351842,-0.0276873405907309,0.));
#1850=CARTESIAN_POINT('',(-0.0163811646351842,-0.0276873405907308,0.));
#1851=CARTESIAN_POINT('',(0.000540153990918275,-0.0130576066711872,0.0127));
#1852=CARTESIAN_POINT('',(2.39847663525049E-6,-0.0135846709230876,0.0127));
#1853=CARTESIAN_POINT('',(-0.00124316336521738,-0.0148244202241633,0.0127));
#1854=CARTESIAN_POINT('',(-0.00345975287803369,-0.0170184708979855,0.0127));
#1855=CARTESIAN_POINT('',(-0.00547895440171769,-0.0189562096432371,0.0127));
#1856=CARTESIAN_POINT('',(-0.00713072197128189,-0.0204711826167,0.0127));
#1857=CARTESIAN_POINT('',(-0.00877423731523378,-0.0219300726179066,0.0127));
#1858=CARTESIAN_POINT('',(-0.0107800043827009,-0.0236291055897812,0.0127));
#1859=CARTESIAN_POINT('',(-0.012992951068359,-0.0253856767713502,0.0127));
#1860=CARTESIAN_POINT('',(-0.0145837873852933,-0.0265494679970949,0.0127));
#1861=CARTESIAN_POINT('',(-0.0156677713591683,-0.0272702784622416,0.0127));
#1862=CARTESIAN_POINT('',(-0.0161490483331411,-0.0275592948057758,0.0127));
#1863=CARTESIAN_POINT('',(-0.0163811646351842,-0.0276873405907309,0.0127));
#1864=CARTESIAN_POINT('',(-0.0163811646351842,-0.0276873405907308,0.0127));
#1865=CARTESIAN_POINT('',(-0.0163811646351842,-0.0276873405907308,0.0127));
#1866=CARTESIAN_POINT('',(-0.0163811646351842,-0.0276873405907308,0.0127));
#1867=CARTESIAN_POINT('',(-0.0163811646351842,-0.0276873405907308,5.20417042793042E-18));
#1868=CARTESIAN_POINT('',(-0.0163541093269033,-0.0280843993045854,0.0127));
#1869=CARTESIAN_POINT('',(-0.0163541093269033,-0.0280843993045854,5.20417042793042E-18));
#1870=CARTESIAN_POINT('',(-0.0162573359357164,-0.0290935257838493,0.0127));
#1871=CARTESIAN_POINT('',(-0.0162573359357164,-0.0290935257838493,6.93889390390723E-18));
#1872=CARTESIAN_POINT('',(-0.0160330239133673,-0.0309682164501874,0.0127));
#1873=CARTESIAN_POINT('',(-0.0160330239133673,-0.0309682164501874,0.));
#1874=CARTESIAN_POINT('',(-0.0157812181744563,-0.0330026852733016,0.0127));
#1875=CARTESIAN_POINT('',(-0.0157812181744563,-0.0330026852733016,6.93889390390723E-18));
#1876=CARTESIAN_POINT('',(-0.0155902417995318,-0.0346750841761959,0.0127));
#1877=CARTESIAN_POINT('',(-0.0155902417995318,-0.0346750841761959,5.20417042793042E-18));
#1878=CARTESIAN_POINT('',(-0.0154737631697319,-0.0359160918853082,0.0127));
#1879=CARTESIAN_POINT('',(-0.0154737631697319,-0.0359160918853082,3.46944695195361E-18));
#1880=CARTESIAN_POINT('',(-0.0154108927882741,-0.0367816398797785,0.0127));
#1881=CARTESIAN_POINT('',(-0.0154108927882741,-0.0367816398797785,8.67361737988404E-18));
#1882=CARTESIAN_POINT('',(-0.0153799614179941,-0.0375722597995704,0.0127));
#1883=CARTESIAN_POINT('',(-0.0153799614179941,-0.0375722597995704,0.));
#1884=CARTESIAN_POINT('',(-0.0153885142505181,-0.038172196301127,0.0127));
#1885=CARTESIAN_POINT('',(-0.0153885142505181,-0.038172196301127,5.20417042793042E-18));
#1886=CARTESIAN_POINT('',(-0.0154318226408905,-0.0386513205008774,0.0127));
#1887=CARTESIAN_POINT('',(-0.0154318226408905,-0.0386513205008774,3.46944695195361E-18));
#1888=CARTESIAN_POINT('',(-0.0154969014805251,-0.039035492957476,0.0127));
#1889=CARTESIAN_POINT('',(-0.0154969014805251,-0.039035492957476,5.20417042793042E-18));
#1890=CARTESIAN_POINT('',(-0.0156313432887632,-0.0395028742066961,0.0127));
#1891=CARTESIAN_POINT('',(-0.0156313432887632,-0.0395028742066961,5.20417042793042E-18));
#1892=CARTESIAN_POINT('',(-0.0159741555611037,-0.0401376014112904,0.0127));
#1893=CARTESIAN_POINT('',(-0.0159741555611037,-0.0401376014112904,5.20417042793042E-18));
#1894=CARTESIAN_POINT('',(-0.0166680274487361,-0.040723977835643,0.0127));
#1895=CARTESIAN_POINT('',(-0.0166680274487361,-0.040723977835643,1.73472347597681E-18));
#1896=CARTESIAN_POINT('',(-0.0174346504368319,-0.0409529053005608,0.0127));
#1897=CARTESIAN_POINT('',(-0.0174346504368319,-0.0409529053005608,3.46944695195361E-18));
#1898=CARTESIAN_POINT('',(-0.0179403842791007,-0.0409585040261145,0.0127));
#1899=CARTESIAN_POINT('',(-0.0179403842791007,-0.0409585040261145,3.46944695195361E-18));
#1900=CARTESIAN_POINT('',(-0.0181308801860217,-0.0409372785726199,0.0127));
#1901=CARTESIAN_POINT('',(-0.0181308801860217,-0.0409372785726199,3.46944695195361E-18));
#1902=CARTESIAN_POINT('',(-0.0182012623454972,-0.04092855167921,0.0127));
#1903=CARTESIAN_POINT('',(-0.0182012623454972,-0.04092855167921,3.46944695195361E-18));
#1904=CARTESIAN_POINT('',(-0.0163811646351842,-0.0276873405907308,0.));
#1905=CARTESIAN_POINT('',(-0.0163541093269033,-0.0280843993045853,0.));
#1906=CARTESIAN_POINT('',(-0.016257336188538,-0.0290935440591803,0.));
#1907=CARTESIAN_POINT('',(-0.0160704085551663,-0.0306557177486377,0.));
#1908=CARTESIAN_POINT('',(-0.0159071222448141,-0.0319855376695659,0.));
#1909=CARTESIAN_POINT('',(-0.0157840459261619,-0.0329991674398251,0.));
#1910=CARTESIAN_POINT('',(-0.0156666371862779,-0.0340063140713,0.));
#1911=CARTESIAN_POINT('',(-0.0155611224249405,-0.0349852855635079,0.));
#1912=CARTESIAN_POINT('',(-0.0154737572015206,-0.0359161045889108,0.));
#1913=CARTESIAN_POINT('',(-0.0154213898488038,-0.0366373837692653,0.));
#1914=CARTESIAN_POINT('',(-0.0153953947022602,-0.0371769438995367,0.));
#1915=CARTESIAN_POINT('',(-0.0153850388945673,-0.0375632116263238,0.));
#1916=CARTESIAN_POINT('',(-0.015385412996744,-0.0379330722746685,0.));
#1917=CARTESIAN_POINT('',(-0.0153992730606526,-0.0382917450928204,0.));
#1918=CARTESIAN_POINT('',(-0.0154317759114893,-0.0386513989596919,0.));
#1919=CARTESIAN_POINT('',(-0.0154971566855886,-0.0390354113804622,0.));
#1920=CARTESIAN_POINT('',(-0.0156303691979107,-0.0395031220559384,0.));
#1921=CARTESIAN_POINT('',(-0.0159198921325268,-0.0400310966687684,0.));
#1922=CARTESIAN_POINT('',(-0.0163161168128268,-0.0404320304287798,0.));
#1923=CARTESIAN_POINT('',(-0.0166773291013913,-0.0406783106864576,0.));
#1924=CARTESIAN_POINT('',(-0.0170554825744886,-0.0408411448798136,0.));
#1925=CARTESIAN_POINT('',(-0.0174009211215122,-0.0409247147259206,0.));
#1926=CARTESIAN_POINT('',(-0.0176878464146298,-0.0409540992805052,0.));
#1927=CARTESIAN_POINT('',(-0.0179878108218326,-0.0409541608924403,0.));
#1928=CARTESIAN_POINT('',(-0.0181308801860216,-0.04093727857262,0.));
#1929=CARTESIAN_POINT('',(-0.0182012623454972,-0.04092855167921,0.));
#1930=CARTESIAN_POINT('',(-0.0182012623454971,-0.04092855167921,0.));
#1931=CARTESIAN_POINT('',(-0.0163811646351842,-0.0276873405907308,0.0127));
#1932=CARTESIAN_POINT('',(-0.0163541093269033,-0.0280843993045853,0.0127));
#1933=CARTESIAN_POINT('',(-0.016257336188538,-0.0290935440591803,0.0127));
#1934=CARTESIAN_POINT('',(-0.0160704085551663,-0.0306557177486377,0.0127));
#1935=CARTESIAN_POINT('',(-0.0159071222448141,-0.0319855376695659,0.0127));
#1936=CARTESIAN_POINT('',(-0.0157840459261619,-0.0329991674398251,0.0127));
#1937=CARTESIAN_POINT('',(-0.0156666371862779,-0.0340063140713,0.0127));
#1938=CARTESIAN_POINT('',(-0.0155611224249405,-0.0349852855635079,0.0127));
#1939=CARTESIAN_POINT('',(-0.0154737572015206,-0.0359161045889108,0.0127));
#1940=CARTESIAN_POINT('',(-0.0154213898488038,-0.0366373837692653,0.0127));
#1941=CARTESIAN_POINT('',(-0.0153953947022602,-0.0371769438995367,0.0127));
#1942=CARTESIAN_POINT('',(-0.0153850388945673,-0.0375632116263238,0.0127));
#1943=CARTESIAN_POINT('',(-0.015385412996744,-0.0379330722746685,0.0127));
#1944=CARTESIAN_POINT('',(-0.0153992730606526,-0.0382917450928204,0.0127));
#1945=CARTESIAN_POINT('',(-0.0154317759114893,-0.0386513989596919,0.0127));
#1946=CARTESIAN_POINT('',(-0.0154971566855886,-0.0390354113804622,0.0127));
#1947=CARTESIAN_POINT('',(-0.0156303691979107,-0.0395031220559384,0.0127));
#1948=CARTESIAN_POINT('',(-0.0159198921325268,-0.0400310966687684,0.0127));
#1949=CARTESIAN_POINT('',(-0.0163161168128268,-0.0404320304287798,0.0127));
#1950=CARTESIAN_POINT('',(-0.0166773291013913,-0.0406783106864576,0.0127));
#1951=CARTESIAN_POINT('',(-0.0170554825744886,-0.0408411448798136,0.0127));
#1952=CARTESIAN_POINT('',(-0.0174009211215122,-0.0409247147259206,0.0127));
#1953=CARTESIAN_POINT('',(-0.0176878464146298,-0.0409540992805052,0.0127));
#1954=CARTESIAN_POINT('',(-0.0179878108218326,-0.0409541608924403,0.0127));
#1955=CARTESIAN_POINT('',(-0.0181308801860216,-0.04093727857262,0.0127));
#1956=CARTESIAN_POINT('',(-0.0182012623454972,-0.04092855167921,0.0127));
#1957=CARTESIAN_POINT('',(-0.0182012623454971,-0.04092855167921,0.0127));
#1958=CARTESIAN_POINT('',(-0.0182012623454971,-0.04092855167921,0.0127));
#1959=CARTESIAN_POINT('',(-0.0182012623454971,-0.04092855167921,0.0127));
#1960=CARTESIAN_POINT('',(-0.0182012623454971,-0.04092855167921,-1.38777878078145E-17));
#1961=CARTESIAN_POINT('',(-0.0183056759885322,-0.0409785387179528,0.0127));
#1962=CARTESIAN_POINT('',(-0.0183056759885322,-0.0409785387179528,-1.38777878078145E-17));
#1963=CARTESIAN_POINT('',(-0.0185382276509094,-0.0411058523080632,0.0127));
#1964=CARTESIAN_POINT('',(-0.0185382276509094,-0.0411058523080632,-1.73472347597681E-17));
#1965=CARTESIAN_POINT('',(-0.0189307480620262,-0.0413242399904218,0.0127));
#1966=CARTESIAN_POINT('',(-0.0189307480620262,-0.0413242399904218,-1.56125112837913E-17));
#1967=CARTESIAN_POINT('',(-0.019284283270695,-0.0415043238359086,0.0127));
#1968=CARTESIAN_POINT('',(-0.019284283270695,-0.0415043238359086,-1.38777878078145E-17));
#1969=CARTESIAN_POINT('',(-0.0197264474021652,-0.0416868299324987,0.0127));
#1970=CARTESIAN_POINT('',(-0.0197264474021652,-0.0416868299324987,-1.56125112837913E-17));
#1971=CARTESIAN_POINT('',(-0.0204577515038244,-0.0418635414223706,0.0127));
#1972=CARTESIAN_POINT('',(-0.0204577515038244,-0.0418635414223706,-1.90819582357449E-17));
#1973=CARTESIAN_POINT('',(-0.0215283850447821,-0.0416900979495676,0.0127));
#1974=CARTESIAN_POINT('',(-0.0215283850447821,-0.0416900979495676,-1.38777878078145E-17));
#1975=CARTESIAN_POINT('',(-0.0222984942271644,-0.0411227246826222,0.0127));
#1976=CARTESIAN_POINT('',(-0.0222984942271644,-0.0411227246826222,-1.56125112837913E-17));
#1977=CARTESIAN_POINT('',(-0.0226623915052859,-0.0406372145638221,0.0127));
#1978=CARTESIAN_POINT('',(-0.0226623915052859,-0.0406372145638221,-1.73472347597681E-17));
#1979=CARTESIAN_POINT('',(-0.0228752878131258,-0.0402708698079029,0.0127));
#1980=CARTESIAN_POINT('',(-0.0228752878131258,-0.0402708698079029,-1.38777878078145E-17));
#1981=CARTESIAN_POINT('',(-0.0230336786280891,-0.0399605853270592,0.0127));
#1982=CARTESIAN_POINT('',(-0.0230336786280891,-0.0399605853270592,-1.38777878078145E-17));
#1983=CARTESIAN_POINT('',(-0.0232312888546577,-0.0395670172681557,0.0127));
#1984=CARTESIAN_POINT('',(-0.0232312888546577,-0.0395670172681557,-1.56125112837913E-17));
#1985=CARTESIAN_POINT('',(-0.0235280397861398,-0.0390276822643805,0.0127));
#1986=CARTESIAN_POINT('',(-0.0235280397861398,-0.0390276822643805,-8.67361737988404E-18));
#1987=CARTESIAN_POINT('',(-0.0240953150654311,-0.0381120667006049,0.0127));
#1988=CARTESIAN_POINT('',(-0.0240953150654311,-0.0381120667006049,-2.08166817117217E-17));
#1989=CARTESIAN_POINT('',(-0.0247782257271497,-0.037069440266716,0.0127));
#1990=CARTESIAN_POINT('',(-0.0247782257271497,-0.037069440266716,-1.04083408558608E-17));
#1991=CARTESIAN_POINT('',(-0.025790446736402,-0.0355730193048674,0.0127));
#1992=CARTESIAN_POINT('',(-0.025790446736402,-0.0355730193048674,-1.73472347597681E-17));
#1993=CARTESIAN_POINT('',(-0.0268561142025722,-0.0340413092407915,0.0127));
#1994=CARTESIAN_POINT('',(-0.0268561142025722,-0.0340413092407915,-1.38777878078145E-17));
#1995=CARTESIAN_POINT('',(-0.0277996819730081,-0.0326862228300551,0.0127));
#1996=CARTESIAN_POINT('',(-0.0277996819730081,-0.0326862228300551,-1.56125112837913E-17));
#1997=CARTESIAN_POINT('',(-0.0284029022565988,-0.0318096973612976,0.0127));
#1998=CARTESIAN_POINT('',(-0.0284029022565988,-0.0318096973612976,-1.56125112837913E-17));
#1999=CARTESIAN_POINT('',(-0.0288734813708788,-0.0311040256883066,0.0127));
#2000=CARTESIAN_POINT('',(-0.0288734813708788,-0.0311040256883066,-1.38777878078145E-17));
#2001=CARTESIAN_POINT('',(-0.0290730667503737,-0.0307670674474358,0.0127));
#2002=CARTESIAN_POINT('',(-0.0290730667503737,-0.0307670674474358,-1.38777878078145E-17));
#2003=CARTESIAN_POINT('',(-0.029116372964664,-0.0306974173114562,0.0127));
#2004=CARTESIAN_POINT('',(-0.029116372964664,-0.0306974173114562,-1.38777878078145E-17));
#2005=CARTESIAN_POINT('',(-0.0182012623454971,-0.04092855167921,0.));
#2006=CARTESIAN_POINT('',(-0.0182534691670146,-0.0409535451985814,0.));
#2007=CARTESIAN_POINT('',(-0.0183848765676919,-0.0410210197504337,0.));
#2008=CARTESIAN_POINT('',(-0.0186357348169419,-0.0411603915804068,0.));
#2009=CARTESIAN_POINT('',(-0.018931556450646,-0.0413244274142953,0.));
#2010=CARTESIAN_POINT('',(-0.0192233199525769,-0.0414737643929333,0.));
#2011=CARTESIAN_POINT('',(-0.0195088770687186,-0.0415965212431385,0.));
#2012=CARTESIAN_POINT('',(-0.0197642990884877,-0.0416872831732934,0.));
#2013=CARTESIAN_POINT('',(-0.0200817509605107,-0.041769531051962,0.));
#2014=CARTESIAN_POINT('',(-0.0205034252039274,-0.0418190683216104,0.));
#2015=CARTESIAN_POINT('',(-0.0209903866860245,-0.0417852892331448,0.));
#2016=CARTESIAN_POINT('',(-0.0214896119042504,-0.0416396418464813,0.));
#2017=CARTESIAN_POINT('',(-0.021920951607092,-0.0414028012841929,0.));
#2018=CARTESIAN_POINT('',(-0.0222464195999522,-0.041134167446068,0.));
#2019=CARTESIAN_POINT('',(-0.0224781234518257,-0.0408787401754133,0.));
#2020=CARTESIAN_POINT('',(-0.0226992068769541,-0.0405768738559089,0.));
#2021=CARTESIAN_POINT('',(-0.02287489100187,-0.0402705662842873,0.));
#2022=CARTESIAN_POINT('',(-0.0230335873264273,-0.0399608786151106,0.));
#2023=CARTESIAN_POINT('',(-0.0231578048176699,-0.0397139294810949,0.));
#2024=CARTESIAN_POINT('',(-0.0232648403866098,-0.0395095040736224,0.));
#2025=CARTESIAN_POINT('',(-0.0233785997068784,-0.0393001763652733,0.));
#2026=CARTESIAN_POINT('',(-0.0235556690273509,-0.038992259072493,0.));
#2027=CARTESIAN_POINT('',(-0.0238135509261641,-0.0385668839132361,0.));
#2028=CARTESIAN_POINT('',(-0.0242080509276753,-0.0379400235052138,0.));
#2029=CARTESIAN_POINT('',(-0.0247786014576359,-0.037068842220687,0.));
#2030=CARTESIAN_POINT('',(-0.0255372628058921,-0.0359473236679313,0.));
#2031=CARTESIAN_POINT('',(-0.0263234194517889,-0.0348069658284504,0.));
#2032=CARTESIAN_POINT('',(-0.0270920251896494,-0.0337025312045847,0.));
#2033=CARTESIAN_POINT('',(-0.0277994668128335,-0.0326864470085247,0.));
#2034=CARTESIAN_POINT('',(-0.0283030310128298,-0.0319550804022055,0.));
#2035=CARTESIAN_POINT('',(-0.0286370369994807,-0.0314580848561012,0.));
#2036=CARTESIAN_POINT('',(-0.0288149313908678,-0.0311859093160311,0.));
#2037=CARTESIAN_POINT('',(-0.0289405596866592,-0.0309859404806861,0.));
#2038=CARTESIAN_POINT('',(-0.0290428539598958,-0.0308184175140642,0.));
#2039=CARTESIAN_POINT('',(-0.0290947198575188,-0.030732242379446,0.));
#2040=CARTESIAN_POINT('',(-0.029116372964664,-0.0306974173114562,0.));
#2041=CARTESIAN_POINT('',(-0.0291163729646639,-0.0306974173114562,0.));
#2042=CARTESIAN_POINT('',(-0.0182012623454971,-0.04092855167921,0.0127));
#2043=CARTESIAN_POINT('',(-0.0182534691670146,-0.0409535451985814,0.0127));
#2044=CARTESIAN_POINT('',(-0.0183848765676919,-0.0410210197504337,0.0127));
#2045=CARTESIAN_POINT('',(-0.0186357348169419,-0.0411603915804068,0.0127));
#2046=CARTESIAN_POINT('',(-0.018931556450646,-0.0413244274142953,0.0127));
#2047=CARTESIAN_POINT('',(-0.0192233199525769,-0.0414737643929333,0.0127));
#2048=CARTESIAN_POINT('',(-0.0195088770687186,-0.0415965212431385,0.0127));
#2049=CARTESIAN_POINT('',(-0.0197642990884877,-0.0416872831732934,0.0127));
#2050=CARTESIAN_POINT('',(-0.0200817509605107,-0.041769531051962,0.0127));
#2051=CARTESIAN_POINT('',(-0.0205034252039274,-0.0418190683216104,0.0127));
#2052=CARTESIAN_POINT('',(-0.0209903866860245,-0.0417852892331448,0.0127));
#2053=CARTESIAN_POINT('',(-0.0214896119042504,-0.0416396418464813,0.0127));
#2054=CARTESIAN_POINT('',(-0.021920951607092,-0.0414028012841929,0.0127));
#2055=CARTESIAN_POINT('',(-0.0222464195999522,-0.041134167446068,0.0127));
#2056=CARTESIAN_POINT('',(-0.0224781234518257,-0.0408787401754133,0.0127));
#2057=CARTESIAN_POINT('',(-0.0226992068769541,-0.0405768738559089,0.0127));
#2058=CARTESIAN_POINT('',(-0.02287489100187,-0.0402705662842873,0.0127));
#2059=CARTESIAN_POINT('',(-0.0230335873264273,-0.0399608786151106,0.0127));
#2060=CARTESIAN_POINT('',(-0.0231578048176699,-0.0397139294810949,0.0127));
#2061=CARTESIAN_POINT('',(-0.0232648403866098,-0.0395095040736224,0.0127));
#2062=CARTESIAN_POINT('',(-0.0233785997068784,-0.0393001763652733,0.0127));
#2063=CARTESIAN_POINT('',(-0.0235556690273509,-0.038992259072493,0.0127));
#2064=CARTESIAN_POINT('',(-0.0238135509261641,-0.0385668839132361,0.0127));
#2065=CARTESIAN_POINT('',(-0.0242080509276753,-0.0379400235052138,0.0127));
#2066=CARTESIAN_POINT('',(-0.0247786014576359,-0.037068842220687,0.0127));
#2067=CARTESIAN_POINT('',(-0.0255372628058921,-0.0359473236679313,0.0127));
#2068=CARTESIAN_POINT('',(-0.0263234194517889,-0.0348069658284504,0.0127));
#2069=CARTESIAN_POINT('',(-0.0270920251896494,-0.0337025312045847,0.0127));
#2070=CARTESIAN_POINT('',(-0.0277994668128335,-0.0326864470085247,0.0127));
#2071=CARTESIAN_POINT('',(-0.0283030310128298,-0.0319550804022055,0.0127));
#2072=CARTESIAN_POINT('',(-0.0286370369994807,-0.0314580848561012,0.0127));
#2073=CARTESIAN_POINT('',(-0.0288149313908678,-0.0311859093160311,0.0127));
#2074=CARTESIAN_POINT('',(-0.0289405596866592,-0.0309859404806861,0.0127));
#2075=CARTESIAN_POINT('',(-0.0290428539598958,-0.0308184175140642,0.0127));
#2076=CARTESIAN_POINT('',(-0.0290947198575188,-0.030732242379446,0.0127));
#2077=CARTESIAN_POINT('',(-0.029116372964664,-0.0306974173114562,0.0127));
#2078=CARTESIAN_POINT('',(-0.0291163729646639,-0.0306974173114562,0.0127));
#2079=CARTESIAN_POINT('',(-0.0291163729646639,-0.0306974173114562,0.0127));
#2080=CARTESIAN_POINT('',(-0.0291163729646652,-0.0306974173114558,0.0127));
#2081=CARTESIAN_POINT('',(-0.0291163729646652,-0.0306974173114558,1.04083408558608E-17));
#2082=CARTESIAN_POINT('',(-0.0292234739933605,-0.0306121206031064,0.0127));
#2083=CARTESIAN_POINT('',(-0.0292234739933605,-0.0306121206031064,1.04083408558608E-17));
#2084=CARTESIAN_POINT('',(-0.0300266310327208,-0.0300570401363151,0.0127));
#2085=CARTESIAN_POINT('',(-0.0300266310327208,-0.0300570401363151,1.56125112837913E-17));
#2086=CARTESIAN_POINT('',(-0.0320692077274416,-0.0287729243105272,0.0127));
#2087=CARTESIAN_POINT('',(-0.0320692077274416,-0.0287729243105272,1.21430643318376E-17));
#2088=CARTESIAN_POINT('',(-0.0344862336778662,-0.0272558347980308,0.0127));
#2089=CARTESIAN_POINT('',(-0.0344862336778662,-0.0272558347980308,6.93889390390723E-18));
#2090=CARTESIAN_POINT('',(-0.036444990070593,-0.0259914841133036,0.0127));
#2091=CARTESIAN_POINT('',(-0.036444990070593,-0.0259914841133036,1.04083408558608E-17));
#2092=CARTESIAN_POINT('',(-0.0377779858973419,-0.0250791745059805,0.0127));
#2093=CARTESIAN_POINT('',(-0.0377779858973419,-0.0250791745059805,8.67361737988404E-18));
#2094=CARTESIAN_POINT('',(-0.0386247151118842,-0.0244536984169082,0.0127));
#2095=CARTESIAN_POINT('',(-0.0386247151118842,-0.0244536984169082,6.93889390390723E-18));
#2096=CARTESIAN_POINT('',(-0.0391865073630593,-0.0239871914750179,0.0127));
#2097=CARTESIAN_POINT('',(-0.0391865073630593,-0.0239871914750179,1.04083408558608E-17));
#2098=CARTESIAN_POINT('',(-0.0396373123567372,-0.0234992509929802,0.0127));
#2099=CARTESIAN_POINT('',(-0.0396373123567372,-0.0234992509929802,1.38777878078145E-17));
#2100=CARTESIAN_POINT('',(-0.0399755179226623,-0.0229936972243548,0.0127));
#2101=CARTESIAN_POINT('',(-0.0399755179226623,-0.0229936972243548,6.93889390390723E-18));
#2102=CARTESIAN_POINT('',(-0.0402181038404945,-0.0223251188627937,0.0127));
#2103=CARTESIAN_POINT('',(-0.0402181038404945,-0.0223251188627937,1.21430643318376E-17));
#2104=CARTESIAN_POINT('',(-0.0402680784588432,-0.0216569729010703,0.0127));
#2105=CARTESIAN_POINT('',(-0.0402680784588432,-0.0216569729010703,1.21430643318376E-17));
#2106=CARTESIAN_POINT('',(-0.0402004762383191,-0.0211454094775505,0.0127));
#2107=CARTESIAN_POINT('',(-0.0402004762383191,-0.0211454094775505,5.20417042793042E-18));
#2108=CARTESIAN_POINT('',(-0.0401094894245992,-0.0207744502028598,0.0127));
#2109=CARTESIAN_POINT('',(-0.0401094894245992,-0.0207744502028598,8.67361737988404E-18));
#2110=CARTESIAN_POINT('',(-0.0400179047090536,-0.0204602597994237,0.0127));
#2111=CARTESIAN_POINT('',(-0.0400179047090536,-0.0204602597994237,8.67361737988404E-18));
#2112=CARTESIAN_POINT('',(-0.0398693255498651,-0.0199987356451462,0.0127));
#2113=CARTESIAN_POINT('',(-0.0398693255498651,-0.0199987356451462,8.67361737988404E-18));
#2114=CARTESIAN_POINT('',(-0.0396463148762518,-0.0193831820859271,0.0127));
#2115=CARTESIAN_POINT('',(-0.0396463148762518,-0.0193831820859271,1.21430643318376E-17));
#2116=CARTESIAN_POINT('',(-0.0393294899897263,-0.0186098767042488,0.0127));
#2117=CARTESIAN_POINT('',(-0.0393294899897263,-0.0186098767042488,6.93889390390723E-18));
#2118=CARTESIAN_POINT('',(-0.0389742451714637,-0.0178541861200833,0.0127));
#2119=CARTESIAN_POINT('',(-0.0389742451714637,-0.0178541861200833,1.38777878078145E-17));
#2120=CARTESIAN_POINT('',(-0.0386458315559666,-0.0172655848014827,0.0127));
#2121=CARTESIAN_POINT('',(-0.0386458315559666,-0.0172655848014827,5.20417042793042E-18));
#2122=CARTESIAN_POINT('',(-0.0383119061654101,-0.0167959910194959,0.0127));
#2123=CARTESIAN_POINT('',(-0.0383119061654101,-0.0167959910194959,1.21430643318376E-17));
#2124=CARTESIAN_POINT('',(-0.0379628000686477,-0.0164026531466316,0.0127));
#2125=CARTESIAN_POINT('',(-0.0379628000686477,-0.0164026531466316,6.93889390390723E-18));
#2126=CARTESIAN_POINT('',(-0.0373586344584658,-0.0159671884269128,0.0127));
#2127=CARTESIAN_POINT('',(-0.0373586344584658,-0.0159671884269128,8.67361737988404E-18));
#2128=CARTESIAN_POINT('',(-0.0365622235081746,-0.0157405784224812,0.0127));
#2129=CARTESIAN_POINT('',(-0.0365622235081746,-0.0157405784224812,8.67361737988404E-18));
#2130=CARTESIAN_POINT('',(-0.0359471566839476,-0.0157570499352891,0.0127));
#2131=CARTESIAN_POINT('',(-0.0359471566839476,-0.0157570499352891,8.67361737988404E-18));
#2132=CARTESIAN_POINT('',(-0.0355542290168978,-0.0158244331346735,0.0127));
#2133=CARTESIAN_POINT('',(-0.0355542290168978,-0.0158244331346735,1.21430643318376E-17));
#2134=CARTESIAN_POINT('',(-0.0352641888129255,-0.015889859371309,0.0127));
#2135=CARTESIAN_POINT('',(-0.0352641888129255,-0.015889859371309,8.67361737988404E-18));
#2136=CARTESIAN_POINT('',(-0.0349145976503279,-0.0159707439190877,0.0127));
#2137=CARTESIAN_POINT('',(-0.0349145976503279,-0.0159707439190877,1.38777878078145E-17));
#2138=CARTESIAN_POINT('',(-0.0343727606148042,-0.0160724522003891,0.0127));
#2139=CARTESIAN_POINT('',(-0.0343727606148042,-0.0160724522003891,3.46944695195361E-18));
#2140=CARTESIAN_POINT('',(-0.0333381612486337,-0.016215019852644,0.0127));
#2141=CARTESIAN_POINT('',(-0.0333381612486337,-0.016215019852644,8.67361737988404E-18));
#2142=CARTESIAN_POINT('',(-0.0320980718569049,-0.0163548692132231,0.0127));
#2143=CARTESIAN_POINT('',(-0.0320980718569049,-0.0163548692132231,1.21430643318376E-17));
#2144=CARTESIAN_POINT('',(-0.0307110598920239,-0.0164885822524625,0.0127));
#2145=CARTESIAN_POINT('',(-0.0307110598920239,-0.0164885822524625,8.67361737988404E-18));
#2146=CARTESIAN_POINT('',(-0.0287710685046601,-0.0166506833535448,0.0127));
#2147=CARTESIAN_POINT('',(-0.0287710685046601,-0.0166506833535448,8.67361737988404E-18));
#2148=CARTESIAN_POINT('',(-0.0263531379923444,-0.0168117165727119,0.0127));
#2149=CARTESIAN_POINT('',(-0.0263531379923444,-0.0168117165727119,6.93889390390723E-18));
#2150=CARTESIAN_POINT('',(-0.0248023243063368,-0.0168713460035083,0.0127));
#2151=CARTESIAN_POINT('',(-0.0248023243063368,-0.0168713460035083,1.04083408558608E-17));
#2152=CARTESIAN_POINT('',(-0.0242363422571147,-0.0168787248969268,0.0127));
#2153=CARTESIAN_POINT('',(-0.0242363422571147,-0.0168787248969268,1.04083408558608E-17));
#2154=CARTESIAN_POINT('',(-0.0291163729646652,-0.0306974173114558,0.));
#2155=CARTESIAN_POINT('',(-0.0291431482218391,-0.0306760931343684,0.));
#2156=CARTESIAN_POINT('',(-0.0292309635540301,-0.0306092519968814,0.));
#2157=CARTESIAN_POINT('',(-0.029545419975159,-0.0303888454108317,0.));
#2158=CARTESIAN_POINT('',(-0.0301304276418063,-0.0300020241602941,0.));
#2159=CARTESIAN_POINT('',(-0.0310474983229494,-0.0294164393901746,0.));
#2160=CARTESIAN_POINT('',(-0.0321160635209913,-0.0287435592640797,0.));
#2161=CARTESIAN_POINT('',(-0.0332779432134366,-0.0280138957299627,0.));
#2162=CARTESIAN_POINT('',(-0.0344777902384209,-0.0272559477544004,0.));
#2163=CARTESIAN_POINT('',(-0.0356617796209239,-0.026497190731445,0.));
#2164=CARTESIAN_POINT('',(-0.0367781067376479,-0.0257635763339897,0.));
#2165=CARTESIAN_POINT('',(-0.037611536913316,-0.0251927041153835,0.));
#2166=CARTESIAN_POINT('',(-0.0382010610727675,-0.0247673189016634,0.));
#2167=CARTESIAN_POINT('',(-0.0386026315130936,-0.0244629123191191,0.));
#2168=CARTESIAN_POINT('',(-0.0389641250330309,-0.0241688900821135,0.));
#2169=CARTESIAN_POINT('',(-0.0392985356474525,-0.0238664551911092,0.));
#2170=CARTESIAN_POINT('',(-0.0396376696424005,-0.0234991598162379,0.));
#2171=CARTESIAN_POINT('',(-0.039918579727096,-0.0230772042149759,0.));
#2172=CARTESIAN_POINT('',(-0.040097766506687,-0.0226607798263934,0.));
#2173=CARTESIAN_POINT('',(-0.0401935645343372,-0.0223251911805751,0.));
#2174=CARTESIAN_POINT('',(-0.0402439870994474,-0.0219896010279065,0.));
#2175=CARTESIAN_POINT('',(-0.0402562743114113,-0.0215724658644694,0.));
#2176=CARTESIAN_POINT('',(-0.0402008304855265,-0.0211458519418049,0.));
#2177=CARTESIAN_POINT('',(-0.040124128262608,-0.0208341958218927,0.));
#2178=CARTESIAN_POINT('',(-0.0400645723530849,-0.0206210121764388,0.));
#2179=CARTESIAN_POINT('',(-0.0399988341361911,-0.0204004878486005,0.));
#2180=CARTESIAN_POINT('',(-0.0399065775100451,-0.0201145636910771,0.));
#2181=CARTESIAN_POINT('',(-0.0397803118465214,-0.0197533133113308,0.));
#2182=CARTESIAN_POINT('',(-0.0395934111775478,-0.0192538305620272,0.));
#2183=CARTESIAN_POINT('',(-0.0393822287297226,-0.0187388356303814,0.));
#2184=CARTESIAN_POINT('',(-0.0391520069319089,-0.0182320175178284,0.));
#2185=CARTESIAN_POINT('',(-0.0389697121927177,-0.0178605646463053,0.));
#2186=CARTESIAN_POINT('',(-0.0387757638056686,-0.017500209619295,0.));
#2187=CARTESIAN_POINT('',(-0.0385626692162695,-0.017148687461506,0.));
#2188=CARTESIAN_POINT('',(-0.038353830977827,-0.0168537831661203,0.));
#2189=CARTESIAN_POINT('',(-0.0381369578659652,-0.0166008545989827,0.));
#2190=CARTESIAN_POINT('',(-0.0379301510535038,-0.0163965815585306,0.));
#2191=CARTESIAN_POINT('',(-0.0376641788184865,-0.0161866111998303,0.));
#2192=CARTESIAN_POINT('',(-0.0373339126110057,-0.0159938953421943,0.));
#2193=CARTESIAN_POINT('',(-0.0369597321481746,-0.015849792708156,0.));
#2194=CARTESIAN_POINT('',(-0.0365856793128305,-0.0157716591581934,0.));
#2195=CARTESIAN_POINT('',(-0.0362522357756138,-0.0157501227111968,0.));
#2196=CARTESIAN_POINT('',(-0.0358831050154146,-0.0157675232441178,0.));
#2197=CARTESIAN_POINT('',(-0.0355535741353552,-0.0158247054927334,0.));
#2198=CARTESIAN_POINT('',(-0.0352649538316161,-0.0158897330799641,0.));
#2199=CARTESIAN_POINT('',(-0.0350438175117334,-0.015940585171213,0.));
#2200=CARTESIAN_POINT('',(-0.0348531544190327,-0.0159806889415686,0.));
#2201=CARTESIAN_POINT('',(-0.0346473530625118,-0.0160203828918486,0.));
#2202=CARTESIAN_POINT('',(-0.0343220363522814,-0.0160753848340432,0.));
#2203=CARTESIAN_POINT('',(-0.0338516069515985,-0.0161443090774456,0.));
#2204=CARTESIAN_POINT('',(-0.0331337039162719,-0.0162379972042233,0.));
#2205=CARTESIAN_POINT('',(-0.032097323661168,-0.0163549818352333,0.));
#2206=CARTESIAN_POINT('',(-0.0307112339563105,-0.0164885513390443,0.));
#2207=CARTESIAN_POINT('',(-0.0292561182900895,-0.016610169109937,0.));
#2208=CARTESIAN_POINT('',(-0.0278035144810921,-0.0167150834279789,0.));
#2209=CARTESIAN_POINT('',(-0.026424609957662,-0.0167987110423078,0.));
#2210=CARTESIAN_POINT('',(-0.0251921697280909,-0.0168565761222559,0.));
#2211=CARTESIAN_POINT('',(-0.0245193332817256,-0.0168750354502176,0.));
#2212=CARTESIAN_POINT('',(-0.0242363422571147,-0.0168787248969268,0.));
#2213=CARTESIAN_POINT('',(-0.0291163729646652,-0.0306974173114558,0.0127));
#2214=CARTESIAN_POINT('',(-0.0291431482218391,-0.0306760931343684,0.0127));
#2215=CARTESIAN_POINT('',(-0.0292309635540301,-0.0306092519968814,0.0127));
#2216=CARTESIAN_POINT('',(-0.029545419975159,-0.0303888454108317,0.0127));
#2217=CARTESIAN_POINT('',(-0.0301304276418063,-0.0300020241602941,0.0127));
#2218=CARTESIAN_POINT('',(-0.0310474983229494,-0.0294164393901746,0.0127));
#2219=CARTESIAN_POINT('',(-0.0321160635209913,-0.0287435592640797,0.0127));
#2220=CARTESIAN_POINT('',(-0.0332779432134366,-0.0280138957299627,0.0127));
#2221=CARTESIAN_POINT('',(-0.0344777902384209,-0.0272559477544004,0.0127));
#2222=CARTESIAN_POINT('',(-0.0356617796209239,-0.026497190731445,0.0127));
#2223=CARTESIAN_POINT('',(-0.0367781067376479,-0.0257635763339897,0.0127));
#2224=CARTESIAN_POINT('',(-0.037611536913316,-0.0251927041153835,0.0127));
#2225=CARTESIAN_POINT('',(-0.0382010610727675,-0.0247673189016634,0.0127));
#2226=CARTESIAN_POINT('',(-0.0386026315130936,-0.0244629123191191,0.0127));
#2227=CARTESIAN_POINT('',(-0.0389641250330309,-0.0241688900821135,0.0127));
#2228=CARTESIAN_POINT('',(-0.0392985356474525,-0.0238664551911092,0.0127));
#2229=CARTESIAN_POINT('',(-0.0396376696424005,-0.0234991598162379,0.0127));
#2230=CARTESIAN_POINT('',(-0.039918579727096,-0.0230772042149759,0.0127));
#2231=CARTESIAN_POINT('',(-0.040097766506687,-0.0226607798263934,0.0127));
#2232=CARTESIAN_POINT('',(-0.0401935645343372,-0.0223251911805751,0.0127));
#2233=CARTESIAN_POINT('',(-0.0402439870994474,-0.0219896010279065,0.0127));
#2234=CARTESIAN_POINT('',(-0.0402562743114113,-0.0215724658644694,0.0127));
#2235=CARTESIAN_POINT('',(-0.0402008304855265,-0.0211458519418049,0.0127));
#2236=CARTESIAN_POINT('',(-0.040124128262608,-0.0208341958218927,0.0127));
#2237=CARTESIAN_POINT('',(-0.0400645723530849,-0.0206210121764388,0.0127));
#2238=CARTESIAN_POINT('',(-0.0399988341361911,-0.0204004878486005,0.0127));
#2239=CARTESIAN_POINT('',(-0.0399065775100451,-0.0201145636910771,0.0127));
#2240=CARTESIAN_POINT('',(-0.0397803118465214,-0.0197533133113308,0.0127));
#2241=CARTESIAN_POINT('',(-0.0395934111775478,-0.0192538305620272,0.0127));
#2242=CARTESIAN_POINT('',(-0.0393822287297226,-0.0187388356303814,0.0127));
#2243=CARTESIAN_POINT('',(-0.0391520069319089,-0.0182320175178284,0.0127));
#2244=CARTESIAN_POINT('',(-0.0389697121927177,-0.0178605646463053,0.0127));
#2245=CARTESIAN_POINT('',(-0.0387757638056686,-0.017500209619295,0.0127));
#2246=CARTESIAN_POINT('',(-0.0385626692162695,-0.017148687461506,0.0127));
#2247=CARTESIAN_POINT('',(-0.038353830977827,-0.0168537831661203,0.0127));
#2248=CARTESIAN_POINT('',(-0.0381369578659652,-0.0166008545989827,0.0127));
#2249=CARTESIAN_POINT('',(-0.0379301510535038,-0.0163965815585306,0.0127));
#2250=CARTESIAN_POINT('',(-0.0376641788184865,-0.0161866111998303,0.0127));
#2251=CARTESIAN_POINT('',(-0.0373339126110057,-0.0159938953421943,0.0127));
#2252=CARTESIAN_POINT('',(-0.0369597321481746,-0.015849792708156,0.0127));
#2253=CARTESIAN_POINT('',(-0.0365856793128305,-0.0157716591581934,0.0127));
#2254=CARTESIAN_POINT('',(-0.0362522357756138,-0.0157501227111968,0.0127));
#2255=CARTESIAN_POINT('',(-0.0358831050154146,-0.0157675232441178,0.0127));
#2256=CARTESIAN_POINT('',(-0.0355535741353552,-0.0158247054927334,0.0127));
#2257=CARTESIAN_POINT('',(-0.0352649538316161,-0.0158897330799641,0.0127));
#2258=CARTESIAN_POINT('',(-0.0350438175117334,-0.015940585171213,0.0127));
#2259=CARTESIAN_POINT('',(-0.0348531544190327,-0.0159806889415686,0.0127));
#2260=CARTESIAN_POINT('',(-0.0346473530625118,-0.0160203828918486,0.0127));
#2261=CARTESIAN_POINT('',(-0.0343220363522814,-0.0160753848340432,0.0127));
#2262=CARTESIAN_POINT('',(-0.0338516069515985,-0.0161443090774456,0.0127));
#2263=CARTESIAN_POINT('',(-0.0331337039162719,-0.0162379972042233,0.0127));
#2264=CARTESIAN_POINT('',(-0.032097323661168,-0.0163549818352333,0.0127));
#2265=CARTESIAN_POINT('',(-0.0307112339563105,-0.0164885513390443,0.0127));
#2266=CARTESIAN_POINT('',(-0.0292561182900895,-0.016610169109937,0.0127));
#2267=CARTESIAN_POINT('',(-0.0278035144810921,-0.0167150834279789,0.0127));
#2268=CARTESIAN_POINT('',(-0.026424609957662,-0.0167987110423078,0.0127));
#2269=CARTESIAN_POINT('',(-0.0251921697280909,-0.0168565761222559,0.0127));
#2270=CARTESIAN_POINT('',(-0.0245193332817256,-0.0168750354502176,0.0127));
#2271=CARTESIAN_POINT('',(-0.0242363422571147,-0.0168787248969268,0.0127));
#2272=CARTESIAN_POINT('',(0.00065011947280155,0.0146116815893393,0.0127));
#2273=CARTESIAN_POINT('',(0.00065011947280155,0.0146116815893393,-0.00203199999999999));
#2274=CARTESIAN_POINT('',(0.00728629799038766,0.00993710012160508,0.0127));
#2275=CARTESIAN_POINT('',(0.00728629799038766,0.00993710012160508,-0.00203199999999999));
#2276=CARTESIAN_POINT('',(0.0264789569872348,0.0318730264253811,0.0127));
#2277=CARTESIAN_POINT('',(0.0264789569872348,0.0318730264253811,-0.00203199999999999));
#2278=CARTESIAN_POINT('',(0.029283202120988,0.0308116047225036,0.0127));
#2279=CARTESIAN_POINT('',(0.029283202120988,0.0308116047225036,-0.00203199999999999));
#2280=CARTESIAN_POINT('',(0.0340422403354065,0.0305725053475659,0.0127));
#2281=CARTESIAN_POINT('',(0.0340422403354065,0.0305725053475659,-0.00203199999999999));
#2282=CARTESIAN_POINT('',(0.0334957057052135,0.0241607393035645,0.0127));
#2283=CARTESIAN_POINT('',(0.0334957057052135,0.0241607393035645,-0.00203199999999999));
#2284=CARTESIAN_POINT('',(0.0318136146952445,0.02446327569643,0.0127));
#2285=CARTESIAN_POINT('',(0.0318136146952445,0.02446327569643,-0.00203199999999999));
#2286=CARTESIAN_POINT('',(0.015761172691703,0.00350947073001876,0.0127));
#2287=CARTESIAN_POINT('',(0.015761172691703,0.00350947073001876,-0.00203199999999999));
#2288=CARTESIAN_POINT('',(0.0149324337474052,0.00389926145473096,0.0127));
#2289=CARTESIAN_POINT('',(0.0149324337474052,0.00389926145473096,-0.00203199999999999));
#2290=CARTESIAN_POINT('',(0.0163243667341022,-0.00630442555203167,0.0127));
#2291=CARTESIAN_POINT('',(0.0163243667341022,-0.00630442555203167,-0.00203199999999999));
#2292=CARTESIAN_POINT('',(0.017866209128001,-0.00450099242448287,0.0127));
#2293=CARTESIAN_POINT('',(0.017866209128001,-0.00450099242448287,-0.00203199999999999));
#2294=CARTESIAN_POINT('',(0.0202237335649623,-0.00164504844496559,0.0127));
#2295=CARTESIAN_POINT('',(0.0202237335649623,-0.00164504844496559,-0.00203199999999999));
#2296=CARTESIAN_POINT('',(0.0257696340740066,-0.00625506242067336,0.0127));
#2297=CARTESIAN_POINT('',(0.0257696340740066,-0.00625506242067336,-0.00203199999999999));
#2298=CARTESIAN_POINT('',(0.017794326770826,-0.0115732619420087,0.0127));
#2299=CARTESIAN_POINT('',(0.017794326770826,-0.0115732619420087,-0.00203199999999999));
#2300=CARTESIAN_POINT('',(0.0184621586243855,-0.0122531425537394,0.0127));
#2301=CARTESIAN_POINT('',(0.0184621586243855,-0.0122531425537394,-0.00203199999999999));
#2302=CARTESIAN_POINT('',(0.0192917801077468,-0.0173257728926335,0.0127));
#2303=CARTESIAN_POINT('',(0.0192917801077468,-0.0173257728926335,-0.00203199999999999));
#2304=CARTESIAN_POINT('',(0.0196174074249484,-0.0187631861669326,0.0127));
#2305=CARTESIAN_POINT('',(0.0196174074249484,-0.0187631861669326,-0.00203199999999999));
#2306=CARTESIAN_POINT('',(0.0219705688845907,-0.0139175245850442,0.0127));
#2307=CARTESIAN_POINT('',(0.0219705688845907,-0.0139175245850442,-0.00203199999999999));
#2308=CARTESIAN_POINT('',(0.0277292531407975,-0.0194301639667354,0.0127));
#2309=CARTESIAN_POINT('',(0.0277292531407975,-0.0194301639667354,-0.00203199999999999));
#2310=CARTESIAN_POINT('',(0.0199760576319396,-0.024780550307807,0.0127));
#2311=CARTESIAN_POINT('',(0.0199760576319396,-0.024780550307807,-0.00203199999999999));
#2312=CARTESIAN_POINT('',(0.0205334779349051,-0.0253397365863511,0.0127));
#2313=CARTESIAN_POINT('',(0.0205334779349051,-0.0253397365863511,-0.00203199999999999));
#2314=CARTESIAN_POINT('',(0.0226544451707671,-0.0341952345829309,0.0127));
#2315=CARTESIAN_POINT('',(0.0226544451707671,-0.0341952345829309,-0.00203199999999999));
#2316=CARTESIAN_POINT('',(0.0207581655489132,-0.0367001158720817,0.0127));
#2317=CARTESIAN_POINT('',(0.0207581655489132,-0.0367001158720817,-0.00203199999999999));
#2318=CARTESIAN_POINT('',(0.0166975525197731,-0.039729938575147,0.0127));
#2319=CARTESIAN_POINT('',(0.0166975525197731,-0.039729938575147,-0.00203199999999999));
#2320=CARTESIAN_POINT('',(0.0149180492576343,-0.0363338122483618,0.0127));
#2321=CARTESIAN_POINT('',(0.0149180492576343,-0.0363338122483618,-0.00203199999999999));
#2322=CARTESIAN_POINT('',(0.00126429054843611,-0.0109185264014196,0.0127));
#2323=CARTESIAN_POINT('',(0.00126429054843611,-0.0109185264014196,-0.00203199999999999));
#2324=CARTESIAN_POINT('',(0.00154211811439575,-0.00890806222719853,0.0127));
#2325=CARTESIAN_POINT('',(0.00154211811439575,-0.00890806222719853,-0.00203199999999999));
#2326=CARTESIAN_POINT('',(-0.0077118386745534,-0.0189218447064731,0.0127));
#2327=CARTESIAN_POINT('',(-0.0077118386745534,-0.0189218447064731,-0.00203199999999999));
#2328=CARTESIAN_POINT('',(-0.0175133587156118,-0.0264036742927539,0.0127));
#2329=CARTESIAN_POINT('',(-0.0175133587156118,-0.0264036742927539,-0.00203199999999999));
#2330=CARTESIAN_POINT('',(-0.0190407182493941,-0.0261496124172006,0.0127));
#2331=CARTESIAN_POINT('',(-0.0190407182493941,-0.0261496124172006,-0.00203199999999999));
#2332=CARTESIAN_POINT('',(-0.0165284928022723,-0.0399375975132658,0.0127));
#2333=CARTESIAN_POINT('',(-0.0165284928022723,-0.0399375975132658,-0.00203199999999999));
#2334=CARTESIAN_POINT('',(-0.0185074378037824,-0.0384649953921239,0.0127));
#2335=CARTESIAN_POINT('',(-0.0185074378037824,-0.0384649953921239,-0.00203199999999999));
#2336=CARTESIAN_POINT('',(-0.020795150087751,-0.0403741438908046,0.0127));
#2337=CARTESIAN_POINT('',(-0.020795150087751,-0.0403741438908046,-0.00203199999999999));
#2338=CARTESIAN_POINT('',(-0.0213215037209795,-0.0381640797326602,0.0127));
#2339=CARTESIAN_POINT('',(-0.0213215037209795,-0.0381640797326602,-0.00203199999999999));
#2340=CARTESIAN_POINT('',(-0.0275199840565303,-0.0297156415427375,0.0127));
#2341=CARTESIAN_POINT('',(-0.0275199840565303,-0.0297156415427375,-0.00203199999999999));
#2342=CARTESIAN_POINT('',(-0.0274855952237025,-0.0290727306647304,0.0127));
#2343=CARTESIAN_POINT('',(-0.0274855952237025,-0.0290727306647304,-0.00203199999999999));
#2344=CARTESIAN_POINT('',(-0.0382163276359743,-0.0227544163925342,0.0127));
#2345=CARTESIAN_POINT('',(-0.0382163276359743,-0.0227544163925342,-0.00203199999999999));
#2346=CARTESIAN_POINT('',(-0.0383225366517443,-0.0214471856670703,0.0127));
#2347=CARTESIAN_POINT('',(-0.0383225366517443,-0.0214471856670703,-0.00203199999999999));
#2348=CARTESIAN_POINT('',(-0.0366922181731579,-0.0173767363362126,0.0127));
#2349=CARTESIAN_POINT('',(-0.0366922181731579,-0.0173767363362126,-0.00203199999999999));
#2350=CARTESIAN_POINT('',(-0.0354088323142451,-0.0182978220957244,0.0127));
#2351=CARTESIAN_POINT('',(-0.0354088323142451,-0.0182978220957244,-0.00203199999999999));
#2352=CARTESIAN_POINT('',(-0.0223726821339722,-0.0191973832522436,0.0127));
#2353=CARTESIAN_POINT('',(-0.0223726821339722,-0.0191973832522436,-0.00203199999999999));
#2354=CARTESIAN_POINT('',(-0.0236625313754787,-0.0182358364979249,0.0127));
#2355=CARTESIAN_POINT('',(-0.0236625313754787,-0.0182358364979249,-0.00203199999999999));
#2356=CARTESIAN_POINT('',(-0.00463372707610498,0.00176759344690541,0.0127));
#2357=CARTESIAN_POINT('',(-0.00463372707610498,0.00176759344690541,-0.00203199999999999));
#2358=CARTESIAN_POINT('',(-0.00962884761471436,-0.000406966120558664,0.0127));
#2359=CARTESIAN_POINT('',(-0.00962884761471436,-0.000406966120558664,-0.00203199999999999));
#2360=CARTESIAN_POINT('',(-0.00924881102068896,0.00251522590555097,0.0127));
#2361=CARTESIAN_POINT('',(-0.00924881102068896,0.00251522590555097,-0.00203199999999999));
#2362=CARTESIAN_POINT('',(-0.0381683285302622,0.0130032380172068,0.0127));
#2363=CARTESIAN_POINT('',(-0.0381683285302622,0.0130032380172068,-0.00203199999999999));
#2364=CARTESIAN_POINT('',(-0.0350275564731073,0.0169264298236349,0.0127));
#2365=CARTESIAN_POINT('',(-0.0350275564731073,0.0169264298236349,-0.00203199999999999));
#2366=CARTESIAN_POINT('',(-0.032137661032592,0.021315466892587,0.0127));
#2367=CARTESIAN_POINT('',(-0.032137661032592,0.021315466892587,-0.00203199999999999));
#2368=CARTESIAN_POINT('',(-0.0206983955509762,0.0164414048485103,0.0127));
#2369=CARTESIAN_POINT('',(-0.0206983955509762,0.0164414048485103,-0.00203199999999999));
#2370=CARTESIAN_POINT('',(-0.0212927659025628,0.0204081081144314,0.0127));
#2371=CARTESIAN_POINT('',(-0.0212927659025628,0.0204081081144314,-0.00203199999999999));
#2372=CARTESIAN_POINT('',(-0.0163073324521096,0.0234299677408938,0.0127));
#2373=CARTESIAN_POINT('',(-0.0163073324521096,0.0234299677408938,-0.00203199999999999));
#2374=CARTESIAN_POINT('',(-0.0124481810750621,0.0208694886302787,0.0127));
#2375=CARTESIAN_POINT('',(-0.0124481810750621,0.0208694886302787,-0.00203199999999999));
#2376=CARTESIAN_POINT('',(-0.015592676555963,0.0166774988767922,0.0127));
#2377=CARTESIAN_POINT('',(-0.015592676555963,0.0166774988767922,-0.00203199999999999));
#2378=CARTESIAN_POINT('',(-0.0140631784461142,0.0168587930758962,0.0127));
#2379=CARTESIAN_POINT('',(-0.0140631784461142,0.0168587930758962,-0.00203199999999999));
#2380=CARTESIAN_POINT('',(-0.00775334368046613,0.0144912995007282,0.0127));
#2381=CARTESIAN_POINT('',(-0.00775334368046613,0.0144912995007282,-0.00203199999999999));
#2382=CARTESIAN_POINT('',(-0.00710921919475351,0.0174405635643284,0.0127));
#2383=CARTESIAN_POINT('',(-0.00710921919475351,0.0174405635643284,-0.00203199999999999));
#2384=CARTESIAN_POINT('',(-0.00364601813414997,0.0216468016936835,0.0127));
#2385=CARTESIAN_POINT('',(-0.00364601813414997,0.0216468016936835,-0.00203199999999999));
#2386=CARTESIAN_POINT('',(0.00170821731343678,0.0192481543574822,0.0127));
#2387=CARTESIAN_POINT('',(0.00170821731343678,0.0192481543574822,-0.00203199999999999));
#2388=CARTESIAN_POINT('',(-0.00266838244744893,0.0137994246839774,0.0127));
#2389=CARTESIAN_POINT('',(-0.00266838244744893,0.0137994246839774,-0.00203199999999999));
#2390=CARTESIAN_POINT('',(0.00065011947280155,0.0146116815893393,0.0127));
#2391=CARTESIAN_POINT('',(0.00065011947280155,0.0146116815893393,-0.00203199999999999));
#2392=CARTESIAN_POINT('',(0.00728629799038766,0.00993710012160508,0.0127));
#2393=CARTESIAN_POINT('',(0.00728629799038766,0.00993710012160508,-0.00203199999999999));
#2394=CARTESIAN_POINT('',(0.0264789569872348,0.0318730264253811,0.0127));
#2395=CARTESIAN_POINT('',(0.0264789569872348,0.0318730264253811,-0.00203199999999999));
#2396=CARTESIAN_POINT('',(0.00065011947280155,0.0146116815893393,0.0127));
#2397=CARTESIAN_POINT('',(0.00728629799038766,0.00993710012160508,0.0127));
#2398=CARTESIAN_POINT('',(0.0264789569872348,0.0318730264253811,0.0127));
#2399=CARTESIAN_POINT('',(0.029283202120988,0.0308116047225036,0.0127));
#2400=CARTESIAN_POINT('',(0.0340422403354065,0.0305725053475659,0.0127));
#2401=CARTESIAN_POINT('',(0.0334957057052135,0.0241607393035645,0.0127));
#2402=CARTESIAN_POINT('',(0.0318136146952445,0.02446327569643,0.0127));
#2403=CARTESIAN_POINT('',(0.015761172691703,0.00350947073001876,0.0127));
#2404=CARTESIAN_POINT('',(0.0149324337474052,0.00389926145473096,0.0127));
#2405=CARTESIAN_POINT('',(0.0163243667341022,-0.00630442555203167,0.0127));
#2406=CARTESIAN_POINT('',(0.017866209128001,-0.00450099242448287,0.0127));
#2407=CARTESIAN_POINT('',(0.0202237335649623,-0.00164504844496559,0.0127));
#2408=CARTESIAN_POINT('',(0.0257696340740066,-0.00625506242067336,0.0127));
#2409=CARTESIAN_POINT('',(0.017794326770826,-0.0115732619420087,0.0127));
#2410=CARTESIAN_POINT('',(0.0184621586243855,-0.0122531425537394,0.0127));
#2411=CARTESIAN_POINT('',(0.0192917801077468,-0.0173257728926335,0.0127));
#2412=CARTESIAN_POINT('',(0.0196174074249484,-0.0187631861669326,0.0127));
#2413=CARTESIAN_POINT('',(0.0219705688845907,-0.0139175245850442,0.0127));
#2414=CARTESIAN_POINT('',(0.0277292531407975,-0.0194301639667354,0.0127));
#2415=CARTESIAN_POINT('',(0.0199760576319396,-0.024780550307807,0.0127));
#2416=CARTESIAN_POINT('',(0.0205334779349051,-0.0253397365863511,0.0127));
#2417=CARTESIAN_POINT('',(0.0226544451707671,-0.0341952345829309,0.0127));
#2418=CARTESIAN_POINT('',(0.0207581655489132,-0.0367001158720817,0.0127));
#2419=CARTESIAN_POINT('',(0.0166975525197731,-0.039729938575147,0.0127));
#2420=CARTESIAN_POINT('',(0.0149180492576343,-0.0363338122483618,0.0127));
#2421=CARTESIAN_POINT('',(0.00126429054843611,-0.0109185264014196,0.0127));
#2422=CARTESIAN_POINT('',(0.00154211811439575,-0.00890806222719853,0.0127));
#2423=CARTESIAN_POINT('',(-0.0077118386745534,-0.0189218447064731,0.0127));
#2424=CARTESIAN_POINT('',(-0.0175133587156118,-0.0264036742927539,0.0127));
#2425=CARTESIAN_POINT('',(-0.0190407182493941,-0.0261496124172006,0.0127));
#2426=CARTESIAN_POINT('',(-0.0165284928022723,-0.0399375975132658,0.0127));
#2427=CARTESIAN_POINT('',(-0.0185074378037824,-0.0384649953921239,0.0127));
#2428=CARTESIAN_POINT('',(-0.020795150087751,-0.0403741438908046,0.0127));
#2429=CARTESIAN_POINT('',(-0.0213215037209795,-0.0381640797326602,0.0127));
#2430=CARTESIAN_POINT('',(-0.0275199840565303,-0.0297156415427375,0.0127));
#2431=CARTESIAN_POINT('',(-0.0274855952237025,-0.0290727306647304,0.0127));
#2432=CARTESIAN_POINT('',(-0.0382163276359743,-0.0227544163925342,0.0127));
#2433=CARTESIAN_POINT('',(-0.0383225366517443,-0.0214471856670703,0.0127));
#2434=CARTESIAN_POINT('',(-0.0366922181731579,-0.0173767363362126,0.0127));
#2435=CARTESIAN_POINT('',(-0.0354088323142451,-0.0182978220957244,0.0127));
#2436=CARTESIAN_POINT('',(-0.0223726821339722,-0.0191973832522436,0.0127));
#2437=CARTESIAN_POINT('',(-0.0236625313754787,-0.0182358364979249,0.0127));
#2438=CARTESIAN_POINT('',(-0.00463372707610498,0.00176759344690541,0.0127));
#2439=CARTESIAN_POINT('',(-0.00962884761471436,-0.000406966120558664,0.0127));
#2440=CARTESIAN_POINT('',(-0.00924881102068896,0.00251522590555097,0.0127));
#2441=CARTESIAN_POINT('',(-0.0381683285302622,0.0130032380172068,0.0127));
#2442=CARTESIAN_POINT('',(-0.0350275564731073,0.0169264298236349,0.0127));
#2443=CARTESIAN_POINT('',(-0.032137661032592,0.021315466892587,0.0127));
#2444=CARTESIAN_POINT('',(-0.0206983955509762,0.0164414048485103,0.0127));
#2445=CARTESIAN_POINT('',(-0.0212927659025628,0.0204081081144314,0.0127));
#2446=CARTESIAN_POINT('',(-0.0163073324521096,0.0234299677408938,0.0127));
#2447=CARTESIAN_POINT('',(-0.0124481810750621,0.0208694886302787,0.0127));
#2448=CARTESIAN_POINT('',(-0.015592676555963,0.0166774988767922,0.0127));
#2449=CARTESIAN_POINT('',(-0.0140631784461142,0.0168587930758962,0.0127));
#2450=CARTESIAN_POINT('',(-0.00775334368046613,0.0144912995007282,0.0127));
#2451=CARTESIAN_POINT('',(-0.00710921919475351,0.0174405635643284,0.0127));
#2452=CARTESIAN_POINT('',(-0.00364601813414997,0.0216468016936835,0.0127));
#2453=CARTESIAN_POINT('',(0.00170821731343678,0.0192481543574822,0.0127));
#2454=CARTESIAN_POINT('',(-0.00266838244744893,0.0137994246839774,0.0127));
#2455=CARTESIAN_POINT('',(0.00065011947280155,0.0146116815893393,0.0127));
#2456=CARTESIAN_POINT('',(0.00728629799038766,0.00993710012160508,0.0127));
#2457=CARTESIAN_POINT('',(0.0264789569872348,0.0318730264253811,0.0127));
#2458=CARTESIAN_POINT('',(0.00646805943801102,0.0137181282297928,0.0127));
#2459=CARTESIAN_POINT('',(0.00065011947280155,0.0146116815893393,-0.002032));
#2460=CARTESIAN_POINT('',(0.00728629799038766,0.00993710012160508,-0.002032));
#2461=CARTESIAN_POINT('',(0.0264789569872348,0.0318730264253811,-0.002032));
#2462=CARTESIAN_POINT('',(0.029283202120988,0.0308116047225036,-0.002032));
#2463=CARTESIAN_POINT('',(0.0340422403354065,0.0305725053475659,-0.002032));
#2464=CARTESIAN_POINT('',(0.0334957057052135,0.0241607393035645,-0.002032));
#2465=CARTESIAN_POINT('',(0.0318136146952445,0.02446327569643,-0.002032));
#2466=CARTESIAN_POINT('',(0.015761172691703,0.00350947073001876,-0.002032));
#2467=CARTESIAN_POINT('',(0.0149324337474052,0.00389926145473096,-0.002032));
#2468=CARTESIAN_POINT('',(0.0163243667341022,-0.00630442555203167,-0.002032));
#2469=CARTESIAN_POINT('',(0.017866209128001,-0.00450099242448287,-0.002032));
#2470=CARTESIAN_POINT('',(0.0202237335649623,-0.00164504844496559,-0.002032));
#2471=CARTESIAN_POINT('',(0.0257696340740066,-0.00625506242067336,-0.002032));
#2472=CARTESIAN_POINT('',(0.017794326770826,-0.0115732619420087,-0.002032));
#2473=CARTESIAN_POINT('',(0.0184621586243855,-0.0122531425537394,-0.002032));
#2474=CARTESIAN_POINT('',(0.0192917801077468,-0.0173257728926335,-0.002032));
#2475=CARTESIAN_POINT('',(0.0196174074249484,-0.0187631861669326,-0.002032));
#2476=CARTESIAN_POINT('',(0.0219705688845907,-0.0139175245850442,-0.002032));
#2477=CARTESIAN_POINT('',(0.0277292531407975,-0.0194301639667354,-0.002032));
#2478=CARTESIAN_POINT('',(0.0199760576319396,-0.024780550307807,-0.002032));
#2479=CARTESIAN_POINT('',(0.0205334779349051,-0.0253397365863511,-0.002032));
#2480=CARTESIAN_POINT('',(0.0226544451707671,-0.0341952345829309,-0.002032));
#2481=CARTESIAN_POINT('',(0.0207581655489132,-0.0367001158720817,-0.002032));
#2482=CARTESIAN_POINT('',(0.0166975525197731,-0.039729938575147,-0.002032));
#2483=CARTESIAN_POINT('',(0.0149180492576343,-0.0363338122483618,-0.002032));
#2484=CARTESIAN_POINT('',(0.00126429054843611,-0.0109185264014196,-0.002032));
#2485=CARTESIAN_POINT('',(0.00154211811439575,-0.00890806222719853,-0.002032));
#2486=CARTESIAN_POINT('',(-0.0077118386745534,-0.0189218447064731,-0.002032));
#2487=CARTESIAN_POINT('',(-0.0175133587156118,-0.0264036742927539,-0.002032));
#2488=CARTESIAN_POINT('',(-0.0190407182493941,-0.0261496124172006,-0.002032));
#2489=CARTESIAN_POINT('',(-0.0165284928022723,-0.0399375975132658,-0.002032));
#2490=CARTESIAN_POINT('',(-0.0185074378037824,-0.0384649953921239,-0.002032));
#2491=CARTESIAN_POINT('',(-0.020795150087751,-0.0403741438908046,-0.002032));
#2492=CARTESIAN_POINT('',(-0.0213215037209795,-0.0381640797326602,-0.002032));
#2493=CARTESIAN_POINT('',(-0.0275199840565303,-0.0297156415427375,-0.002032));
#2494=CARTESIAN_POINT('',(-0.0274855952237025,-0.0290727306647304,-0.002032));
#2495=CARTESIAN_POINT('',(-0.0382163276359743,-0.0227544163925342,-0.002032));
#2496=CARTESIAN_POINT('',(-0.0383225366517443,-0.0214471856670703,-0.002032));
#2497=CARTESIAN_POINT('',(-0.0366922181731579,-0.0173767363362126,-0.002032));
#2498=CARTESIAN_POINT('',(-0.0354088323142451,-0.0182978220957244,-0.002032));
#2499=CARTESIAN_POINT('',(-0.0223726821339722,-0.0191973832522436,-0.002032));
#2500=CARTESIAN_POINT('',(-0.0236625313754787,-0.0182358364979249,-0.002032));
#2501=CARTESIAN_POINT('',(-0.00463372707610498,0.00176759344690541,-0.002032));
#2502=CARTESIAN_POINT('',(-0.00962884761471436,-0.000406966120558664,-0.002032));
#2503=CARTESIAN_POINT('',(-0.00924881102068896,0.00251522590555097,-0.002032));
#2504=CARTESIAN_POINT('',(-0.0381683285302622,0.0130032380172068,-0.002032));
#2505=CARTESIAN_POINT('',(-0.0350275564731073,0.0169264298236349,-0.002032));
#2506=CARTESIAN_POINT('',(-0.032137661032592,0.021315466892587,-0.002032));
#2507=CARTESIAN_POINT('',(-0.0206983955509762,0.0164414048485103,-0.002032));
#2508=CARTESIAN_POINT('',(-0.0212927659025628,0.0204081081144314,-0.002032));
#2509=CARTESIAN_POINT('',(-0.0163073324521096,0.0234299677408938,-0.002032));
#2510=CARTESIAN_POINT('',(-0.0124481810750621,0.0208694886302787,-0.002032));
#2511=CARTESIAN_POINT('',(-0.015592676555963,0.0166774988767922,-0.002032));
#2512=CARTESIAN_POINT('',(-0.0140631784461142,0.0168587930758962,-0.002032));
#2513=CARTESIAN_POINT('',(-0.00775334368046613,0.0144912995007282,-0.002032));
#2514=CARTESIAN_POINT('',(-0.00710921919475351,0.0174405635643284,-0.002032));
#2515=CARTESIAN_POINT('',(-0.00364601813414997,0.0216468016936835,-0.002032));
#2516=CARTESIAN_POINT('',(0.00170821731343678,0.0192481543574822,-0.002032));
#2517=CARTESIAN_POINT('',(-0.00266838244744893,0.0137994246839774,-0.002032));
#2518=CARTESIAN_POINT('',(0.00065011947280155,0.0146116815893393,-0.002032));
#2519=CARTESIAN_POINT('',(0.00728629799038766,0.00993710012160508,-0.002032));
#2520=CARTESIAN_POINT('',(0.0264789569872348,0.0318730264253811,-0.002032));
#2521=CARTESIAN_POINT('',(0.00646805943801102,0.0137181282297928,-0.002032));
#2522=CARTESIAN_POINT('',(-0.0181322208464112,-0.00957570504850299,0.0127));
#2523=CARTESIAN_POINT('',(-0.0217232251025495,-0.00770112194308122,-0.002032));
#2524=CARTESIAN_POINT('',(-0.0100599207845615,-0.0306279189506455,-0.002032));
#2525=CARTESIAN_POINT('',(-0.010006179247483,-0.0310673578891516,-0.002032));
#2526=CARTESIAN_POINT('',(-0.00989451508614317,-0.0319765121440899,-0.002032));
#2527=CARTESIAN_POINT('',(-0.00975704538641966,-0.0331430393362625,-0.002032));
#2528=CARTESIAN_POINT('',(-0.00965571493013963,-0.034073403209041,-0.002032));
#2529=CARTESIAN_POINT('',(-0.00958588293325162,-0.0347666047615247,-0.002032));
#2530=CARTESIAN_POINT('',(-0.00952419259626485,-0.0354531597126745,-0.002032));
#2531=CARTESIAN_POINT('',(-0.00947265148457974,-0.0361361924572162,-0.002032));
#2532=CARTESIAN_POINT('',(-0.00943428053015694,-0.0368215250113273,-0.002032));
#2533=CARTESIAN_POINT('',(-0.00941670602440937,-0.0374079706657033,-0.002032));
#2534=CARTESIAN_POINT('',(-0.00941619893548991,-0.037908687880929,-0.002032));
#2535=CARTESIAN_POINT('',(-0.00942353810103809,-0.0382394777708912,-0.002032));
#2536=CARTESIAN_POINT('',(-0.00943627611086687,-0.0385244836298691,-0.002032));
#2537=CARTESIAN_POINT('',(-0.00944961556314476,-0.0387437823659601,-0.002032));
#2538=CARTESIAN_POINT('',(-0.00946858087481618,-0.0389844187815768,-0.002032));
#2539=CARTESIAN_POINT('',(-0.00949513875285424,-0.039246393220752,-0.002032));
#2540=CARTESIAN_POINT('',(-0.00952959198685051,-0.0395203877407398,-0.002032));
#2541=CARTESIAN_POINT('',(-0.00956958426353423,-0.0397798945724704,-0.002032));
#2542=CARTESIAN_POINT('',(-0.00960946575180695,-0.0400006444151402,-0.002032));
#2543=CARTESIAN_POINT('',(-0.00964334950699635,-0.0401713008424883,-0.002032));
#2544=CARTESIAN_POINT('',(-0.00968107195645195,-0.0403447310194538,-0.002032));
#2545=CARTESIAN_POINT('',(-0.00973691239077754,-0.0405823691371755,-0.002032));
#2546=CARTESIAN_POINT('',(-0.0098429793470203,-0.0409795952255549,-0.002032));
#2547=CARTESIAN_POINT('',(-0.00999916361041175,-0.0414411099910496,-0.002032));
#2548=CARTESIAN_POINT('',(-0.0101532603570131,-0.0418249645473218,-0.002032));
#2549=CARTESIAN_POINT('',(-0.0103256251834974,-0.0422139004959337,-0.002032));
#2550=CARTESIAN_POINT('',(-0.0106044832752699,-0.0427598426530615,-0.002032));
#2551=CARTESIAN_POINT('',(-0.0109822141193921,-0.0433544982020939,-0.002032));
#2552=CARTESIAN_POINT('',(-0.0113560407813234,-0.0438469884568028,-0.002032));
#2553=CARTESIAN_POINT('',(-0.0116723845562263,-0.0442168529674919,-0.002032));
#2554=CARTESIAN_POINT('',(-0.0120132663395525,-0.044570712185513,-0.002032));
#2555=CARTESIAN_POINT('',(-0.0123249316461171,-0.0448579875078182,-0.002032));
#2556=CARTESIAN_POINT('',(-0.0125960036805006,-0.0450845426392346,-0.002032));
#2557=CARTESIAN_POINT('',(-0.0128696610254442,-0.0452986064417564,-0.002032));
#2558=CARTESIAN_POINT('',(-0.0132189094016221,-0.0455462553012397,-0.002032));
#2559=CARTESIAN_POINT('',(-0.013582408313648,-0.0457719573191232,-0.002032));
#2560=CARTESIAN_POINT('',(-0.0138889739919714,-0.0459424986534935,-0.002032));
#2561=CARTESIAN_POINT('',(-0.0141917691232137,-0.0460984386598624,-0.002032));
#2562=CARTESIAN_POINT('',(-0.0145641288038491,-0.0462689259826973,-0.002032));
#2563=CARTESIAN_POINT('',(-0.0150046591145443,-0.0464406616126102,-0.002032));
#2564=CARTESIAN_POINT('',(-0.0154427395548216,-0.0465833186231201,-0.002032));
#2565=CARTESIAN_POINT('',(-0.0159945936129522,-0.046730341146031,-0.002032));
#2566=CARTESIAN_POINT('',(-0.01637046118718,-0.0468002361434105,-0.002032));
#2567=CARTESIAN_POINT('',(-0.0166062706679206,-0.0468345899691003,-0.002032));
#2568=CARTESIAN_POINT('',(-0.0100599207845615,-0.0306279189506454,-0.002032));
#2569=CARTESIAN_POINT('',(-0.0166062706679209,-0.0468345899691003,-0.002032));
#2570=CARTESIAN_POINT('',(-0.0166062706679209,-0.0468345899691003,-0.002032));
#2571=CARTESIAN_POINT('',(-0.016656569713945,-0.0468587596532681,-0.002032));
#2572=CARTESIAN_POINT('',(-0.0167613094777161,-0.0469081599620156,-0.002032));
#2573=CARTESIAN_POINT('',(-0.0169283989660482,-0.04698390028053,-0.002032));
#2574=CARTESIAN_POINT('',(-0.0171267966855032,-0.0470694321337588,-0.002032));
#2575=CARTESIAN_POINT('',(-0.0173451312168979,-0.0471577341919562,-0.002032));
#2576=CARTESIAN_POINT('',(-0.0175918730779202,-0.0472505588524069,-0.002032));
#2577=CARTESIAN_POINT('',(-0.0178742956068246,-0.0473470099948327,-0.002032));
#2578=CARTESIAN_POINT('',(-0.0181720315592725,-0.0474384912646926,-0.002032));
#2579=CARTESIAN_POINT('',(-0.018549270851146,-0.0475390334922603,-0.002032));
#2580=CARTESIAN_POINT('',(-0.0189767557244802,-0.0476307224453826,-0.002032));
#2581=CARTESIAN_POINT('',(-0.0194438780657456,-0.0477060745540257,-0.002032));
#2582=CARTESIAN_POINT('',(-0.0198871771206232,-0.0477516322264022,-0.002032));
#2583=CARTESIAN_POINT('',(-0.020271859781031,-0.0477714813950264,-0.002032));
#2584=CARTESIAN_POINT('',(-0.0206779160982038,-0.0477780291307398,-0.002032));
#2585=CARTESIAN_POINT('',(-0.0211968822543872,-0.047758228019505,-0.002032));
#2586=CARTESIAN_POINT('',(-0.0217404289206894,-0.0476966826793619,-0.002032));
#2587=CARTESIAN_POINT('',(-0.0221964421009899,-0.0476158599748764,-0.002032));
#2588=CARTESIAN_POINT('',(-0.0226401898231356,-0.0475178912854745,-0.002032));
#2589=CARTESIAN_POINT('',(-0.0230726257574042,-0.0473948009439783,-0.002032));
#2590=CARTESIAN_POINT('',(-0.0235017898376693,-0.047244320208655,-0.002032));
#2591=CARTESIAN_POINT('',(-0.0238289028484385,-0.0471139919137474,-0.002032));
#2592=CARTESIAN_POINT('',(-0.0241412123649507,-0.0469738791066012,-0.002032));
#2593=CARTESIAN_POINT('',(-0.0245350891927701,-0.0467778329065429,-0.002032));
#2594=CARTESIAN_POINT('',(-0.0249912183893619,-0.0465167791340711,-0.002032));
#2595=CARTESIAN_POINT('',(-0.0254977063741514,-0.0461749796786801,-0.002032));
#2596=CARTESIAN_POINT('',(-0.0259399213594464,-0.0458287177999697,-0.002032));
#2597=CARTESIAN_POINT('',(-0.0263189893343398,-0.0454917127412857,-0.002032));
#2598=CARTESIAN_POINT('',(-0.0266465305509743,-0.0451662657223553,-0.002032));
#2599=CARTESIAN_POINT('',(-0.0269322391061473,-0.044851304808277,-0.002032));
#2600=CARTESIAN_POINT('',(-0.0271651970114869,-0.0445701516126444,-0.002032));
#2601=CARTESIAN_POINT('',(-0.0273686847559536,-0.0443046228095865,-0.002032));
#2602=CARTESIAN_POINT('',(-0.0275097827902081,-0.0441064164788872,-0.002032));
#2603=CARTESIAN_POINT('',(-0.027604042007689,-0.0439684715272802,-0.002032));
#2604=CARTESIAN_POINT('',(-0.027741388435852,-0.0437620267323868,-0.002032));
#2605=CARTESIAN_POINT('',(-0.0278819300472413,-0.0435344935565502,-0.002032));
#2606=CARTESIAN_POINT('',(-0.0280099306525715,-0.043312936159774,-0.002032));
#2607=CARTESIAN_POINT('',(-0.0280876852402036,-0.0431731074422665,-0.002032));
#2608=CARTESIAN_POINT('',(-0.0281468089327539,-0.043064148511737,-0.002032));
#2609=CARTESIAN_POINT('',(-0.0282219823779635,-0.0429230147389091,-0.002032));
#2610=CARTESIAN_POINT('',(-0.0283018211893473,-0.0427687373902336,-0.002032));
#2611=CARTESIAN_POINT('',(-0.0283735480555399,-0.0426274309561564,-0.002032));
#2612=CARTESIAN_POINT('',(-0.0284502065626373,-0.042475933800611,-0.002032));
#2613=CARTESIAN_POINT('',(-0.0285031498142432,-0.0423727560288605,-0.002032));
#2614=CARTESIAN_POINT('',(-0.0285439884379822,-0.0422960919818606,-0.002032));
#2615=CARTESIAN_POINT('',(-0.0285822417780633,-0.0422261899287652,-0.002032));
#2616=CARTESIAN_POINT('',(-0.0286644817293688,-0.0420819398226032,-0.002032));
#2617=CARTESIAN_POINT('',(-0.0288043801851806,-0.0418477765781158,-0.002032));
#2618=CARTESIAN_POINT('',(-0.0289790538055977,-0.0415650336514954,-0.002032));
#2619=CARTESIAN_POINT('',(-0.0292501880891248,-0.041137446268722,-0.002032));
#2620=CARTESIAN_POINT('',(-0.0296491602667554,-0.0405266753891246,-0.002032));
#2621=CARTESIAN_POINT('',(-0.0301914832968189,-0.0397188883379613,-0.002032));
#2622=CARTESIAN_POINT('',(-0.0307718203060247,-0.0388699983943896,-0.002032));
#2623=CARTESIAN_POINT('',(-0.0313664168064193,-0.0380102441166971,-0.002032));
#2624=CARTESIAN_POINT('',(-0.0319538668205825,-0.0371659984197888,-0.002032));
#2625=CARTESIAN_POINT('',(-0.0325145624974781,-0.0363607448134094,-0.002032));
#2626=CARTESIAN_POINT('',(-0.0330313410931057,-0.0356143028252461,-0.002032));
#2627=CARTESIAN_POINT('',(-0.0333403662189225,-0.0351608792377804,-0.002032));
#2628=CARTESIAN_POINT('',(-0.0334864615914374,-0.0349430016088128,-0.002032));
#2629=CARTESIAN_POINT('',(-0.0334864615914374,-0.0349430016088128,-0.002032));
#2630=CARTESIAN_POINT('',(-0.0334864615914377,-0.0349430016088127,-0.002032));
#2631=CARTESIAN_POINT('',(-0.0337011219470967,-0.0348042689473324,-0.002032));
#2632=CARTESIAN_POINT('',(-0.0341951827985144,-0.0344887457031475,-0.002032));
#2633=CARTESIAN_POINT('',(-0.0350704708756792,-0.0339367966234657,-0.002032));
#2634=CARTESIAN_POINT('',(-0.036037252140058,-0.0333295672005188,-0.002032));
#2635=CARTESIAN_POINT('',(-0.037058958130001,-0.0326862405820262,-0.002032));
#2636=CARTESIAN_POINT('',(-0.0381022866851794,-0.0320237368742671,-0.002032));
#2637=CARTESIAN_POINT('',(-0.0391378184855126,-0.0313562534434442,-0.002032));
#2638=CARTESIAN_POINT('',(-0.0401396507580302,-0.0306951902472083,-0.002032));
#2639=CARTESIAN_POINT('',(-0.0409340783010737,-0.0301520219416514,-0.002032));
#2640=CARTESIAN_POINT('',(-0.0415458932295678,-0.029715764508522,-0.002032));
#2641=CARTESIAN_POINT('',(-0.0420001453245804,-0.0293795926600917,-0.002032));
#2642=CARTESIAN_POINT('',(-0.0423799610850171,-0.0290848054521444,-0.002032));
#2643=CARTESIAN_POINT('',(-0.0427020802079655,-0.0288211272491714,-0.002032));
#2644=CARTESIAN_POINT('',(-0.0429477687285389,-0.0286117750879294,-0.002032));
#2645=CARTESIAN_POINT('',(-0.0431807243409812,-0.0284029557317008,-0.002032));
#2646=CARTESIAN_POINT('',(-0.0433786265728671,-0.0282158216335141,-0.002032));
#2647=CARTESIAN_POINT('',(-0.0435279819647792,-0.02806946183613,-0.002032));
#2648=CARTESIAN_POINT('',(-0.0436907660706584,-0.0279036418548823,-0.002032));
#2649=CARTESIAN_POINT('',(-0.0439275813596809,-0.0276506102042016,-0.002032));
#2650=CARTESIAN_POINT('',(-0.0441835957688983,-0.0273537381188402,-0.002032));
#2651=CARTESIAN_POINT('',(-0.044441179197907,-0.0270229942583703,-0.002032));
#2652=CARTESIAN_POINT('',(-0.0447089246203443,-0.0266535797450373,-0.002032));
#2653=CARTESIAN_POINT('',(-0.0449836223115661,-0.0262258581319706,-0.002032));
#2654=CARTESIAN_POINT('',(-0.0452502917676971,-0.0257384871543676,-0.002032));
#2655=CARTESIAN_POINT('',(-0.0454409828097704,-0.0253453345071003,-0.002032));
#2656=CARTESIAN_POINT('',(-0.0456154852884335,-0.0249347940414341,-0.002032));
#2657=CARTESIAN_POINT('',(-0.0457768868265858,-0.024490971957443,-0.002032));
#2658=CARTESIAN_POINT('',(-0.045911571182979,-0.024046558650501,-0.002032));
#2659=CARTESIAN_POINT('',(-0.0460241192538154,-0.02358881497774,-0.002032));
#2660=CARTESIAN_POINT('',(-0.0461101522775424,-0.0231315384581881,-0.002032));
#2661=CARTESIAN_POINT('',(-0.0461698427385878,-0.0226890351068886,-0.002032));
#2662=CARTESIAN_POINT('',(-0.0462062439704767,-0.0222507457198305,-0.002032));
#2663=CARTESIAN_POINT('',(-0.0462200485327213,-0.0218448214551474,-0.002032));
#2664=CARTESIAN_POINT('',(-0.04621643037278,-0.0214657550603575,-0.002032));
#2665=CARTESIAN_POINT('',(-0.0461922819059908,-0.0209893900248621,-0.002032));
#2666=CARTESIAN_POINT('',(-0.0461448951750357,-0.0205641006224478,-0.002032));
#2667=CARTESIAN_POINT('',(-0.0460889625707519,-0.0202073071668603,-0.002032));
#2668=CARTESIAN_POINT('',(-0.0460475408939695,-0.0199802094101189,-0.002032));
#2669=CARTESIAN_POINT('',(-0.0460033480132935,-0.0197646642759967,-0.002032));
#2670=CARTESIAN_POINT('',(-0.0459590416227377,-0.0195695566851589,-0.002032));
#2671=CARTESIAN_POINT('',(-0.0459165501386021,-0.0193968585753614,-0.002032));
#2672=CARTESIAN_POINT('',(-0.0458793158363514,-0.0192543771577157,-0.002032));
#2673=CARTESIAN_POINT('',(-0.0458468036600568,-0.019134509944754,-0.002032));
#2674=CARTESIAN_POINT('',(-0.0458021881493257,-0.0189755582832834,-0.002032));
#2675=CARTESIAN_POINT('',(-0.0457491640196511,-0.0187950597340898,-0.002032));
#2676=CARTESIAN_POINT('',(-0.0456826562236333,-0.0185789558229294,-0.002032));
#2677=CARTESIAN_POINT('',(-0.0455921395400778,-0.0182973248594645,-0.002032));
#2678=CARTESIAN_POINT('',(-0.0454751832590638,-0.0179527941192881,-0.002032));
#2679=CARTESIAN_POINT('',(-0.0453248661208992,-0.0175362409214839,-0.002032));
#2680=CARTESIAN_POINT('',(-0.0451650068363007,-0.01711711103216,-0.002032));
#2681=CARTESIAN_POINT('',(-0.0449930689569013,-0.0166894735335465,-0.002032));
#2682=CARTESIAN_POINT('',(-0.04480835696702,-0.0162543851199965,-0.002032));
#2683=CARTESIAN_POINT('',(-0.0446087576502498,-0.015810026794555,-0.002032));
#2684=CARTESIAN_POINT('',(-0.0443884826753052,-0.0153497524357019,-0.002032));
#2685=CARTESIAN_POINT('',(-0.0441826210146306,-0.0149492738302408,-0.002032));
#2686=CARTESIAN_POINT('',(-0.0439940748492489,-0.0146066870779149,-0.002032));
#2687=CARTESIAN_POINT('',(-0.0438395419466871,-0.0143393407324424,-0.002032));
#2688=CARTESIAN_POINT('',(-0.0436928682244987,-0.0140994910864665,-0.002032));
#2689=CARTESIAN_POINT('',(-0.0435663238656488,-0.0139024108691235,-0.002032));
#2690=CARTESIAN_POINT('',(-0.0434309217649769,-0.0136981042448704,-0.002032));
#2691=CARTESIAN_POINT('',(-0.0432656655757482,-0.0134619206366031,-0.002032));
#2692=CARTESIAN_POINT('',(-0.0431002978081166,-0.0132425183906885,-0.002032));
#2693=CARTESIAN_POINT('',(-0.0429997592185885,-0.0131140850567989,-0.002032));
#2694=CARTESIAN_POINT('',(-0.0428971430666437,-0.0129862192511479,-0.002032));
#2695=CARTESIAN_POINT('',(-0.0427514589442907,-0.0128113154584981,-0.002032));
#2696=CARTESIAN_POINT('',(-0.0425483324323064,-0.0125824373067513,-0.002032));
#2697=CARTESIAN_POINT('',(-0.042320421915267,-0.0123424299167073,-0.002032));
#2698=CARTESIAN_POINT('',(-0.0419591815441185,-0.0119909592184313,-0.002032));
#2699=CARTESIAN_POINT('',(-0.0415277404779497,-0.0116210835359491,-0.002032));
#2700=CARTESIAN_POINT('',(-0.0409955073139544,-0.0112377201140733,-0.002032));
#2701=CARTESIAN_POINT('',(-0.0405581029742244,-0.0109609434923998,-0.002032));
#2702=CARTESIAN_POINT('',(-0.0401640001142084,-0.0107439602741681,-0.002032));
#2703=CARTESIAN_POINT('',(-0.0398202004037825,-0.010576801237612,-0.002032));
#2704=CARTESIAN_POINT('',(-0.0394753838252549,-0.0104235733409427,-0.002032));
#2705=CARTESIAN_POINT('',(-0.0391277820053915,-0.0102892192940095,-0.002032));
#2706=CARTESIAN_POINT('',(-0.0387691333523618,-0.0101705710132205,-0.002032));
#2707=CARTESIAN_POINT('',(-0.0383998363967919,-0.0100624166079416,-0.002032));
#2708=CARTESIAN_POINT('',(-0.0379601846431604,-0.0099577668087907,-0.002032));
#2709=CARTESIAN_POINT('',(-0.037448260898485,-0.0098685987971432,-0.002032));
#2710=CARTESIAN_POINT('',(-0.0369567982893881,-0.00981327310555934,-0.002032));
#2711=CARTESIAN_POINT('',(-0.0365086459070848,-0.00978779820850757,-0.002032));
#2712=CARTESIAN_POINT('',(-0.0361014244280109,-0.00978462578202696,-0.002032));
#2713=CARTESIAN_POINT('',(-0.0357974727199092,-0.00979571345561646,-0.002032));
#2714=CARTESIAN_POINT('',(-0.0355816248022521,-0.0098095313954253,-0.002032));
#2715=CARTESIAN_POINT('',(-0.0353882736125752,-0.0098250752151397,-0.002032));
#2716=CARTESIAN_POINT('',(-0.0351549694363637,-0.009849269337174,-0.002032));
#2717=CARTESIAN_POINT('',(-0.0348980293127584,-0.00988367119840704,-0.002032));
#2718=CARTESIAN_POINT('',(-0.0346723008992059,-0.00991995020804302,-0.002032));
#2719=CARTESIAN_POINT('',(-0.0344865512185268,-0.00995399240193594,-0.002032));
#2720=CARTESIAN_POINT('',(-0.034356930563507,-0.0099795341307344,-0.002032));
#2721=CARTESIAN_POINT('',(-0.0342335456677441,-0.0100049397220675,-0.002032));
#2722=CARTESIAN_POINT('',(-0.0341244167314883,-0.010028445146335,-0.002032));
#2723=CARTESIAN_POINT('',(-0.0340301616921095,-0.0100493899515403,-0.002032));
#2724=CARTESIAN_POINT('',(-0.0339538423480772,-0.01006669310093,-0.002032));
#2725=CARTESIAN_POINT('',(-0.0338937243273771,-0.010080400795871,-0.002032));
#2726=CARTESIAN_POINT('',(-0.0338227696436282,-0.0100965610743228,-0.002032));
#2727=CARTESIAN_POINT('',(-0.0337557434144896,-0.0101116302394344,-0.002032));
#2728=CARTESIAN_POINT('',(-0.0336994974572108,-0.0101237442196532,-0.002032));
#2729=CARTESIAN_POINT('',(-0.0336584460765333,-0.0101320729853346,-0.002032));
#2730=CARTESIAN_POINT('',(-0.0336096288934893,-0.010141339962819,-0.002032));
#2731=CARTESIAN_POINT('',(-0.0335219957332323,-0.0101567096167882,-0.002032));
#2732=CARTESIAN_POINT('',(-0.0334077328316725,-0.0101753937077314,-0.002032));
#2733=CARTESIAN_POINT('',(-0.0332263213862685,-0.0102032895469172,-0.002032));
#2734=CARTESIAN_POINT('',(-0.0329474418747924,-0.0102428518283276,-0.002032));
#2735=CARTESIAN_POINT('',(-0.0325493422384145,-0.010294144504452,-0.002032));
#2736=CARTESIAN_POINT('',(-0.0320997823377467,-0.0103474143888143,-0.002032));
#2737=CARTESIAN_POINT('',(-0.03144433966627,-0.0104195069357018,-0.002032));
#2738=CARTESIAN_POINT('',(-0.0305422866942479,-0.0105091340297429,-0.002032));
#2739=CARTESIAN_POINT('',(-0.0293834890958341,-0.0106109155404718,-0.002032));
#2740=CARTESIAN_POINT('',(-0.0281996143462919,-0.0107030747838634,-0.002032));
#2741=CARTESIAN_POINT('',(-0.0274264327309526,-0.0107558636452576,-0.002032));
#2742=CARTESIAN_POINT('',(-0.0270521504908147,-0.0107795796337138,-0.002032));
#2743=CARTESIAN_POINT('',(-0.0270521504908145,-0.0107795796337138,-0.002032));
#2744=CARTESIAN_POINT('',(-0.0270521504908143,-0.0107795796337136,-0.002032));
#2745=CARTESIAN_POINT('',(-0.0265675831202766,-0.0101970491276194,-0.002032));
#2746=CARTESIAN_POINT('',(-0.0255135495996298,-0.00895828996214578,-0.002032));
#2747=CARTESIAN_POINT('',(-0.0231376662391066,-0.00622566410508348,-0.002032));
#2748=CARTESIAN_POINT('',(-0.0211967777625115,-0.00401827179366249,-0.002032));
#2749=CARTESIAN_POINT('',(-0.0199753694684931,-0.00261172886668196,-0.002032));
#2750=CARTESIAN_POINT('',(-0.019975369468493,-0.00261172886668184,-0.002032));
#2751=CARTESIAN_POINT('',(-0.019975369468493,-0.00261172886668184,-0.002032));
#2752=CARTESIAN_POINT('',(-0.0207796591344786,-0.00223436089583999,-0.002032));
#2753=CARTESIAN_POINT('',(-0.0225106532509539,-0.00143925898795145,-0.002032));
#2754=CARTESIAN_POINT('',(-0.0253256999461977,-0.000169422951459692,-0.002032));
#2755=CARTESIAN_POINT('',(-0.0282296737181479,0.00114519187685499,-0.002032));
#2756=CARTESIAN_POINT('',(-0.0311059847619417,0.0024796901970207,-0.002032));
#2757=CARTESIAN_POINT('',(-0.0333942839763527,0.00359468845426245,-0.002032));
#2758=CARTESIAN_POINT('',(-0.0351233998849601,0.00449144391680261,-0.002032));
#2759=CARTESIAN_POINT('',(-0.0363669347575748,0.00517253468519299,-0.002032));
#2760=CARTESIAN_POINT('',(-0.0373625266911803,0.00575816207474521,-0.002032));
#2761=CARTESIAN_POINT('',(-0.0381364199191057,0.00624701763195265,-0.002032));
#2762=CARTESIAN_POINT('',(-0.0387158473739746,0.00663371331438038,-0.002032));
#2763=CARTESIAN_POINT('',(-0.039299779341641,0.00705110909421834,-0.002032));
#2764=CARTESIAN_POINT('',(-0.0397860133595896,0.00742728461063877,-0.002032));
#2765=CARTESIAN_POINT('',(-0.04018822246091,0.00776257091131105,-0.002032));
#2766=CARTESIAN_POINT('',(-0.0405922429704684,0.00811801154869315,-0.002032));
#2767=CARTESIAN_POINT('',(-0.0411373698741912,0.00864242109621634,-0.002032));
#2768=CARTESIAN_POINT('',(-0.0418163089690226,0.00941182201384169,-0.002032));
#2769=CARTESIAN_POINT('',(-0.0425008677806168,0.0103686613145966,-0.002032));
#2770=CARTESIAN_POINT('',(-0.043020877658306,0.011334407964049,-0.002032));
#2771=CARTESIAN_POINT('',(-0.0433665414709332,0.0121896721434661,-0.002032));
#2772=CARTESIAN_POINT('',(-0.0435494914619538,0.0127613823278626,-0.002032));
#2773=CARTESIAN_POINT('',(-0.0436722896294137,0.0132455995268666,-0.002032));
#2774=CARTESIAN_POINT('',(-0.0437737538568932,0.0137277737980933,-0.002032));
#2775=CARTESIAN_POINT('',(-0.0438458046634789,0.0142121679905991,-0.002032));
#2776=CARTESIAN_POINT('',(-0.0438889456596489,0.0147014389991702,-0.002032));
#2777=CARTESIAN_POINT('',(-0.0439065545186198,0.0150756734821656,-0.002032));
#2778=CARTESIAN_POINT('',(-0.0439086166268049,0.0154430236849921,-0.002032));
#2779=CARTESIAN_POINT('',(-0.0438924303209385,0.0159186066944396,-0.002032));
#2780=CARTESIAN_POINT('',(-0.0438399869427729,0.0164892920965144,-0.002032));
#2781=CARTESIAN_POINT('',(-0.043730316835582,0.0171473158363135,-0.002032));
#2782=CARTESIAN_POINT('',(-0.0435854650242705,0.0177513091656192,-0.002032));
#2783=CARTESIAN_POINT('',(-0.0434172207034666,0.0182981630983472,-0.002032));
#2784=CARTESIAN_POINT('',(-0.0432350015646149,0.0187896617915764,-0.002032));
#2785=CARTESIAN_POINT('',(-0.0430432239869643,0.0192348754369246,-0.002032));
#2786=CARTESIAN_POINT('',(-0.0428555886906455,0.019621089325938,-0.002032));
#2787=CARTESIAN_POINT('',(-0.0426722826391456,0.0199644062699136,-0.002032));
#2788=CARTESIAN_POINT('',(-0.0424954586747052,0.0202696334770239,-0.002032));
#2789=CARTESIAN_POINT('',(-0.0422823740259492,0.0206146042722123,-0.002032));
#2790=CARTESIAN_POINT('',(-0.0420897901061783,0.0209022008297657,-0.002032));
#2791=CARTESIAN_POINT('',(-0.0419348489574319,0.0211238758870655,-0.002032));
#2792=CARTESIAN_POINT('',(-0.0418306240297927,0.0212697657114599,-0.002032));
#2793=CARTESIAN_POINT('',(-0.0417444569270674,0.0213886187396978,-0.002032));
#2794=CARTESIAN_POINT('',(-0.0416756735979999,0.0214830172883176,-0.002032));
#2795=CARTESIAN_POINT('',(-0.0416216649164729,0.0215573511267053,-0.002032));
#2796=CARTESIAN_POINT('',(-0.0415448494639118,0.0216635241950333,-0.002032));
#2797=CARTESIAN_POINT('',(-0.0414228287973516,0.0218326325693852,-0.002032));
#2798=CARTESIAN_POINT('',(-0.0412425709122221,0.0220795492901406,-0.002032));
#2799=CARTESIAN_POINT('',(-0.0410267498648891,0.0223676595470337,-0.002032));
#2800=CARTESIAN_POINT('',(-0.040774202170014,0.0226921607251664,-0.002032));
#2801=CARTESIAN_POINT('',(-0.0404785689463976,0.0230532467477776,-0.002032));
#2802=CARTESIAN_POINT('',(-0.0401377986630204,0.0234435847492337,-0.002032));
#2803=CARTESIAN_POINT('',(-0.0396218321229783,0.0239922957683694,-0.002032));
#2804=CARTESIAN_POINT('',(-0.0388367450495668,0.0247290522738412,-0.002032));
#2805=CARTESIAN_POINT('',(-0.0378583257165752,0.02546310801528,-0.002032));
#2806=CARTESIAN_POINT('',(-0.0369464064228221,0.0260138815775464,-0.002032));
#2807=CARTESIAN_POINT('',(-0.0362142550048627,0.0263896277391821,-0.002032));
#2808=CARTESIAN_POINT('',(-0.0354338280955421,0.0267232365743944,-0.002032));
#2809=CARTESIAN_POINT('',(-0.0343297749271445,0.0271013608150616,-0.002032));
#2810=CARTESIAN_POINT('',(-0.0334739448169638,0.0272926879779561,-0.002032));
#2811=CARTESIAN_POINT('',(-0.0328901745976843,0.0273799338559057,-0.002032));
#2812=CARTESIAN_POINT('',(-0.0328901745976843,0.0273799338559057,-0.002032));
#2813=CARTESIAN_POINT('',(-0.0328901745976844,0.0273799338559056,-0.002032));
#2814=CARTESIAN_POINT('',(-0.0326735617142443,0.0274123071777483,-0.002032));
#2815=CARTESIAN_POINT('',(-0.0322514797673372,0.0274635644290304,-0.002032));
#2816=CARTESIAN_POINT('',(-0.0316361747388067,0.0275084824157627,-0.002032));
#2817=CARTESIAN_POINT('',(-0.0310469234121602,0.0275247195865191,-0.002032));
#2818=CARTESIAN_POINT('',(-0.0305013271789925,0.0275184041421822,-0.002032));
#2819=CARTESIAN_POINT('',(-0.0299810442368982,0.0274952172149071,-0.002032));
#2820=CARTESIAN_POINT('',(-0.0293167018681628,0.0274456781807015,-0.002032));
#2821=CARTESIAN_POINT('',(-0.0285396586932154,0.0273566156194711,-0.002032));
#2822=CARTESIAN_POINT('',(-0.0276658151083236,0.0272209763015033,-0.002032));
#2823=CARTESIAN_POINT('',(-0.0265737289648067,0.0270162898581615,-0.002032));
#2824=CARTESIAN_POINT('',(-0.0258198437432477,0.026847099861318,-0.002032));
#2825=CARTESIAN_POINT('',(-0.0253464381908679,0.0267356759468768,-0.002032));
#2826=CARTESIAN_POINT('',(-0.0253464381908679,0.0267356759468768,-0.002032));
#2827=CARTESIAN_POINT('',(-0.025346438190868,0.0267356759468767,-0.002032));
#2828=CARTESIAN_POINT('',(-0.0250951304061066,0.0269699607464304,-0.002032));
#2829=CARTESIAN_POINT('',(-0.0245865571092103,0.0274077424614333,-0.002032));
#2830=CARTESIAN_POINT('',(-0.0237977433840309,0.0279933847048079,-0.002032));
#2831=CARTESIAN_POINT('',(-0.0229859928226835,0.0285147959261009,-0.002032));
#2832=CARTESIAN_POINT('',(-0.0221387954801074,0.0289829568827976,-0.002032));
#2833=CARTESIAN_POINT('',(-0.0212487094208056,0.0293997302433564,-0.002032));
#2834=CARTESIAN_POINT('',(-0.0203132996090299,0.029761351306106,-0.002032));
#2835=CARTESIAN_POINT('',(-0.0193084946836038,0.0300672000772346,-0.002032));
#2836=CARTESIAN_POINT('',(-0.0182342425579544,0.0303010663184473,-0.002032));
#2837=CARTESIAN_POINT('',(-0.017267459118686,0.0304241332815135,-0.002032));
#2838=CARTESIAN_POINT('',(-0.0164295355010073,0.0304642053530019,-0.002032));
#2839=CARTESIAN_POINT('',(-0.0155828788196985,0.0304587138626525,-0.002032));
#2840=CARTESIAN_POINT('',(-0.0147134591333714,0.0303804031019863,-0.002032));
#2841=CARTESIAN_POINT('',(-0.0138619961890513,0.0302282707915884,-0.002032));
#2842=CARTESIAN_POINT('',(-0.0132180891119967,0.0300743688188714,-0.002032));
#2843=CARTESIAN_POINT('',(-0.0125745219871925,0.0298786143246443,-0.002032));
#2844=CARTESIAN_POINT('',(-0.0119361740422692,0.0296404612646028,-0.002032));
#2845=CARTESIAN_POINT('',(-0.0112985843047202,0.0293553799925483,-0.002032));
#2846=CARTESIAN_POINT('',(-0.0106598760417425,0.0290168427194565,-0.002032));
#2847=CARTESIAN_POINT('',(-0.0100281594469452,0.0286225786884177,-0.002032));
#2848=CARTESIAN_POINT('',(-0.00920653230681042,0.0280223017210138,-0.002032));
#2849=CARTESIAN_POINT('',(-0.00861271466448924,0.0274771155698499,-0.002032));
#2850=CARTESIAN_POINT('',(-0.00823756332728973,0.027067274541166,-0.002032));
#2851=CARTESIAN_POINT('',(-0.0082375633272898,0.0270672745411661,-0.002032));
#2852=CARTESIAN_POINT('',(-0.00823756332728954,0.0270672745411664,-0.002032));
#2853=CARTESIAN_POINT('',(-0.00798925295462903,0.0272084924627657,-0.002032));
#2854=CARTESIAN_POINT('',(-0.00746680872423835,0.0274826968633091,-0.002032));
#2855=CARTESIAN_POINT('',(-0.00675525235390196,0.0277899863054075,-0.002032));
#2856=CARTESIAN_POINT('',(-0.00614392433921557,0.0280098559672641,-0.002032));
#2857=CARTESIAN_POINT('',(-0.00566118619475319,0.0281601349949484,-0.002032));
#2858=CARTESIAN_POINT('',(-0.00515535404974704,0.0282921383503307,-0.002032));
#2859=CARTESIAN_POINT('',(-0.00464832973075809,0.0283995289690801,-0.002032));
#2860=CARTESIAN_POINT('',(-0.00412851753447797,0.028484926462688,-0.002032));
#2861=CARTESIAN_POINT('',(-0.00342681901198637,0.0285655438297125,-0.002032));
#2862=CARTESIAN_POINT('',(-0.0025799312940897,0.0286024202127838,-0.002032));
#2863=CARTESIAN_POINT('',(-0.00158278394782936,0.0285585154545345,-0.002032));
#2864=CARTESIAN_POINT('',(-0.000598119599582816,0.028429054930573,-0.002032));
#2865=CARTESIAN_POINT('',(0.000219896443082298,0.0282471187131842,-0.002032));
#2866=CARTESIAN_POINT('',(0.000864747952422548,0.0280571662484162,-0.002032));
#2867=CARTESIAN_POINT('',(0.00150326340397677,0.0278377452147513,-0.002032));
#2868=CARTESIAN_POINT('',(0.00231562324642814,0.0274949283384036,-0.002032));
#2869=CARTESIAN_POINT('',(0.00312438770570442,0.027052658010938,-0.002032));
#2870=CARTESIAN_POINT('',(0.00375612449840057,0.026638438012507,-0.002032));
#2871=CARTESIAN_POINT('',(0.00438947577485901,0.0261717416016585,-0.002032));
#2872=CARTESIAN_POINT('',(0.00517165493321771,0.0254838359667044,-0.002032));
#2873=CARTESIAN_POINT('',(0.00604904119163373,0.024485468794885,-0.002032));
#2874=CARTESIAN_POINT('',(0.00657018070202594,0.0236951514884161,-0.002032));
#2875=CARTESIAN_POINT('',(0.00680743462259804,0.0232652841297877,-0.002032));
#2876=CARTESIAN_POINT('',(0.00680743462259823,0.0232652841297873,-0.002032));
#2877=CARTESIAN_POINT('',(0.00680743462259821,0.0232652841297873,-0.002032));
#2878=CARTESIAN_POINT('',(0.00741572922270602,0.0237402172981995,-0.002032));
#2879=CARTESIAN_POINT('',(0.00872059380236792,0.0248159283667729,-0.002032));
#2880=CARTESIAN_POINT('',(0.0108153296769878,0.0266761261993293,-0.002032));
#2881=CARTESIAN_POINT('',(0.0129567124631538,0.0286655532463231,-0.002032));
#2882=CARTESIAN_POINT('',(0.0150743253206443,0.0306769952992188,-0.002032));
#2883=CARTESIAN_POINT('',(0.0171141148337413,0.0326147674223599,-0.002032));
#2884=CARTESIAN_POINT('',(0.0187190528130609,0.034100024097506,-0.002032));
#2885=CARTESIAN_POINT('',(0.0198060658923566,0.0350555850610624,-0.002032));
#2886=CARTESIAN_POINT('',(0.020423357241369,0.0355770912598775,-0.002032));
#2887=CARTESIAN_POINT('',(0.0208923901015407,0.035960442995478,-0.002032));
#2888=CARTESIAN_POINT('',(0.0213736619817954,0.0363372161518205,-0.002032));
#2889=CARTESIAN_POINT('',(0.0220344849661311,0.0368282137496327,-0.002032));
#2890=CARTESIAN_POINT('',(0.0227872239284076,0.0373343759039273,-0.002032));
#2891=CARTESIAN_POINT('',(0.0236573849756232,0.0378220074438435,-0.002032));
#2892=CARTESIAN_POINT('',(0.0243746229479365,0.0381662730261845,-0.002032));
#2893=CARTESIAN_POINT('',(0.0250267956506366,0.0384236565962692,-0.002032));
#2894=CARTESIAN_POINT('',(0.0255872675160127,0.0386055263171258,-0.002032));
#2895=CARTESIAN_POINT('',(0.0260143803167132,0.0387242657215192,-0.002032));
#2896=CARTESIAN_POINT('',(0.0264510040491765,0.0388258465180437,-0.002032));
#2897=CARTESIAN_POINT('',(0.0270484726142013,0.0389366118068092,-0.002032));
#2898=CARTESIAN_POINT('',(0.0276217692198394,0.0390035924323366,-0.002032));
#2899=CARTESIAN_POINT('',(0.0281839352667019,0.0390340236055968,-0.002032));
#2900=CARTESIAN_POINT('',(0.0285750569048452,0.0390393542791077,-0.002032));
#2901=CARTESIAN_POINT('',(0.0289408638690245,0.0390312063633718,-0.002032));
#2902=CARTESIAN_POINT('',(0.0292785720087798,0.0390124135098184,-0.002032));
#2903=CARTESIAN_POINT('',(0.0295828254581132,0.0389864552438692,-0.002032));
#2904=CARTESIAN_POINT('',(0.0298478081206543,0.0389571949324176,-0.002032));
#2905=CARTESIAN_POINT('',(0.0300770499891384,0.0389273574882766,-0.002032));
#2906=CARTESIAN_POINT('',(0.0303441621844923,0.0388881426997894,-0.002032));
#2907=CARTESIAN_POINT('',(0.0305305115177785,0.0388573687707227,-0.002032));
#2908=CARTESIAN_POINT('',(0.0306663002929369,0.0388347358357677,-0.002032));
#2909=CARTESIAN_POINT('',(0.0307511491373273,0.0388207369145179,-0.002032));
#2910=CARTESIAN_POINT('',(0.0307981271017096,0.0388134825994408,-0.002032));
#2911=CARTESIAN_POINT('',(0.030862212796032,0.0388042076047057,-0.002032));
#2912=CARTESIAN_POINT('',(0.0309407880488339,0.0387933531034727,-0.002032));
#2913=CARTESIAN_POINT('',(0.0310423693588736,0.0387796086095256,-0.002032));
#2914=CARTESIAN_POINT('',(0.0312032313443671,0.0387578923278372,-0.002032));
#2915=CARTESIAN_POINT('',(0.0314520900337953,0.0387236343537064,-0.002032));
#2916=CARTESIAN_POINT('',(0.0318162227421111,0.038669138248919,-0.002032));
#2917=CARTESIAN_POINT('',(0.0322440019885433,0.0385965832604777,-0.002032));
#2918=CARTESIAN_POINT('',(0.0327366113349628,0.0384991468395918,-0.002032));
#2919=CARTESIAN_POINT('',(0.0332902091463205,0.038368781934309,-0.002032));
#2920=CARTESIAN_POINT('',(0.0338964403667731,0.03819838268948,-0.002032));
#2921=CARTESIAN_POINT('',(0.034582013854423,0.0379661137178362,-0.002032));
#2922=CARTESIAN_POINT('',(0.0353248126642056,0.0376587734529392,-0.002032));
#2923=CARTESIAN_POINT('',(0.0361061046285316,0.0372666709192541,-0.002032));
#2924=CARTESIAN_POINT('',(0.0369433115751613,0.0367531076535055,-0.002032));
#2925=CARTESIAN_POINT('',(0.0377897571378161,0.0361124546935821,-0.002032));
#2926=CARTESIAN_POINT('',(0.0384840469317536,0.0354590770807863,-0.002032));
#2927=CARTESIAN_POINT('',(0.0389461360595165,0.0349398796035414,-0.002032));
#2928=CARTESIAN_POINT('',(0.0392031138911222,0.0346232149211928,-0.002032));
#2929=CARTESIAN_POINT('',(0.0393869197696263,0.0343820558200567,-0.002032));
#2930=CARTESIAN_POINT('',(0.0395625154057434,0.0341371059277994,-0.002032));
#2931=CARTESIAN_POINT('',(0.0397904135283373,0.0337980198392486,-0.002032));
#2932=CARTESIAN_POINT('',(0.0400424638817889,0.0333831522961472,-0.002032));
#2933=CARTESIAN_POINT('',(0.0403004891428047,0.0329025674843631,-0.002032));
#2934=CARTESIAN_POINT('',(0.0405243780882715,0.0324303617272223,-0.002032));
#2935=CARTESIAN_POINT('',(0.0407138715266432,0.0319772453341323,-0.002032));
#2936=CARTESIAN_POINT('',(0.040928306503471,0.0313977050422648,-0.002032));
#2937=CARTESIAN_POINT('',(0.0410549609679801,0.0309799684184384,-0.002032));
#2938=CARTESIAN_POINT('',(0.0411263840280503,0.0307142613310182,-0.002032));
#2939=CARTESIAN_POINT('',(0.0411263840280503,0.0307142613310182,-0.002032));
#2940=CARTESIAN_POINT('',(0.0411263840280503,0.0307142613310183,-0.002032));
#2941=CARTESIAN_POINT('',(0.0412255697507793,0.0303452719671622,-0.002032));
#2942=CARTESIAN_POINT('',(0.0413810615655538,0.0296298714355807,-0.002032));
#2943=CARTESIAN_POINT('',(0.0415154909075684,0.0286591757514807,-0.002032));
#2944=CARTESIAN_POINT('',(0.0415832568620198,0.0277500314030846,-0.002032));
#2945=CARTESIAN_POINT('',(0.0415990758679349,0.0268977851032808,-0.002032));
#2946=CARTESIAN_POINT('',(0.0415738571297488,0.0260901061615088,-0.002032));
#2947=CARTESIAN_POINT('',(0.0415133593513145,0.0253151152342936,-0.002032));
#2948=CARTESIAN_POINT('',(0.0414346833194147,0.0246848246997485,-0.002032));
#2949=CARTESIAN_POINT('',(0.041354552708185,0.0241890546417534,-0.002032));
#2950=CARTESIAN_POINT('',(0.0412833324794625,0.0238092117274691,-0.002032));
#2951=CARTESIAN_POINT('',(0.0411978080334121,0.0234163322641961,-0.002032));
#2952=CARTESIAN_POINT('',(0.0410988695868242,0.0230204390914799,-0.002032));
#2953=CARTESIAN_POINT('',(0.0409953291237664,0.0226600410837164,-0.002032));
#2954=CARTESIAN_POINT('',(0.0408982084279972,0.0223584408800872,-0.002032));
#2955=CARTESIAN_POINT('',(0.0408121451035897,0.0221108220674337,-0.002032));
#2956=CARTESIAN_POINT('',(0.0407127674352515,0.0218480024955384,-0.002032));
#2957=CARTESIAN_POINT('',(0.0405999428229295,0.0215737628643291,-0.002032));
#2958=CARTESIAN_POINT('',(0.0404685548277467,0.0212810846913658,-0.002032));
#2959=CARTESIAN_POINT('',(0.0403169854183685,0.0209729022811757,-0.002032));
#2960=CARTESIAN_POINT('',(0.0401436871603386,0.0206525894641633,-0.002032));
#2961=CARTESIAN_POINT('',(0.0399561869724448,0.0203369173489247,-0.002032));
#2962=CARTESIAN_POINT('',(0.0397840581534275,0.0200719314845043,-0.002032));
#2963=CARTESIAN_POINT('',(0.0396330321804058,0.0198555415888921,-0.002032));
#2964=CARTESIAN_POINT('',(0.0394817245743417,0.0196486842140999,-0.002032));
#2965=CARTESIAN_POINT('',(0.0392917341287757,0.0194054749976306,-0.002032));
#2966=CARTESIAN_POINT('',(0.0390588702195337,0.019130497075144,-0.002032));
#2967=CARTESIAN_POINT('',(0.038819143381112,0.0188695048196066,-0.002032));
#2968=CARTESIAN_POINT('',(0.0385956931990248,0.0186438170687947,-0.002032));
#2969=CARTESIAN_POINT('',(0.0383879592107269,0.0184470007872409,-0.002032));
#2970=CARTESIAN_POINT('',(0.0381989843269459,0.0182777563043425,-0.002032));
#2971=CARTESIAN_POINT('',(0.0380261272179955,0.0181304558808442,-0.002032));
#2972=CARTESIAN_POINT('',(0.0378805292712268,0.0180115263699669,-0.002032));
#2973=CARTESIAN_POINT('',(0.0377645232702551,0.017919459902116,-0.002032));
#2974=CARTESIAN_POINT('',(0.0376614259668013,0.0178394904684103,-0.002032));
#2975=CARTESIAN_POINT('',(0.0375843477308809,0.0177807112514557,-0.002032));
#2976=CARTESIAN_POINT('',(0.0375121757940213,0.0177259622660221,-0.002032));
#2977=CARTESIAN_POINT('',(0.037445875463336,0.0176757377587044,-0.002032));
#2978=CARTESIAN_POINT('',(0.0374267717135296,0.0176609462304761,-0.002032));
#2979=CARTESIAN_POINT('',(0.03742220955334,0.0176573870927056,-0.002032));
#2980=CARTESIAN_POINT('',(0.0374222095533399,0.0176573870927055,-0.002032));
#2981=CARTESIAN_POINT('',(0.0374222095533399,0.0176573870927056,-0.002032));
#2982=CARTESIAN_POINT('',(0.0374182493516429,0.0176537926579542,-0.002032));
#2983=CARTESIAN_POINT('',(0.0373980449333351,0.0176354626413084,-0.002032));
#2984=CARTESIAN_POINT('',(0.037292489529411,0.0175319013240571,-0.002032));
#2985=CARTESIAN_POINT('',(0.0371350643139896,0.0173704495907024,-0.002032));
#2986=CARTESIAN_POINT('',(0.0368687188462689,0.0170884804586462,-0.002032));
#2987=CARTESIAN_POINT('',(0.0364503441009703,0.0166295381773521,-0.002032));
#2988=CARTESIAN_POINT('',(0.0358468348532192,0.0159442628043631,-0.002032));
#2989=CARTESIAN_POINT('',(0.0351631245630849,0.0151488275362086,-0.002032));
#2990=CARTESIAN_POINT('',(0.0341649854866629,0.0139666463133995,-0.002032));
#2991=CARTESIAN_POINT('',(0.0327883683525036,0.0123039370921942,-0.002032));
#2992=CARTESIAN_POINT('',(0.0310165745246052,0.0101297841928963,-0.002032));
#2993=CARTESIAN_POINT('',(0.0285962729568572,0.00713459583560977,-0.002032));
#2994=CARTESIAN_POINT('',(0.0268262967756716,0.00493502426896055,-0.002032));
#2995=CARTESIAN_POINT('',(0.025755121146242,0.00361646215174939,-0.002032));
#2996=CARTESIAN_POINT('',(0.0257551211462422,0.00361646215174967,-0.002032));
#2997=CARTESIAN_POINT('',(0.0257551211462422,0.00361646215174959,-0.002032));
#2998=CARTESIAN_POINT('',(0.0260057116404866,0.00346910834026971,-0.002032));
#2999=CARTESIAN_POINT('',(0.026491472311963,0.00315747022381384,-0.002032));
#3000=CARTESIAN_POINT('',(0.0271763314331144,0.0026435772824977,-0.002032));
#3001=CARTESIAN_POINT('',(0.0278405456342381,0.00206243514100625,-0.002032));
#3002=CARTESIAN_POINT('',(0.0284656858408029,0.00142286192654861,-0.002032));
#3003=CARTESIAN_POINT('',(0.0290582653289763,0.000712387555360596,-0.002032));
#3004=CARTESIAN_POINT('',(0.029616600737567,-8.74153057728367E-5,-0.002032));
#3005=CARTESIAN_POINT('',(0.0301178728494241,-0.000965864777037546,-0.002032));
#3006=CARTESIAN_POINT('',(0.0305568050174564,-0.00194258760066718,-0.002032));
#3007=CARTESIAN_POINT('',(0.0309102088125075,-0.00301714629707601,-0.002032));
#3008=CARTESIAN_POINT('',(0.0311126885940125,-0.0039899076053933,-0.002032));
#3009=CARTESIAN_POINT('',(0.0312065991557294,-0.00480116505058181,-0.002032));
#3010=CARTESIAN_POINT('',(0.0312407572106612,-0.00542778041957817,-0.002032));
#3011=CARTESIAN_POINT('',(0.0312355468878029,-0.00606443193510228,-0.002032));
#3012=CARTESIAN_POINT('',(0.0311976478452496,-0.00659836412399581,-0.002032));
#3013=CARTESIAN_POINT('',(0.0311456468792096,-0.00703216657072148,-0.002032));
#3014=CARTESIAN_POINT('',(0.0310969064215729,-0.00735067576272898,-0.002032));
#3015=CARTESIAN_POINT('',(0.0310399682152866,-0.00765914059518208,-0.002032));
#3016=CARTESIAN_POINT('',(0.0309524076954559,-0.00806459528564396,-0.002032));
#3017=CARTESIAN_POINT('',(0.0308259430679593,-0.00854377360498645,-0.002032));
#3018=CARTESIAN_POINT('',(0.0306559961426013,-0.00907203406038467,-0.002032));
#3019=CARTESIAN_POINT('',(0.030468532467596,-0.00956925234662213,-0.002032));
#3020=CARTESIAN_POINT('',(0.0302057132630205,-0.0101803764063532,-0.002032));
#3021=CARTESIAN_POINT('',(0.0299955507683753,-0.0105946421500429,-0.002032));
#3022=CARTESIAN_POINT('',(0.0298536241652041,-0.0108526619116784,-0.002032));
#3023=CARTESIAN_POINT('',(0.0298536241652041,-0.0108526619116784,-0.002032));
#3024=CARTESIAN_POINT('',(0.0298536241652037,-0.0108526619116787,-0.002032));
#3025=CARTESIAN_POINT('',(0.0301337517556417,-0.0111312966506301,-0.002032));
#3026=CARTESIAN_POINT('',(0.0305301927931804,-0.011569546377903,-0.002032));
#3027=CARTESIAN_POINT('',(0.0310117876090327,-0.0121923639263354,-0.002032));
#3028=CARTESIAN_POINT('',(0.031467967459478,-0.0128506859288257,-0.002032));
#3029=CARTESIAN_POINT('',(0.0318775557725742,-0.0135557076228364,-0.002032));
#3030=CARTESIAN_POINT('',(0.0322350796203039,-0.0143082859793398,-0.002032));
#3031=CARTESIAN_POINT('',(0.0325578121077939,-0.0151004668107247,-0.002032));
#3032=CARTESIAN_POINT('',(0.0328193269783174,-0.0159465812112698,-0.002032));
#3033=CARTESIAN_POINT('',(0.0330062655588532,-0.0168431617289415,-0.002032));
#3034=CARTESIAN_POINT('',(0.0331057342136489,-0.0175433652760024,-0.002032));
#3035=CARTESIAN_POINT('',(0.0331594231508759,-0.0182647575120333,-0.002032));
#3036=CARTESIAN_POINT('',(0.0331630745055907,-0.018879948005817,-0.002032));
#3037=CARTESIAN_POINT('',(0.0331396007221212,-0.019380618422199,-0.002032));
#3038=CARTESIAN_POINT('',(0.0331076517973025,-0.0197639670802611,-0.002032));
#3039=CARTESIAN_POINT('',(0.0330626287774027,-0.0201391278739222,-0.002032));
#3040=CARTESIAN_POINT('',(0.0329855104888039,-0.0206346359412315,-0.002032));
#3041=CARTESIAN_POINT('',(0.0328603122221397,-0.0212286606375248,-0.002032));
#3042=CARTESIAN_POINT('',(0.03267808186553,-0.0218828444810791,-0.002032));
#3043=CARTESIAN_POINT('',(0.0324701184084203,-0.0224914907192261,-0.002032));
#3044=CARTESIAN_POINT('',(0.032243250746996,-0.0230554947482997,-0.002032));
#3045=CARTESIAN_POINT('',(0.032002384481014,-0.0235794847795683,-0.002032));
#3046=CARTESIAN_POINT('',(0.0317544270548537,-0.0240619943639262,-0.002032));
#3047=CARTESIAN_POINT('',(0.031499061747247,-0.0245141976030253,-0.002032));
#3048=CARTESIAN_POINT('',(0.0312383023628305,-0.0249387519669359,-0.002032));
#3049=CARTESIAN_POINT('',(0.0309756623069926,-0.0253357880073829,-0.002032));
#3050=CARTESIAN_POINT('',(0.0306289210968302,-0.0258273361231552,-0.002032));
#3051=CARTESIAN_POINT('',(0.0300188488856252,-0.0266204729218147,-0.002032));
#3052=CARTESIAN_POINT('',(0.0295095473914651,-0.027194332811682,-0.002032));
#3053=CARTESIAN_POINT('',(0.0291798631892736,-0.0275452177044193,-0.002032));
#3054=CARTESIAN_POINT('',(0.0291798631892736,-0.0275452177044193,-0.002032));
#3055=CARTESIAN_POINT('',(0.0291798631892733,-0.0275452177044195,-0.002032));
#3056=CARTESIAN_POINT('',(0.029264585394381,-0.027970400473866,-0.002032));
#3057=CARTESIAN_POINT('',(0.0294278306407405,-0.0288447533827258,-0.002032));
#3058=CARTESIAN_POINT('',(0.0296053854408527,-0.0299831410420662,-0.002032));
#3059=CARTESIAN_POINT('',(0.0297230884567421,-0.0309182388529265,-0.002032));
#3060=CARTESIAN_POINT('',(0.0297960944763555,-0.0316287124333664,-0.002032));
#3061=CARTESIAN_POINT('',(0.0298519331011861,-0.0323630866973815,-0.002032));
#3062=CARTESIAN_POINT('',(0.0298836873166284,-0.0331395025377806,-0.002032));
#3063=CARTESIAN_POINT('',(0.0298817871584472,-0.0339542633559823,-0.002032));
#3064=CARTESIAN_POINT('',(0.0298322121021661,-0.0348326711802084,-0.002032));
#3065=CARTESIAN_POINT('',(0.0297181032273654,-0.0357525020744592,-0.002032));
#3066=CARTESIAN_POINT('',(0.0295263338492941,-0.0367018922869208,-0.002032));
#3067=CARTESIAN_POINT('',(0.0292452789845914,-0.0376707013071555,-0.002032));
#3068=CARTESIAN_POINT('',(0.0288579720179153,-0.038649838997596,-0.002032));
#3069=CARTESIAN_POINT('',(0.0284839441460771,-0.0393851613454987,-0.002032));
#3070=CARTESIAN_POINT('',(0.0281585644680651,-0.0399369502481658,-0.002032));
#3071=CARTESIAN_POINT('',(0.0279003050464405,-0.0403352090839135,-0.002032));
#3072=CARTESIAN_POINT('',(0.0276351453900594,-0.0407089607205074,-0.002032));
#3073=CARTESIAN_POINT('',(0.0272833179212289,-0.0411663815026378,-0.002032));
#3074=CARTESIAN_POINT('',(0.0268534232142552,-0.0416663325462496,-0.002032));
#3075=CARTESIAN_POINT('',(0.0264626855733584,-0.0420730537345185,-0.002032));
#3076=CARTESIAN_POINT('',(0.026175485113329,-0.042355157960826,-0.002032));
#3077=CARTESIAN_POINT('',(0.0259766847344769,-0.0425440929034742,-0.002032));
#3078=CARTESIAN_POINT('',(0.0257816551577078,-0.0427243169396093,-0.002032));
#3079=CARTESIAN_POINT('',(0.0255969976132456,-0.0428908212901144,-0.002032));
#3080=CARTESIAN_POINT('',(0.0254104505424013,-0.0430557883217254,-0.002032));
#3081=CARTESIAN_POINT('',(0.0251516796012132,-0.0432798781728244,-0.002032));
#3082=CARTESIAN_POINT('',(0.0248143436776749,-0.0435624610455478,-0.002032));
#3083=CARTESIAN_POINT('',(0.0243940741119935,-0.0438988238146929,-0.002032));
#3084=CARTESIAN_POINT('',(0.0239469282780443,-0.0442394257144803,-0.002032));
#3085=CARTESIAN_POINT('',(0.023317756846003,-0.0446921106812175,-0.002032));
#3086=CARTESIAN_POINT('',(0.0227085327371236,-0.0450917884455914,-0.002032));
#3087=CARTESIAN_POINT('',(0.0221173756627992,-0.0454344906680708,-0.002032));
#3088=CARTESIAN_POINT('',(0.021801987368256,-0.0456074377645329,-0.002032));
#3089=CARTESIAN_POINT('',(0.0214641305785072,-0.0457809700731741,-0.002032));
#3090=CARTESIAN_POINT('',(0.0211040088487934,-0.0459527085534179,-0.002032));
#3091=CARTESIAN_POINT('',(0.0207711390453067,-0.0460977859132375,-0.002032));
#3092=CARTESIAN_POINT('',(0.0204876276706275,-0.046211306111524,-0.002032));
#3093=CARTESIAN_POINT('',(0.0201955843405326,-0.0463214604716683,-0.002032));
#3094=CARTESIAN_POINT('',(0.0197848025941957,-0.0464617700097156,-0.002032));
#3095=CARTESIAN_POINT('',(0.0193195091248346,-0.0465927437008957,-0.002032));
#3096=CARTESIAN_POINT('',(0.0189294843778408,-0.0466839086403371,-0.002032));
#3097=CARTESIAN_POINT('',(0.0186041971991684,-0.0467493145847112,-0.002032));
#3098=CARTESIAN_POINT('',(0.018247763291658,-0.0468074812724163,-0.002032));
#3099=CARTESIAN_POINT('',(0.0178631898160613,-0.0468543589373402,-0.002032));
#3100=CARTESIAN_POINT('',(0.0174540999781558,-0.0468861777037393,-0.002032));
#3101=CARTESIAN_POINT('',(0.0168789233420089,-0.0469036922260422,-0.002032));
#3102=CARTESIAN_POINT('',(0.0162876218950768,-0.0468797596960639,-0.002032));
#3103=CARTESIAN_POINT('',(0.0156658423565138,-0.0468063711056155,-0.002032));
#3104=CARTESIAN_POINT('',(0.0151843340596904,-0.0467234304248011,-0.002032));
#3105=CARTESIAN_POINT('',(0.0146787735819193,-0.0466056736329837,-0.002032));
#3106=CARTESIAN_POINT('',(0.0141947427063312,-0.0464620754079787,-0.002032));
#3107=CARTESIAN_POINT('',(0.0137221902502635,-0.0462924653077208,-0.002032));
#3108=CARTESIAN_POINT('',(0.0132645564729901,-0.046097926595015,-0.002032));
#3109=CARTESIAN_POINT('',(0.0128358319434907,-0.0458873419730145,-0.002032));
#3110=CARTESIAN_POINT('',(0.0122867614866482,-0.0455803712694422,-0.002032));
#3111=CARTESIAN_POINT('',(0.0116776732412109,-0.0451729485228463,-0.002032));
#3112=CARTESIAN_POINT('',(0.0111674425910332,-0.0447598917254082,-0.002032));
#3113=CARTESIAN_POINT('',(0.0108154933838154,-0.0444405136528708,-0.002032));
#3114=CARTESIAN_POINT('',(0.0104888363352877,-0.0441217873854633,-0.002032));
#3115=CARTESIAN_POINT('',(0.0102039358656013,-0.0438123070849465,-0.002032));
#3116=CARTESIAN_POINT('',(0.00996222049973681,-0.0435265466318121,-0.002032));
#3117=CARTESIAN_POINT('',(0.00975142272810857,-0.0432646214309758,-0.002032));
#3118=CARTESIAN_POINT('',(0.00951224591248306,-0.0429461512676112,-0.002032));
#3119=CARTESIAN_POINT('',(0.00926873397615438,-0.0425941657503575,-0.002032));
#3120=CARTESIAN_POINT('',(0.00906440658223723,-0.0422795801730786,-0.002032));
#3121=CARTESIAN_POINT('',(0.00887861959418748,-0.0419781304561658,-0.002032));
#3122=CARTESIAN_POINT('',(0.00866045834591196,-0.0416084308543997,-0.002032));
#3123=CARTESIAN_POINT('',(0.00841584815058868,-0.0411729764105812,-0.002032));
#3124=CARTESIAN_POINT('',(0.00814569985299086,-0.0406740338844782,-0.002032));
#3125=CARTESIAN_POINT('',(0.00787882295543593,-0.040174401205305,-0.002032));
#3126=CARTESIAN_POINT('',(0.00759263494680698,-0.0396380310428428,-0.002032));
#3127=CARTESIAN_POINT('',(0.00727205320006824,-0.0390383547927156,-0.002032));
#3128=CARTESIAN_POINT('',(0.00692356276435308,-0.0383862366591313,-0.002032));
#3129=CARTESIAN_POINT('',(0.00642430877309681,-0.0374519276684496,-0.002032));
#3130=CARTESIAN_POINT('',(0.00574046754821648,-0.0361712959080149,-0.002032));
#3131=CARTESIAN_POINT('',(0.00454386671025545,-0.0339263151322858,-0.002032));
#3132=CARTESIAN_POINT('',(0.00290042255084929,-0.0308313425077114,-0.002032));
#3133=CARTESIAN_POINT('',(0.00083454403059851,-0.0269078822950846,-0.002032));
#3134=CARTESIAN_POINT('',(-0.000511765901971136,-0.0243177350220101,-0.002032));
#3135=CARTESIAN_POINT('',(-0.00115435896554417,-0.0230691445400929,-0.002032));
#3136=CARTESIAN_POINT('',(-0.00115435896554417,-0.0230691445400929,-0.002032));
#3137=CARTESIAN_POINT('',(-0.00115435896554422,-0.0230691445400929,-0.002032));
#3138=CARTESIAN_POINT('',(-0.00191860771139772,-0.0237912856751149,-0.002032));
#3139=CARTESIAN_POINT('',(-0.00349835653312579,-0.0252464762245992,-0.002032));
#3140=CARTESIAN_POINT('',(-0.00582313168891847,-0.0272652432546034,-0.002032));
#3141=CARTESIAN_POINT('',(-0.00804426039533995,-0.0290907733916886,-0.002032));
#3142=CARTESIAN_POINT('',(-0.00940924290423681,-0.0301445700102521,-0.002032));
#3143=CARTESIAN_POINT('',(-0.0100599207845616,-0.0306279189506454,-0.002032));
#3144=CARTESIAN_POINT('',(-0.0217232251025495,-0.00770112194308122,0.));
#3145=CARTESIAN_POINT('',(-0.0100599207845615,-0.0306279189506455,0.));
#3146=CARTESIAN_POINT('',(-0.010006179247483,-0.0310673578891516,0.));
#3147=CARTESIAN_POINT('',(-0.00989451508614317,-0.0319765121440899,0.));
#3148=CARTESIAN_POINT('',(-0.00975704538641966,-0.0331430393362625,0.));
#3149=CARTESIAN_POINT('',(-0.00965571493013963,-0.034073403209041,0.));
#3150=CARTESIAN_POINT('',(-0.00958588293325162,-0.0347666047615247,0.));
#3151=CARTESIAN_POINT('',(-0.00952419259626485,-0.0354531597126745,0.));
#3152=CARTESIAN_POINT('',(-0.00947265148457974,-0.0361361924572162,0.));
#3153=CARTESIAN_POINT('',(-0.00943428053015694,-0.0368215250113273,0.));
#3154=CARTESIAN_POINT('',(-0.00941670602440937,-0.0374079706657033,0.));
#3155=CARTESIAN_POINT('',(-0.00941619893548991,-0.037908687880929,0.));
#3156=CARTESIAN_POINT('',(-0.00942353810103809,-0.0382394777708912,0.));
#3157=CARTESIAN_POINT('',(-0.00943627611086687,-0.0385244836298691,0.));
#3158=CARTESIAN_POINT('',(-0.00944961556314476,-0.0387437823659601,0.));
#3159=CARTESIAN_POINT('',(-0.00946858087481618,-0.0389844187815768,0.));
#3160=CARTESIAN_POINT('',(-0.00949513875285424,-0.039246393220752,0.));
#3161=CARTESIAN_POINT('',(-0.00952959198685051,-0.0395203877407398,0.));
#3162=CARTESIAN_POINT('',(-0.00956958426353423,-0.0397798945724704,0.));
#3163=CARTESIAN_POINT('',(-0.00960946575180695,-0.0400006444151402,0.));
#3164=CARTESIAN_POINT('',(-0.00964334950699635,-0.0401713008424883,0.));
#3165=CARTESIAN_POINT('',(-0.00968107195645195,-0.0403447310194538,0.));
#3166=CARTESIAN_POINT('',(-0.00973691239077754,-0.0405823691371755,0.));
#3167=CARTESIAN_POINT('',(-0.0098429793470203,-0.0409795952255549,0.));
#3168=CARTESIAN_POINT('',(-0.00999916361041175,-0.0414411099910496,0.));
#3169=CARTESIAN_POINT('',(-0.0101532603570131,-0.0418249645473218,0.));
#3170=CARTESIAN_POINT('',(-0.0103256251834974,-0.0422139004959337,0.));
#3171=CARTESIAN_POINT('',(-0.0106044832752699,-0.0427598426530615,0.));
#3172=CARTESIAN_POINT('',(-0.0109822141193921,-0.0433544982020939,0.));
#3173=CARTESIAN_POINT('',(-0.0113560407813234,-0.0438469884568028,0.));
#3174=CARTESIAN_POINT('',(-0.0116723845562263,-0.0442168529674919,0.));
#3175=CARTESIAN_POINT('',(-0.0120132663395525,-0.044570712185513,0.));
#3176=CARTESIAN_POINT('',(-0.0123249316461171,-0.0448579875078182,0.));
#3177=CARTESIAN_POINT('',(-0.0125960036805006,-0.0450845426392346,0.));
#3178=CARTESIAN_POINT('',(-0.0128696610254442,-0.0452986064417564,0.));
#3179=CARTESIAN_POINT('',(-0.0132189094016221,-0.0455462553012397,0.));
#3180=CARTESIAN_POINT('',(-0.013582408313648,-0.0457719573191232,0.));
#3181=CARTESIAN_POINT('',(-0.0138889739919714,-0.0459424986534935,0.));
#3182=CARTESIAN_POINT('',(-0.0141917691232137,-0.0460984386598624,0.));
#3183=CARTESIAN_POINT('',(-0.0145641288038491,-0.0462689259826973,0.));
#3184=CARTESIAN_POINT('',(-0.0150046591145443,-0.0464406616126102,0.));
#3185=CARTESIAN_POINT('',(-0.0154427395548216,-0.0465833186231201,0.));
#3186=CARTESIAN_POINT('',(-0.0159945936129522,-0.046730341146031,0.));
#3187=CARTESIAN_POINT('',(-0.01637046118718,-0.0468002361434105,0.));
#3188=CARTESIAN_POINT('',(-0.0166062706679206,-0.0468345899691003,0.));
#3189=CARTESIAN_POINT('',(-0.0100599207845615,-0.0306279189506454,0.));
#3190=CARTESIAN_POINT('',(-0.0166062706679209,-0.0468345899691003,0.));
#3191=CARTESIAN_POINT('',(-0.00115435896554422,-0.0230691445400929,0.));
#3192=CARTESIAN_POINT('',(-0.00191860771139772,-0.0237912856751149,0.));
#3193=CARTESIAN_POINT('',(-0.00349835653312579,-0.0252464762245992,0.));
#3194=CARTESIAN_POINT('',(-0.00582313168891847,-0.0272652432546034,0.));
#3195=CARTESIAN_POINT('',(-0.00804426039533995,-0.0290907733916886,0.));
#3196=CARTESIAN_POINT('',(-0.00940924290423681,-0.0301445700102521,0.));
#3197=CARTESIAN_POINT('',(-0.0100599207845616,-0.0306279189506454,0.));
#3198=CARTESIAN_POINT('',(-0.00115435896554417,-0.0230691445400929,0.));
#3199=CARTESIAN_POINT('',(0.0291798631892733,-0.0275452177044195,0.));
#3200=CARTESIAN_POINT('',(0.029264585394381,-0.027970400473866,0.));
#3201=CARTESIAN_POINT('',(0.0294278306407405,-0.0288447533827258,0.));
#3202=CARTESIAN_POINT('',(0.0296053854408527,-0.0299831410420662,0.));
#3203=CARTESIAN_POINT('',(0.0297230884567421,-0.0309182388529265,0.));
#3204=CARTESIAN_POINT('',(0.0297960944763555,-0.0316287124333664,0.));
#3205=CARTESIAN_POINT('',(0.0298519331011861,-0.0323630866973815,0.));
#3206=CARTESIAN_POINT('',(0.0298836873166284,-0.0331395025377806,0.));
#3207=CARTESIAN_POINT('',(0.0298817871584472,-0.0339542633559823,0.));
#3208=CARTESIAN_POINT('',(0.0298322121021661,-0.0348326711802084,0.));
#3209=CARTESIAN_POINT('',(0.0297181032273654,-0.0357525020744592,0.));
#3210=CARTESIAN_POINT('',(0.0295263338492941,-0.0367018922869208,0.));
#3211=CARTESIAN_POINT('',(0.0292452789845914,-0.0376707013071555,0.));
#3212=CARTESIAN_POINT('',(0.0288579720179153,-0.038649838997596,0.));
#3213=CARTESIAN_POINT('',(0.0284839441460771,-0.0393851613454987,0.));
#3214=CARTESIAN_POINT('',(0.0281585644680651,-0.0399369502481658,0.));
#3215=CARTESIAN_POINT('',(0.0279003050464405,-0.0403352090839135,0.));
#3216=CARTESIAN_POINT('',(0.0276351453900594,-0.0407089607205074,0.));
#3217=CARTESIAN_POINT('',(0.0272833179212289,-0.0411663815026378,0.));
#3218=CARTESIAN_POINT('',(0.0268534232142552,-0.0416663325462496,0.));
#3219=CARTESIAN_POINT('',(0.0264626855733584,-0.0420730537345185,0.));
#3220=CARTESIAN_POINT('',(0.026175485113329,-0.042355157960826,0.));
#3221=CARTESIAN_POINT('',(0.0259766847344769,-0.0425440929034742,0.));
#3222=CARTESIAN_POINT('',(0.0257816551577078,-0.0427243169396093,0.));
#3223=CARTESIAN_POINT('',(0.0255969976132456,-0.0428908212901144,0.));
#3224=CARTESIAN_POINT('',(0.0254104505424013,-0.0430557883217254,0.));
#3225=CARTESIAN_POINT('',(0.0251516796012132,-0.0432798781728244,0.));
#3226=CARTESIAN_POINT('',(0.0248143436776749,-0.0435624610455478,0.));
#3227=CARTESIAN_POINT('',(0.0243940741119935,-0.0438988238146929,0.));
#3228=CARTESIAN_POINT('',(0.0239469282780443,-0.0442394257144803,0.));
#3229=CARTESIAN_POINT('',(0.023317756846003,-0.0446921106812175,0.));
#3230=CARTESIAN_POINT('',(0.0227085327371236,-0.0450917884455914,0.));
#3231=CARTESIAN_POINT('',(0.0221173756627992,-0.0454344906680708,0.));
#3232=CARTESIAN_POINT('',(0.021801987368256,-0.0456074377645329,0.));
#3233=CARTESIAN_POINT('',(0.0214641305785072,-0.0457809700731741,0.));
#3234=CARTESIAN_POINT('',(0.0211040088487934,-0.0459527085534179,0.));
#3235=CARTESIAN_POINT('',(0.0207711390453067,-0.0460977859132375,0.));
#3236=CARTESIAN_POINT('',(0.0204876276706275,-0.046211306111524,0.));
#3237=CARTESIAN_POINT('',(0.0201955843405326,-0.0463214604716683,0.));
#3238=CARTESIAN_POINT('',(0.0197848025941957,-0.0464617700097156,0.));
#3239=CARTESIAN_POINT('',(0.0193195091248346,-0.0465927437008957,0.));
#3240=CARTESIAN_POINT('',(0.0189294843778408,-0.0466839086403371,0.));
#3241=CARTESIAN_POINT('',(0.0186041971991684,-0.0467493145847112,0.));
#3242=CARTESIAN_POINT('',(0.018247763291658,-0.0468074812724163,0.));
#3243=CARTESIAN_POINT('',(0.0178631898160613,-0.0468543589373402,0.));
#3244=CARTESIAN_POINT('',(0.0174540999781558,-0.0468861777037393,0.));
#3245=CARTESIAN_POINT('',(0.0168789233420089,-0.0469036922260422,0.));
#3246=CARTESIAN_POINT('',(0.0162876218950768,-0.0468797596960639,0.));
#3247=CARTESIAN_POINT('',(0.0156658423565138,-0.0468063711056155,0.));
#3248=CARTESIAN_POINT('',(0.0151843340596904,-0.0467234304248011,0.));
#3249=CARTESIAN_POINT('',(0.0146787735819193,-0.0466056736329837,0.));
#3250=CARTESIAN_POINT('',(0.0141947427063312,-0.0464620754079787,0.));
#3251=CARTESIAN_POINT('',(0.0137221902502635,-0.0462924653077208,0.));
#3252=CARTESIAN_POINT('',(0.0132645564729901,-0.046097926595015,0.));
#3253=CARTESIAN_POINT('',(0.0128358319434907,-0.0458873419730145,0.));
#3254=CARTESIAN_POINT('',(0.0122867614866482,-0.0455803712694422,0.));
#3255=CARTESIAN_POINT('',(0.0116776732412109,-0.0451729485228463,0.));
#3256=CARTESIAN_POINT('',(0.0111674425910332,-0.0447598917254082,0.));
#3257=CARTESIAN_POINT('',(0.0108154933838154,-0.0444405136528708,0.));
#3258=CARTESIAN_POINT('',(0.0104888363352877,-0.0441217873854633,0.));
#3259=CARTESIAN_POINT('',(0.0102039358656013,-0.0438123070849465,0.));
#3260=CARTESIAN_POINT('',(0.00996222049973681,-0.0435265466318121,0.));
#3261=CARTESIAN_POINT('',(0.00975142272810857,-0.0432646214309758,0.));
#3262=CARTESIAN_POINT('',(0.00951224591248306,-0.0429461512676112,0.));
#3263=CARTESIAN_POINT('',(0.00926873397615438,-0.0425941657503575,0.));
#3264=CARTESIAN_POINT('',(0.00906440658223723,-0.0422795801730786,0.));
#3265=CARTESIAN_POINT('',(0.00887861959418748,-0.0419781304561658,0.));
#3266=CARTESIAN_POINT('',(0.00866045834591196,-0.0416084308543997,0.));
#3267=CARTESIAN_POINT('',(0.00841584815058868,-0.0411729764105812,0.));
#3268=CARTESIAN_POINT('',(0.00814569985299086,-0.0406740338844782,0.));
#3269=CARTESIAN_POINT('',(0.00787882295543593,-0.040174401205305,0.));
#3270=CARTESIAN_POINT('',(0.00759263494680698,-0.0396380310428428,0.));
#3271=CARTESIAN_POINT('',(0.00727205320006824,-0.0390383547927156,0.));
#3272=CARTESIAN_POINT('',(0.00692356276435308,-0.0383862366591313,0.));
#3273=CARTESIAN_POINT('',(0.00642430877309681,-0.0374519276684496,0.));
#3274=CARTESIAN_POINT('',(0.00574046754821648,-0.0361712959080149,0.));
#3275=CARTESIAN_POINT('',(0.00454386671025545,-0.0339263151322858,0.));
#3276=CARTESIAN_POINT('',(0.00290042255084929,-0.0308313425077114,0.));
#3277=CARTESIAN_POINT('',(0.00083454403059851,-0.0269078822950846,0.));
#3278=CARTESIAN_POINT('',(-0.000511765901971136,-0.0243177350220101,0.));
#3279=CARTESIAN_POINT('',(-0.00115435896554417,-0.0230691445400929,0.));
#3280=CARTESIAN_POINT('',(0.0291798631892736,-0.0275452177044193,0.));
#3281=CARTESIAN_POINT('',(0.0298536241652037,-0.0108526619116787,0.));
#3282=CARTESIAN_POINT('',(0.0301337517556417,-0.0111312966506301,0.));
#3283=CARTESIAN_POINT('',(0.0305301927931804,-0.011569546377903,0.));
#3284=CARTESIAN_POINT('',(0.0310117876090327,-0.0121923639263354,0.));
#3285=CARTESIAN_POINT('',(0.031467967459478,-0.0128506859288257,0.));
#3286=CARTESIAN_POINT('',(0.0318775557725742,-0.0135557076228364,0.));
#3287=CARTESIAN_POINT('',(0.0322350796203039,-0.0143082859793398,0.));
#3288=CARTESIAN_POINT('',(0.0325578121077939,-0.0151004668107247,0.));
#3289=CARTESIAN_POINT('',(0.0328193269783174,-0.0159465812112698,0.));
#3290=CARTESIAN_POINT('',(0.0330062655588532,-0.0168431617289415,0.));
#3291=CARTESIAN_POINT('',(0.0331057342136489,-0.0175433652760024,0.));
#3292=CARTESIAN_POINT('',(0.0331594231508759,-0.0182647575120333,0.));
#3293=CARTESIAN_POINT('',(0.0331630745055907,-0.018879948005817,0.));
#3294=CARTESIAN_POINT('',(0.0331396007221212,-0.019380618422199,0.));
#3295=CARTESIAN_POINT('',(0.0331076517973025,-0.0197639670802611,0.));
#3296=CARTESIAN_POINT('',(0.0330626287774027,-0.0201391278739222,0.));
#3297=CARTESIAN_POINT('',(0.0329855104888039,-0.0206346359412315,0.));
#3298=CARTESIAN_POINT('',(0.0328603122221397,-0.0212286606375248,0.));
#3299=CARTESIAN_POINT('',(0.03267808186553,-0.0218828444810791,0.));
#3300=CARTESIAN_POINT('',(0.0324701184084203,-0.0224914907192261,0.));
#3301=CARTESIAN_POINT('',(0.032243250746996,-0.0230554947482997,0.));
#3302=CARTESIAN_POINT('',(0.032002384481014,-0.0235794847795683,0.));
#3303=CARTESIAN_POINT('',(0.0317544270548537,-0.0240619943639262,0.));
#3304=CARTESIAN_POINT('',(0.031499061747247,-0.0245141976030253,0.));
#3305=CARTESIAN_POINT('',(0.0312383023628305,-0.0249387519669359,0.));
#3306=CARTESIAN_POINT('',(0.0309756623069926,-0.0253357880073829,0.));
#3307=CARTESIAN_POINT('',(0.0306289210968302,-0.0258273361231552,0.));
#3308=CARTESIAN_POINT('',(0.0300188488856252,-0.0266204729218147,0.));
#3309=CARTESIAN_POINT('',(0.0295095473914651,-0.027194332811682,0.));
#3310=CARTESIAN_POINT('',(0.0291798631892736,-0.0275452177044193,0.));
#3311=CARTESIAN_POINT('',(0.0298536241652041,-0.0108526619116784,0.));
#3312=CARTESIAN_POINT('',(0.0257551211462422,0.00361646215174959,0.));
#3313=CARTESIAN_POINT('',(0.0260057116404866,0.00346910834026971,0.));
#3314=CARTESIAN_POINT('',(0.026491472311963,0.00315747022381384,0.));
#3315=CARTESIAN_POINT('',(0.0271763314331144,0.0026435772824977,0.));
#3316=CARTESIAN_POINT('',(0.0278405456342381,0.00206243514100625,0.));
#3317=CARTESIAN_POINT('',(0.0284656858408029,0.00142286192654861,0.));
#3318=CARTESIAN_POINT('',(0.0290582653289763,0.000712387555360596,0.));
#3319=CARTESIAN_POINT('',(0.029616600737567,-8.74153057728367E-5,0.));
#3320=CARTESIAN_POINT('',(0.0301178728494241,-0.000965864777037546,0.));
#3321=CARTESIAN_POINT('',(0.0305568050174564,-0.00194258760066718,0.));
#3322=CARTESIAN_POINT('',(0.0309102088125075,-0.00301714629707601,0.));
#3323=CARTESIAN_POINT('',(0.0311126885940125,-0.0039899076053933,0.));
#3324=CARTESIAN_POINT('',(0.0312065991557294,-0.00480116505058181,0.));
#3325=CARTESIAN_POINT('',(0.0312407572106612,-0.00542778041957817,0.));
#3326=CARTESIAN_POINT('',(0.0312355468878029,-0.00606443193510228,0.));
#3327=CARTESIAN_POINT('',(0.0311976478452496,-0.00659836412399581,0.));
#3328=CARTESIAN_POINT('',(0.0311456468792096,-0.00703216657072148,0.));
#3329=CARTESIAN_POINT('',(0.0310969064215729,-0.00735067576272898,0.));
#3330=CARTESIAN_POINT('',(0.0310399682152866,-0.00765914059518208,0.));
#3331=CARTESIAN_POINT('',(0.0309524076954559,-0.00806459528564396,0.));
#3332=CARTESIAN_POINT('',(0.0308259430679593,-0.00854377360498645,0.));
#3333=CARTESIAN_POINT('',(0.0306559961426013,-0.00907203406038467,0.));
#3334=CARTESIAN_POINT('',(0.030468532467596,-0.00956925234662213,0.));
#3335=CARTESIAN_POINT('',(0.0302057132630205,-0.0101803764063532,0.));
#3336=CARTESIAN_POINT('',(0.0299955507683753,-0.0105946421500429,0.));
#3337=CARTESIAN_POINT('',(0.0298536241652041,-0.0108526619116784,0.));
#3338=CARTESIAN_POINT('',(0.0257551211462422,0.00361646215174967,0.));
#3339=CARTESIAN_POINT('',(0.0374222095533399,0.0176573870927056,0.));
#3340=CARTESIAN_POINT('',(0.0374182493516429,0.0176537926579542,0.));
#3341=CARTESIAN_POINT('',(0.0373980449333351,0.0176354626413084,0.));
#3342=CARTESIAN_POINT('',(0.037292489529411,0.0175319013240571,0.));
#3343=CARTESIAN_POINT('',(0.0371350643139896,0.0173704495907024,0.));
#3344=CARTESIAN_POINT('',(0.0368687188462689,0.0170884804586462,0.));
#3345=CARTESIAN_POINT('',(0.0364503441009703,0.0166295381773521,0.));
#3346=CARTESIAN_POINT('',(0.0358468348532192,0.0159442628043631,0.));
#3347=CARTESIAN_POINT('',(0.0351631245630849,0.0151488275362086,0.));
#3348=CARTESIAN_POINT('',(0.0341649854866629,0.0139666463133995,0.));
#3349=CARTESIAN_POINT('',(0.0327883683525036,0.0123039370921942,0.));
#3350=CARTESIAN_POINT('',(0.0310165745246052,0.0101297841928963,0.));
#3351=CARTESIAN_POINT('',(0.0285962729568572,0.00713459583560977,0.));
#3352=CARTESIAN_POINT('',(0.0268262967756716,0.00493502426896055,0.));
#3353=CARTESIAN_POINT('',(0.025755121146242,0.00361646215174939,0.));
#3354=CARTESIAN_POINT('',(0.0374222095533399,0.0176573870927055,0.));
#3355=CARTESIAN_POINT('',(0.0411263840280503,0.0307142613310183,0.));
#3356=CARTESIAN_POINT('',(0.0412255697507793,0.0303452719671622,0.));
#3357=CARTESIAN_POINT('',(0.0413810615655538,0.0296298714355807,0.));
#3358=CARTESIAN_POINT('',(0.0415154909075684,0.0286591757514807,0.));
#3359=CARTESIAN_POINT('',(0.0415832568620198,0.0277500314030846,0.));
#3360=CARTESIAN_POINT('',(0.0415990758679349,0.0268977851032808,0.));
#3361=CARTESIAN_POINT('',(0.0415738571297488,0.0260901061615088,0.));
#3362=CARTESIAN_POINT('',(0.0415133593513145,0.0253151152342936,0.));
#3363=CARTESIAN_POINT('',(0.0414346833194147,0.0246848246997485,0.));
#3364=CARTESIAN_POINT('',(0.041354552708185,0.0241890546417534,0.));
#3365=CARTESIAN_POINT('',(0.0412833324794625,0.0238092117274691,0.));
#3366=CARTESIAN_POINT('',(0.0411978080334121,0.0234163322641961,0.));
#3367=CARTESIAN_POINT('',(0.0410988695868242,0.0230204390914799,0.));
#3368=CARTESIAN_POINT('',(0.0409953291237664,0.0226600410837164,0.));
#3369=CARTESIAN_POINT('',(0.0408982084279972,0.0223584408800872,0.));
#3370=CARTESIAN_POINT('',(0.0408121451035897,0.0221108220674337,0.));
#3371=CARTESIAN_POINT('',(0.0407127674352515,0.0218480024955384,0.));
#3372=CARTESIAN_POINT('',(0.0405999428229295,0.0215737628643291,0.));
#3373=CARTESIAN_POINT('',(0.0404685548277467,0.0212810846913658,0.));
#3374=CARTESIAN_POINT('',(0.0403169854183685,0.0209729022811757,0.));
#3375=CARTESIAN_POINT('',(0.0401436871603386,0.0206525894641633,0.));
#3376=CARTESIAN_POINT('',(0.0399561869724448,0.0203369173489247,0.));
#3377=CARTESIAN_POINT('',(0.0397840581534275,0.0200719314845043,0.));
#3378=CARTESIAN_POINT('',(0.0396330321804058,0.0198555415888921,0.));
#3379=CARTESIAN_POINT('',(0.0394817245743417,0.0196486842140999,0.));
#3380=CARTESIAN_POINT('',(0.0392917341287757,0.0194054749976306,0.));
#3381=CARTESIAN_POINT('',(0.0390588702195337,0.019130497075144,0.));
#3382=CARTESIAN_POINT('',(0.038819143381112,0.0188695048196066,0.));
#3383=CARTESIAN_POINT('',(0.0385956931990248,0.0186438170687947,0.));
#3384=CARTESIAN_POINT('',(0.0383879592107269,0.0184470007872409,0.));
#3385=CARTESIAN_POINT('',(0.0381989843269459,0.0182777563043425,0.));
#3386=CARTESIAN_POINT('',(0.0380261272179955,0.0181304558808442,0.));
#3387=CARTESIAN_POINT('',(0.0378805292712268,0.0180115263699669,0.));
#3388=CARTESIAN_POINT('',(0.0377645232702551,0.017919459902116,0.));
#3389=CARTESIAN_POINT('',(0.0376614259668013,0.0178394904684103,0.));
#3390=CARTESIAN_POINT('',(0.0375843477308809,0.0177807112514557,0.));
#3391=CARTESIAN_POINT('',(0.0375121757940213,0.0177259622660221,0.));
#3392=CARTESIAN_POINT('',(0.037445875463336,0.0176757377587044,0.));
#3393=CARTESIAN_POINT('',(0.0374267717135296,0.0176609462304761,0.));
#3394=CARTESIAN_POINT('',(0.03742220955334,0.0176573870927056,0.));
#3395=CARTESIAN_POINT('',(0.0411263840280503,0.0307142613310182,0.));
#3396=CARTESIAN_POINT('',(0.00680743462259821,0.0232652841297873,0.));
#3397=CARTESIAN_POINT('',(0.00741572922270602,0.0237402172981995,0.));
#3398=CARTESIAN_POINT('',(0.00872059380236792,0.0248159283667729,0.));
#3399=CARTESIAN_POINT('',(0.0108153296769878,0.0266761261993293,0.));
#3400=CARTESIAN_POINT('',(0.0129567124631538,0.0286655532463231,0.));
#3401=CARTESIAN_POINT('',(0.0150743253206443,0.0306769952992188,0.));
#3402=CARTESIAN_POINT('',(0.0171141148337413,0.0326147674223599,0.));
#3403=CARTESIAN_POINT('',(0.0187190528130609,0.034100024097506,0.));
#3404=CARTESIAN_POINT('',(0.0198060658923566,0.0350555850610624,0.));
#3405=CARTESIAN_POINT('',(0.020423357241369,0.0355770912598775,0.));
#3406=CARTESIAN_POINT('',(0.0208923901015407,0.035960442995478,0.));
#3407=CARTESIAN_POINT('',(0.0213736619817954,0.0363372161518205,0.));
#3408=CARTESIAN_POINT('',(0.0220344849661311,0.0368282137496327,0.));
#3409=CARTESIAN_POINT('',(0.0227872239284076,0.0373343759039273,0.));
#3410=CARTESIAN_POINT('',(0.0236573849756232,0.0378220074438435,0.));
#3411=CARTESIAN_POINT('',(0.0243746229479365,0.0381662730261845,0.));
#3412=CARTESIAN_POINT('',(0.0250267956506366,0.0384236565962692,0.));
#3413=CARTESIAN_POINT('',(0.0255872675160127,0.0386055263171258,0.));
#3414=CARTESIAN_POINT('',(0.0260143803167132,0.0387242657215192,0.));
#3415=CARTESIAN_POINT('',(0.0264510040491765,0.0388258465180437,0.));
#3416=CARTESIAN_POINT('',(0.0270484726142013,0.0389366118068092,0.));
#3417=CARTESIAN_POINT('',(0.0276217692198394,0.0390035924323366,0.));
#3418=CARTESIAN_POINT('',(0.0281839352667019,0.0390340236055968,0.));
#3419=CARTESIAN_POINT('',(0.0285750569048452,0.0390393542791077,0.));
#3420=CARTESIAN_POINT('',(0.0289408638690245,0.0390312063633718,0.));
#3421=CARTESIAN_POINT('',(0.0292785720087798,0.0390124135098184,0.));
#3422=CARTESIAN_POINT('',(0.0295828254581132,0.0389864552438692,0.));
#3423=CARTESIAN_POINT('',(0.0298478081206543,0.0389571949324176,0.));
#3424=CARTESIAN_POINT('',(0.0300770499891384,0.0389273574882766,0.));
#3425=CARTESIAN_POINT('',(0.0303441621844923,0.0388881426997894,0.));
#3426=CARTESIAN_POINT('',(0.0305305115177785,0.0388573687707227,0.));
#3427=CARTESIAN_POINT('',(0.0306663002929369,0.0388347358357677,0.));
#3428=CARTESIAN_POINT('',(0.0307511491373273,0.0388207369145179,0.));
#3429=CARTESIAN_POINT('',(0.0307981271017096,0.0388134825994408,0.));
#3430=CARTESIAN_POINT('',(0.030862212796032,0.0388042076047057,0.));
#3431=CARTESIAN_POINT('',(0.0309407880488339,0.0387933531034727,0.));
#3432=CARTESIAN_POINT('',(0.0310423693588736,0.0387796086095256,0.));
#3433=CARTESIAN_POINT('',(0.0312032313443671,0.0387578923278372,0.));
#3434=CARTESIAN_POINT('',(0.0314520900337953,0.0387236343537064,0.));
#3435=CARTESIAN_POINT('',(0.0318162227421111,0.038669138248919,0.));
#3436=CARTESIAN_POINT('',(0.0322440019885433,0.0385965832604777,0.));
#3437=CARTESIAN_POINT('',(0.0327366113349628,0.0384991468395918,0.));
#3438=CARTESIAN_POINT('',(0.0332902091463205,0.038368781934309,0.));
#3439=CARTESIAN_POINT('',(0.0338964403667731,0.03819838268948,0.));
#3440=CARTESIAN_POINT('',(0.034582013854423,0.0379661137178362,0.));
#3441=CARTESIAN_POINT('',(0.0353248126642056,0.0376587734529392,0.));
#3442=CARTESIAN_POINT('',(0.0361061046285316,0.0372666709192541,0.));
#3443=CARTESIAN_POINT('',(0.0369433115751613,0.0367531076535055,0.));
#3444=CARTESIAN_POINT('',(0.0377897571378161,0.0361124546935821,0.));
#3445=CARTESIAN_POINT('',(0.0384840469317536,0.0354590770807863,0.));
#3446=CARTESIAN_POINT('',(0.0389461360595165,0.0349398796035414,0.));
#3447=CARTESIAN_POINT('',(0.0392031138911222,0.0346232149211928,0.));
#3448=CARTESIAN_POINT('',(0.0393869197696263,0.0343820558200567,0.));
#3449=CARTESIAN_POINT('',(0.0395625154057434,0.0341371059277994,0.));
#3450=CARTESIAN_POINT('',(0.0397904135283373,0.0337980198392486,0.));
#3451=CARTESIAN_POINT('',(0.0400424638817889,0.0333831522961472,0.));
#3452=CARTESIAN_POINT('',(0.0403004891428047,0.0329025674843631,0.));
#3453=CARTESIAN_POINT('',(0.0405243780882715,0.0324303617272223,0.));
#3454=CARTESIAN_POINT('',(0.0407138715266432,0.0319772453341323,0.));
#3455=CARTESIAN_POINT('',(0.040928306503471,0.0313977050422648,0.));
#3456=CARTESIAN_POINT('',(0.0410549609679801,0.0309799684184384,0.));
#3457=CARTESIAN_POINT('',(0.0411263840280503,0.0307142613310182,0.));
#3458=CARTESIAN_POINT('',(0.00680743462259823,0.0232652841297873,0.));
#3459=CARTESIAN_POINT('',(-0.00823756332728954,0.0270672745411664,0.));
#3460=CARTESIAN_POINT('',(-0.00798925295462903,0.0272084924627657,0.));
#3461=CARTESIAN_POINT('',(-0.00746680872423835,0.0274826968633091,0.));
#3462=CARTESIAN_POINT('',(-0.00675525235390196,0.0277899863054075,0.));
#3463=CARTESIAN_POINT('',(-0.00614392433921557,0.0280098559672641,0.));
#3464=CARTESIAN_POINT('',(-0.00566118619475319,0.0281601349949484,0.));
#3465=CARTESIAN_POINT('',(-0.00515535404974704,0.0282921383503307,0.));
#3466=CARTESIAN_POINT('',(-0.00464832973075809,0.0283995289690801,0.));
#3467=CARTESIAN_POINT('',(-0.00412851753447797,0.028484926462688,0.));
#3468=CARTESIAN_POINT('',(-0.00342681901198637,0.0285655438297125,0.));
#3469=CARTESIAN_POINT('',(-0.0025799312940897,0.0286024202127838,0.));
#3470=CARTESIAN_POINT('',(-0.00158278394782936,0.0285585154545345,0.));
#3471=CARTESIAN_POINT('',(-0.000598119599582816,0.028429054930573,0.));
#3472=CARTESIAN_POINT('',(0.000219896443082298,0.0282471187131842,0.));
#3473=CARTESIAN_POINT('',(0.000864747952422548,0.0280571662484162,0.));
#3474=CARTESIAN_POINT('',(0.00150326340397677,0.0278377452147513,0.));
#3475=CARTESIAN_POINT('',(0.00231562324642814,0.0274949283384036,0.));
#3476=CARTESIAN_POINT('',(0.00312438770570442,0.027052658010938,0.));
#3477=CARTESIAN_POINT('',(0.00375612449840057,0.026638438012507,0.));
#3478=CARTESIAN_POINT('',(0.00438947577485901,0.0261717416016585,0.));
#3479=CARTESIAN_POINT('',(0.00517165493321771,0.0254838359667044,0.));
#3480=CARTESIAN_POINT('',(0.00604904119163373,0.024485468794885,0.));
#3481=CARTESIAN_POINT('',(0.00657018070202594,0.0236951514884161,0.));
#3482=CARTESIAN_POINT('',(0.00680743462259804,0.0232652841297877,0.));
#3483=CARTESIAN_POINT('',(-0.0082375633272898,0.0270672745411661,0.));
#3484=CARTESIAN_POINT('',(-0.025346438190868,0.0267356759468767,0.));
#3485=CARTESIAN_POINT('',(-0.0250951304061066,0.0269699607464304,0.));
#3486=CARTESIAN_POINT('',(-0.0245865571092103,0.0274077424614333,0.));
#3487=CARTESIAN_POINT('',(-0.0237977433840309,0.0279933847048079,0.));
#3488=CARTESIAN_POINT('',(-0.0229859928226835,0.0285147959261009,0.));
#3489=CARTESIAN_POINT('',(-0.0221387954801074,0.0289829568827976,0.));
#3490=CARTESIAN_POINT('',(-0.0212487094208056,0.0293997302433564,0.));
#3491=CARTESIAN_POINT('',(-0.0203132996090299,0.029761351306106,0.));
#3492=CARTESIAN_POINT('',(-0.0193084946836038,0.0300672000772346,0.));
#3493=CARTESIAN_POINT('',(-0.0182342425579544,0.0303010663184473,0.));
#3494=CARTESIAN_POINT('',(-0.017267459118686,0.0304241332815135,0.));
#3495=CARTESIAN_POINT('',(-0.0164295355010073,0.0304642053530019,0.));
#3496=CARTESIAN_POINT('',(-0.0155828788196985,0.0304587138626525,0.));
#3497=CARTESIAN_POINT('',(-0.0147134591333714,0.0303804031019863,0.));
#3498=CARTESIAN_POINT('',(-0.0138619961890513,0.0302282707915884,0.));
#3499=CARTESIAN_POINT('',(-0.0132180891119967,0.0300743688188714,0.));
#3500=CARTESIAN_POINT('',(-0.0125745219871925,0.0298786143246443,0.));
#3501=CARTESIAN_POINT('',(-0.0119361740422692,0.0296404612646028,0.));
#3502=CARTESIAN_POINT('',(-0.0112985843047202,0.0293553799925483,0.));
#3503=CARTESIAN_POINT('',(-0.0106598760417425,0.0290168427194565,0.));
#3504=CARTESIAN_POINT('',(-0.0100281594469452,0.0286225786884177,0.));
#3505=CARTESIAN_POINT('',(-0.00920653230681042,0.0280223017210138,0.));
#3506=CARTESIAN_POINT('',(-0.00861271466448924,0.0274771155698499,0.));
#3507=CARTESIAN_POINT('',(-0.00823756332728973,0.027067274541166,0.));
#3508=CARTESIAN_POINT('',(-0.0253464381908679,0.0267356759468768,0.));
#3509=CARTESIAN_POINT('',(-0.0328901745976844,0.0273799338559056,0.));
#3510=CARTESIAN_POINT('',(-0.0326735617142443,0.0274123071777483,0.));
#3511=CARTESIAN_POINT('',(-0.0322514797673372,0.0274635644290304,0.));
#3512=CARTESIAN_POINT('',(-0.0316361747388067,0.0275084824157627,0.));
#3513=CARTESIAN_POINT('',(-0.0310469234121602,0.0275247195865191,0.));
#3514=CARTESIAN_POINT('',(-0.0305013271789925,0.0275184041421822,0.));
#3515=CARTESIAN_POINT('',(-0.0299810442368982,0.0274952172149071,0.));
#3516=CARTESIAN_POINT('',(-0.0293167018681628,0.0274456781807015,0.));
#3517=CARTESIAN_POINT('',(-0.0285396586932154,0.0273566156194711,0.));
#3518=CARTESIAN_POINT('',(-0.0276658151083236,0.0272209763015033,0.));
#3519=CARTESIAN_POINT('',(-0.0265737289648067,0.0270162898581615,0.));
#3520=CARTESIAN_POINT('',(-0.0258198437432477,0.026847099861318,0.));
#3521=CARTESIAN_POINT('',(-0.0253464381908679,0.0267356759468768,0.));
#3522=CARTESIAN_POINT('',(-0.0328901745976843,0.0273799338559057,0.));
#3523=CARTESIAN_POINT('',(-0.019975369468493,-0.00261172886668184,0.));
#3524=CARTESIAN_POINT('',(-0.0207796591344786,-0.00223436089583999,0.));
#3525=CARTESIAN_POINT('',(-0.0225106532509539,-0.00143925898795145,0.));
#3526=CARTESIAN_POINT('',(-0.0253256999461977,-0.000169422951459692,0.));
#3527=CARTESIAN_POINT('',(-0.0282296737181479,0.00114519187685499,0.));
#3528=CARTESIAN_POINT('',(-0.0311059847619417,0.0024796901970207,0.));
#3529=CARTESIAN_POINT('',(-0.0333942839763527,0.00359468845426245,0.));
#3530=CARTESIAN_POINT('',(-0.0351233998849601,0.00449144391680261,0.));
#3531=CARTESIAN_POINT('',(-0.0363669347575748,0.00517253468519299,0.));
#3532=CARTESIAN_POINT('',(-0.0373625266911803,0.00575816207474521,0.));
#3533=CARTESIAN_POINT('',(-0.0381364199191057,0.00624701763195265,0.));
#3534=CARTESIAN_POINT('',(-0.0387158473739746,0.00663371331438038,0.));
#3535=CARTESIAN_POINT('',(-0.039299779341641,0.00705110909421834,0.));
#3536=CARTESIAN_POINT('',(-0.0397860133595896,0.00742728461063877,0.));
#3537=CARTESIAN_POINT('',(-0.04018822246091,0.00776257091131105,0.));
#3538=CARTESIAN_POINT('',(-0.0405922429704684,0.00811801154869315,0.));
#3539=CARTESIAN_POINT('',(-0.0411373698741912,0.00864242109621634,0.));
#3540=CARTESIAN_POINT('',(-0.0418163089690226,0.00941182201384169,0.));
#3541=CARTESIAN_POINT('',(-0.0425008677806168,0.0103686613145966,0.));
#3542=CARTESIAN_POINT('',(-0.043020877658306,0.011334407964049,0.));
#3543=CARTESIAN_POINT('',(-0.0433665414709332,0.0121896721434661,0.));
#3544=CARTESIAN_POINT('',(-0.0435494914619538,0.0127613823278626,0.));
#3545=CARTESIAN_POINT('',(-0.0436722896294137,0.0132455995268666,0.));
#3546=CARTESIAN_POINT('',(-0.0437737538568932,0.0137277737980933,0.));
#3547=CARTESIAN_POINT('',(-0.0438458046634789,0.0142121679905991,0.));
#3548=CARTESIAN_POINT('',(-0.0438889456596489,0.0147014389991702,0.));
#3549=CARTESIAN_POINT('',(-0.0439065545186198,0.0150756734821656,0.));
#3550=CARTESIAN_POINT('',(-0.0439086166268049,0.0154430236849921,0.));
#3551=CARTESIAN_POINT('',(-0.0438924303209385,0.0159186066944396,0.));
#3552=CARTESIAN_POINT('',(-0.0438399869427729,0.0164892920965144,0.));
#3553=CARTESIAN_POINT('',(-0.043730316835582,0.0171473158363135,0.));
#3554=CARTESIAN_POINT('',(-0.0435854650242705,0.0177513091656192,0.));
#3555=CARTESIAN_POINT('',(-0.0434172207034666,0.0182981630983472,0.));
#3556=CARTESIAN_POINT('',(-0.0432350015646149,0.0187896617915764,0.));
#3557=CARTESIAN_POINT('',(-0.0430432239869643,0.0192348754369246,0.));
#3558=CARTESIAN_POINT('',(-0.0428555886906455,0.019621089325938,0.));
#3559=CARTESIAN_POINT('',(-0.0426722826391456,0.0199644062699136,0.));
#3560=CARTESIAN_POINT('',(-0.0424954586747052,0.0202696334770239,0.));
#3561=CARTESIAN_POINT('',(-0.0422823740259492,0.0206146042722123,0.));
#3562=CARTESIAN_POINT('',(-0.0420897901061783,0.0209022008297657,0.));
#3563=CARTESIAN_POINT('',(-0.0419348489574319,0.0211238758870655,0.));
#3564=CARTESIAN_POINT('',(-0.0418306240297927,0.0212697657114599,0.));
#3565=CARTESIAN_POINT('',(-0.0417444569270674,0.0213886187396978,0.));
#3566=CARTESIAN_POINT('',(-0.0416756735979999,0.0214830172883176,0.));
#3567=CARTESIAN_POINT('',(-0.0416216649164729,0.0215573511267053,0.));
#3568=CARTESIAN_POINT('',(-0.0415448494639118,0.0216635241950333,0.));
#3569=CARTESIAN_POINT('',(-0.0414228287973516,0.0218326325693852,0.));
#3570=CARTESIAN_POINT('',(-0.0412425709122221,0.0220795492901406,0.));
#3571=CARTESIAN_POINT('',(-0.0410267498648891,0.0223676595470337,0.));
#3572=CARTESIAN_POINT('',(-0.040774202170014,0.0226921607251664,0.));
#3573=CARTESIAN_POINT('',(-0.0404785689463976,0.0230532467477776,0.));
#3574=CARTESIAN_POINT('',(-0.0401377986630204,0.0234435847492337,0.));
#3575=CARTESIAN_POINT('',(-0.0396218321229783,0.0239922957683694,0.));
#3576=CARTESIAN_POINT('',(-0.0388367450495668,0.0247290522738412,0.));
#3577=CARTESIAN_POINT('',(-0.0378583257165752,0.02546310801528,0.));
#3578=CARTESIAN_POINT('',(-0.0369464064228221,0.0260138815775464,0.));
#3579=CARTESIAN_POINT('',(-0.0362142550048627,0.0263896277391821,0.));
#3580=CARTESIAN_POINT('',(-0.0354338280955421,0.0267232365743944,0.));
#3581=CARTESIAN_POINT('',(-0.0343297749271445,0.0271013608150616,0.));
#3582=CARTESIAN_POINT('',(-0.0334739448169638,0.0272926879779561,0.));
#3583=CARTESIAN_POINT('',(-0.0328901745976843,0.0273799338559057,0.));
#3584=CARTESIAN_POINT('',(-0.019975369468493,-0.00261172886668184,0.));
#3585=CARTESIAN_POINT('',(-0.0270521504908143,-0.0107795796337136,0.));
#3586=CARTESIAN_POINT('',(-0.0265675831202766,-0.0101970491276194,0.));
#3587=CARTESIAN_POINT('',(-0.0255135495996298,-0.00895828996214578,0.));
#3588=CARTESIAN_POINT('',(-0.0231376662391066,-0.00622566410508348,0.));
#3589=CARTESIAN_POINT('',(-0.0211967777625115,-0.00401827179366249,0.));
#3590=CARTESIAN_POINT('',(-0.0199753694684931,-0.00261172886668196,0.));
#3591=CARTESIAN_POINT('',(-0.0270521504908145,-0.0107795796337138,0.));
#3592=CARTESIAN_POINT('',(-0.0334864615914377,-0.0349430016088127,0.));
#3593=CARTESIAN_POINT('',(-0.0337011219470967,-0.0348042689473324,0.));
#3594=CARTESIAN_POINT('',(-0.0341951827985144,-0.0344887457031475,0.));
#3595=CARTESIAN_POINT('',(-0.0350704708756792,-0.0339367966234657,0.));
#3596=CARTESIAN_POINT('',(-0.036037252140058,-0.0333295672005188,0.));
#3597=CARTESIAN_POINT('',(-0.037058958130001,-0.0326862405820262,0.));
#3598=CARTESIAN_POINT('',(-0.0381022866851794,-0.0320237368742671,0.));
#3599=CARTESIAN_POINT('',(-0.0391378184855126,-0.0313562534434442,0.));
#3600=CARTESIAN_POINT('',(-0.0401396507580302,-0.0306951902472083,0.));
#3601=CARTESIAN_POINT('',(-0.0409340783010737,-0.0301520219416514,0.));
#3602=CARTESIAN_POINT('',(-0.0415458932295678,-0.029715764508522,0.));
#3603=CARTESIAN_POINT('',(-0.0420001453245804,-0.0293795926600917,0.));
#3604=CARTESIAN_POINT('',(-0.0423799610850171,-0.0290848054521444,0.));
#3605=CARTESIAN_POINT('',(-0.0427020802079655,-0.0288211272491714,0.));
#3606=CARTESIAN_POINT('',(-0.0429477687285389,-0.0286117750879294,0.));
#3607=CARTESIAN_POINT('',(-0.0431807243409812,-0.0284029557317008,0.));
#3608=CARTESIAN_POINT('',(-0.0433786265728671,-0.0282158216335141,0.));
#3609=CARTESIAN_POINT('',(-0.0435279819647792,-0.02806946183613,0.));
#3610=CARTESIAN_POINT('',(-0.0436907660706584,-0.0279036418548823,0.));
#3611=CARTESIAN_POINT('',(-0.0439275813596809,-0.0276506102042016,0.));
#3612=CARTESIAN_POINT('',(-0.0441835957688983,-0.0273537381188402,0.));
#3613=CARTESIAN_POINT('',(-0.044441179197907,-0.0270229942583703,0.));
#3614=CARTESIAN_POINT('',(-0.0447089246203443,-0.0266535797450373,0.));
#3615=CARTESIAN_POINT('',(-0.0449836223115661,-0.0262258581319706,0.));
#3616=CARTESIAN_POINT('',(-0.0452502917676971,-0.0257384871543676,0.));
#3617=CARTESIAN_POINT('',(-0.0454409828097704,-0.0253453345071003,0.));
#3618=CARTESIAN_POINT('',(-0.0456154852884335,-0.0249347940414341,0.));
#3619=CARTESIAN_POINT('',(-0.0457768868265858,-0.024490971957443,0.));
#3620=CARTESIAN_POINT('',(-0.045911571182979,-0.024046558650501,0.));
#3621=CARTESIAN_POINT('',(-0.0460241192538154,-0.02358881497774,0.));
#3622=CARTESIAN_POINT('',(-0.0461101522775424,-0.0231315384581881,0.));
#3623=CARTESIAN_POINT('',(-0.0461698427385878,-0.0226890351068886,0.));
#3624=CARTESIAN_POINT('',(-0.0462062439704767,-0.0222507457198305,0.));
#3625=CARTESIAN_POINT('',(-0.0462200485327213,-0.0218448214551474,0.));
#3626=CARTESIAN_POINT('',(-0.04621643037278,-0.0214657550603575,0.));
#3627=CARTESIAN_POINT('',(-0.0461922819059908,-0.0209893900248621,0.));
#3628=CARTESIAN_POINT('',(-0.0461448951750357,-0.0205641006224478,0.));
#3629=CARTESIAN_POINT('',(-0.0460889625707519,-0.0202073071668603,0.));
#3630=CARTESIAN_POINT('',(-0.0460475408939695,-0.0199802094101189,0.));
#3631=CARTESIAN_POINT('',(-0.0460033480132935,-0.0197646642759967,0.));
#3632=CARTESIAN_POINT('',(-0.0459590416227377,-0.0195695566851589,0.));
#3633=CARTESIAN_POINT('',(-0.0459165501386021,-0.0193968585753614,0.));
#3634=CARTESIAN_POINT('',(-0.0458793158363514,-0.0192543771577157,0.));
#3635=CARTESIAN_POINT('',(-0.0458468036600568,-0.019134509944754,0.));
#3636=CARTESIAN_POINT('',(-0.0458021881493257,-0.0189755582832834,0.));
#3637=CARTESIAN_POINT('',(-0.0457491640196511,-0.0187950597340898,0.));
#3638=CARTESIAN_POINT('',(-0.0456826562236333,-0.0185789558229294,0.));
#3639=CARTESIAN_POINT('',(-0.0455921395400778,-0.0182973248594645,0.));
#3640=CARTESIAN_POINT('',(-0.0454751832590638,-0.0179527941192881,0.));
#3641=CARTESIAN_POINT('',(-0.0453248661208992,-0.0175362409214839,0.));
#3642=CARTESIAN_POINT('',(-0.0451650068363007,-0.01711711103216,0.));
#3643=CARTESIAN_POINT('',(-0.0449930689569013,-0.0166894735335465,0.));
#3644=CARTESIAN_POINT('',(-0.04480835696702,-0.0162543851199965,0.));
#3645=CARTESIAN_POINT('',(-0.0446087576502498,-0.015810026794555,0.));
#3646=CARTESIAN_POINT('',(-0.0443884826753052,-0.0153497524357019,0.));
#3647=CARTESIAN_POINT('',(-0.0441826210146306,-0.0149492738302408,0.));
#3648=CARTESIAN_POINT('',(-0.0439940748492489,-0.0146066870779149,0.));
#3649=CARTESIAN_POINT('',(-0.0438395419466871,-0.0143393407324424,0.));
#3650=CARTESIAN_POINT('',(-0.0436928682244987,-0.0140994910864665,0.));
#3651=CARTESIAN_POINT('',(-0.0435663238656488,-0.0139024108691235,0.));
#3652=CARTESIAN_POINT('',(-0.0434309217649769,-0.0136981042448704,0.));
#3653=CARTESIAN_POINT('',(-0.0432656655757482,-0.0134619206366031,0.));
#3654=CARTESIAN_POINT('',(-0.0431002978081166,-0.0132425183906885,0.));
#3655=CARTESIAN_POINT('',(-0.0429997592185885,-0.0131140850567989,0.));
#3656=CARTESIAN_POINT('',(-0.0428971430666437,-0.0129862192511479,0.));
#3657=CARTESIAN_POINT('',(-0.0427514589442907,-0.0128113154584981,0.));
#3658=CARTESIAN_POINT('',(-0.0425483324323064,-0.0125824373067513,0.));
#3659=CARTESIAN_POINT('',(-0.042320421915267,-0.0123424299167073,0.));
#3660=CARTESIAN_POINT('',(-0.0419591815441185,-0.0119909592184313,0.));
#3661=CARTESIAN_POINT('',(-0.0415277404779497,-0.0116210835359491,0.));
#3662=CARTESIAN_POINT('',(-0.0409955073139544,-0.0112377201140733,0.));
#3663=CARTESIAN_POINT('',(-0.0405581029742244,-0.0109609434923998,0.));
#3664=CARTESIAN_POINT('',(-0.0401640001142084,-0.0107439602741681,0.));
#3665=CARTESIAN_POINT('',(-0.0398202004037825,-0.010576801237612,0.));
#3666=CARTESIAN_POINT('',(-0.0394753838252549,-0.0104235733409427,0.));
#3667=CARTESIAN_POINT('',(-0.0391277820053915,-0.0102892192940095,0.));
#3668=CARTESIAN_POINT('',(-0.0387691333523618,-0.0101705710132205,0.));
#3669=CARTESIAN_POINT('',(-0.0383998363967919,-0.0100624166079416,0.));
#3670=CARTESIAN_POINT('',(-0.0379601846431604,-0.0099577668087907,0.));
#3671=CARTESIAN_POINT('',(-0.037448260898485,-0.0098685987971432,0.));
#3672=CARTESIAN_POINT('',(-0.0369567982893881,-0.00981327310555934,0.));
#3673=CARTESIAN_POINT('',(-0.0365086459070848,-0.00978779820850757,0.));
#3674=CARTESIAN_POINT('',(-0.0361014244280109,-0.00978462578202696,0.));
#3675=CARTESIAN_POINT('',(-0.0357974727199092,-0.00979571345561646,0.));
#3676=CARTESIAN_POINT('',(-0.0355816248022521,-0.0098095313954253,0.));
#3677=CARTESIAN_POINT('',(-0.0353882736125752,-0.0098250752151397,0.));
#3678=CARTESIAN_POINT('',(-0.0351549694363637,-0.009849269337174,0.));
#3679=CARTESIAN_POINT('',(-0.0348980293127584,-0.00988367119840704,0.));
#3680=CARTESIAN_POINT('',(-0.0346723008992059,-0.00991995020804302,0.));
#3681=CARTESIAN_POINT('',(-0.0344865512185268,-0.00995399240193594,0.));
#3682=CARTESIAN_POINT('',(-0.034356930563507,-0.0099795341307344,0.));
#3683=CARTESIAN_POINT('',(-0.0342335456677441,-0.0100049397220675,0.));
#3684=CARTESIAN_POINT('',(-0.0341244167314883,-0.010028445146335,0.));
#3685=CARTESIAN_POINT('',(-0.0340301616921095,-0.0100493899515403,0.));
#3686=CARTESIAN_POINT('',(-0.0339538423480772,-0.01006669310093,0.));
#3687=CARTESIAN_POINT('',(-0.0338937243273771,-0.010080400795871,0.));
#3688=CARTESIAN_POINT('',(-0.0338227696436282,-0.0100965610743228,0.));
#3689=CARTESIAN_POINT('',(-0.0337557434144896,-0.0101116302394344,0.));
#3690=CARTESIAN_POINT('',(-0.0336994974572108,-0.0101237442196532,0.));
#3691=CARTESIAN_POINT('',(-0.0336584460765333,-0.0101320729853346,0.));
#3692=CARTESIAN_POINT('',(-0.0336096288934893,-0.010141339962819,0.));
#3693=CARTESIAN_POINT('',(-0.0335219957332323,-0.0101567096167882,0.));
#3694=CARTESIAN_POINT('',(-0.0334077328316725,-0.0101753937077314,0.));
#3695=CARTESIAN_POINT('',(-0.0332263213862685,-0.0102032895469172,0.));
#3696=CARTESIAN_POINT('',(-0.0329474418747924,-0.0102428518283276,0.));
#3697=CARTESIAN_POINT('',(-0.0325493422384145,-0.010294144504452,0.));
#3698=CARTESIAN_POINT('',(-0.0320997823377467,-0.0103474143888143,0.));
#3699=CARTESIAN_POINT('',(-0.03144433966627,-0.0104195069357018,0.));
#3700=CARTESIAN_POINT('',(-0.0305422866942479,-0.0105091340297429,0.));
#3701=CARTESIAN_POINT('',(-0.0293834890958341,-0.0106109155404718,0.));
#3702=CARTESIAN_POINT('',(-0.0281996143462919,-0.0107030747838634,0.));
#3703=CARTESIAN_POINT('',(-0.0274264327309526,-0.0107558636452576,0.));
#3704=CARTESIAN_POINT('',(-0.0270521504908147,-0.0107795796337138,0.));
#3705=CARTESIAN_POINT('',(-0.0334864615914374,-0.0349430016088128,0.));
#3706=CARTESIAN_POINT('',(-0.0166062706679209,-0.0468345899691003,0.));
#3707=CARTESIAN_POINT('',(-0.016656569713945,-0.0468587596532681,0.));
#3708=CARTESIAN_POINT('',(-0.0167613094777161,-0.0469081599620156,0.));
#3709=CARTESIAN_POINT('',(-0.0169283989660482,-0.04698390028053,0.));
#3710=CARTESIAN_POINT('',(-0.0171267966855032,-0.0470694321337588,0.));
#3711=CARTESIAN_POINT('',(-0.0173451312168979,-0.0471577341919562,0.));
#3712=CARTESIAN_POINT('',(-0.0175918730779202,-0.0472505588524069,0.));
#3713=CARTESIAN_POINT('',(-0.0178742956068246,-0.0473470099948327,0.));
#3714=CARTESIAN_POINT('',(-0.0181720315592725,-0.0474384912646926,0.));
#3715=CARTESIAN_POINT('',(-0.018549270851146,-0.0475390334922603,0.));
#3716=CARTESIAN_POINT('',(-0.0189767557244802,-0.0476307224453826,0.));
#3717=CARTESIAN_POINT('',(-0.0194438780657456,-0.0477060745540257,0.));
#3718=CARTESIAN_POINT('',(-0.0198871771206232,-0.0477516322264022,0.));
#3719=CARTESIAN_POINT('',(-0.020271859781031,-0.0477714813950264,0.));
#3720=CARTESIAN_POINT('',(-0.0206779160982038,-0.0477780291307398,0.));
#3721=CARTESIAN_POINT('',(-0.0211968822543872,-0.047758228019505,0.));
#3722=CARTESIAN_POINT('',(-0.0217404289206894,-0.0476966826793619,0.));
#3723=CARTESIAN_POINT('',(-0.0221964421009899,-0.0476158599748764,0.));
#3724=CARTESIAN_POINT('',(-0.0226401898231356,-0.0475178912854745,0.));
#3725=CARTESIAN_POINT('',(-0.0230726257574042,-0.0473948009439783,0.));
#3726=CARTESIAN_POINT('',(-0.0235017898376693,-0.047244320208655,0.));
#3727=CARTESIAN_POINT('',(-0.0238289028484385,-0.0471139919137474,0.));
#3728=CARTESIAN_POINT('',(-0.0241412123649507,-0.0469738791066012,0.));
#3729=CARTESIAN_POINT('',(-0.0245350891927701,-0.0467778329065429,0.));
#3730=CARTESIAN_POINT('',(-0.0249912183893619,-0.0465167791340711,0.));
#3731=CARTESIAN_POINT('',(-0.0254977063741514,-0.0461749796786801,0.));
#3732=CARTESIAN_POINT('',(-0.0259399213594464,-0.0458287177999697,0.));
#3733=CARTESIAN_POINT('',(-0.0263189893343398,-0.0454917127412857,0.));
#3734=CARTESIAN_POINT('',(-0.0266465305509743,-0.0451662657223553,0.));
#3735=CARTESIAN_POINT('',(-0.0269322391061473,-0.044851304808277,0.));
#3736=CARTESIAN_POINT('',(-0.0271651970114869,-0.0445701516126444,0.));
#3737=CARTESIAN_POINT('',(-0.0273686847559536,-0.0443046228095865,0.));
#3738=CARTESIAN_POINT('',(-0.0275097827902081,-0.0441064164788872,0.));
#3739=CARTESIAN_POINT('',(-0.027604042007689,-0.0439684715272802,0.));
#3740=CARTESIAN_POINT('',(-0.027741388435852,-0.0437620267323868,0.));
#3741=CARTESIAN_POINT('',(-0.0278819300472413,-0.0435344935565502,0.));
#3742=CARTESIAN_POINT('',(-0.0280099306525715,-0.043312936159774,0.));
#3743=CARTESIAN_POINT('',(-0.0280876852402036,-0.0431731074422665,0.));
#3744=CARTESIAN_POINT('',(-0.0281468089327539,-0.043064148511737,0.));
#3745=CARTESIAN_POINT('',(-0.0282219823779635,-0.0429230147389091,0.));
#3746=CARTESIAN_POINT('',(-0.0283018211893473,-0.0427687373902336,0.));
#3747=CARTESIAN_POINT('',(-0.0283735480555399,-0.0426274309561564,0.));
#3748=CARTESIAN_POINT('',(-0.0284502065626373,-0.042475933800611,0.));
#3749=CARTESIAN_POINT('',(-0.0285031498142432,-0.0423727560288605,0.));
#3750=CARTESIAN_POINT('',(-0.0285439884379822,-0.0422960919818606,0.));
#3751=CARTESIAN_POINT('',(-0.0285822417780633,-0.0422261899287652,0.));
#3752=CARTESIAN_POINT('',(-0.0286644817293688,-0.0420819398226032,0.));
#3753=CARTESIAN_POINT('',(-0.0288043801851806,-0.0418477765781158,0.));
#3754=CARTESIAN_POINT('',(-0.0289790538055977,-0.0415650336514954,0.));
#3755=CARTESIAN_POINT('',(-0.0292501880891248,-0.041137446268722,0.));
#3756=CARTESIAN_POINT('',(-0.0296491602667554,-0.0405266753891246,0.));
#3757=CARTESIAN_POINT('',(-0.0301914832968189,-0.0397188883379613,0.));
#3758=CARTESIAN_POINT('',(-0.0307718203060247,-0.0388699983943896,0.));
#3759=CARTESIAN_POINT('',(-0.0313664168064193,-0.0380102441166971,0.));
#3760=CARTESIAN_POINT('',(-0.0319538668205825,-0.0371659984197888,0.));
#3761=CARTESIAN_POINT('',(-0.0325145624974781,-0.0363607448134094,0.));
#3762=CARTESIAN_POINT('',(-0.0330313410931057,-0.0356143028252461,0.));
#3763=CARTESIAN_POINT('',(-0.0333403662189225,-0.0351608792377804,0.));
#3764=CARTESIAN_POINT('',(-0.0334864615914374,-0.0349430016088128,0.));
#3765=CARTESIAN_POINT('',(-0.0100599207845615,-0.0306279189506455,-0.002032));
#3766=CARTESIAN_POINT('',(-0.0100599207845615,-0.0306279189506455,0.));
#3767=CARTESIAN_POINT('',(-0.010006179247483,-0.0310673578891516,-0.002032));
#3768=CARTESIAN_POINT('',(-0.010006179247483,-0.0310673578891516,0.));
#3769=CARTESIAN_POINT('',(-0.00989451834056422,-0.0319765009994082,-0.002032));
#3770=CARTESIAN_POINT('',(-0.00989451834056422,-0.0319765009994082,0.));
#3771=CARTESIAN_POINT('',(-0.00972954005600126,-0.0333763837810831,-0.002032));
#3772=CARTESIAN_POINT('',(-0.00972954005600126,-0.0333763837810831,0.));
#3773=CARTESIAN_POINT('',(-0.00958192072127797,-0.0347703167625228,-0.002032));
#3774=CARTESIAN_POINT('',(-0.00958192072127797,-0.0347703167625228,4.33680868994202E-19));
#3775=CARTESIAN_POINT('',(-0.00948550038546113,-0.0359078287409542,-0.002032));
#3776=CARTESIAN_POINT('',(-0.00948550038546113,-0.0359078287409542,0.));
#3777=CARTESIAN_POINT('',(-0.00943425469428471,-0.0368215721902116,-0.002032));
#3778=CARTESIAN_POINT('',(-0.00943425469428471,-0.0368215721902116,0.));
#3779=CARTESIAN_POINT('',(-0.00941325698866144,-0.0375249989349906,-0.002032));
#3780=CARTESIAN_POINT('',(-0.00941325698866144,-0.0375249989349906,-4.33680868994202E-19));
#3781=CARTESIAN_POINT('',(-0.00941801709976513,-0.0381650933497871,-0.002032));
#3782=CARTESIAN_POINT('',(-0.00941801709976513,-0.0381650933497871,0.));
#3783=CARTESIAN_POINT('',(-0.00944680230252391,-0.0387351133770446,-0.002032));
#3784=CARTESIAN_POINT('',(-0.00944680230252391,-0.0387351133770446,0.));
#3785=CARTESIAN_POINT('',(-0.00949089662771168,-0.0392359800105068,-0.002032));
#3786=CARTESIAN_POINT('',(-0.00949089662771168,-0.0392359800105068,0.));
#3787=CARTESIAN_POINT('',(-0.00955543198771283,-0.0397154516569619,-0.002032));
#3788=CARTESIAN_POINT('',(-0.00955543198771283,-0.0397154516569619,0.));
#3789=CARTESIAN_POINT('',(-0.0096426789201132,-0.0401735232091017,-0.002032));
#3790=CARTESIAN_POINT('',(-0.0096426789201132,-0.0401735232091017,4.33680868994202E-19));
#3791=CARTESIAN_POINT('',(-0.00974040880659946,-0.0406175141611529,-0.002032));
#3792=CARTESIAN_POINT('',(-0.00974040880659946,-0.0406175141611529,-4.33680868994202E-19));
#3793=CARTESIAN_POINT('',(-0.0100034767863149,-0.0415193290615109,-0.002032));
#3794=CARTESIAN_POINT('',(-0.0100034767863149,-0.0415193290615109,-4.33680868994202E-19));
#3795=CARTESIAN_POINT('',(-0.0105389990943993,-0.0427152957255156,-0.002032));
#3796=CARTESIAN_POINT('',(-0.0105389990943993,-0.0427152957255156,-4.33680868994202E-19));
#3797=CARTESIAN_POINT('',(-0.0115860737905247,-0.0442370000250779,-0.002032));
#3798=CARTESIAN_POINT('',(-0.0115860737905247,-0.0442370000250779,8.67361737988404E-19));
#3799=CARTESIAN_POINT('',(-0.0131755510892793,-0.0456218166864525,-0.002032));
#3800=CARTESIAN_POINT('',(-0.0131755510892793,-0.0456218166864525,-8.67361737988404E-19));
#3801=CARTESIAN_POINT('',(-0.0150422789051155,-0.0465269288266352,-0.002032));
#3802=CARTESIAN_POINT('',(-0.0150422789051155,-0.0465269288266352,8.67361737988404E-19));
#3803=CARTESIAN_POINT('',(-0.0161346517064406,-0.0467658823177209,-0.002032));
#3804=CARTESIAN_POINT('',(-0.0161346517064406,-0.0467658823177209,0.));
#3805=CARTESIAN_POINT('',(-0.0166062706679206,-0.0468345899691003,-0.002032));
#3806=CARTESIAN_POINT('',(-0.0166062706679206,-0.0468345899691003,0.));
#3807=CARTESIAN_POINT('',(-0.0166062706679209,-0.0468345899691003,-0.002032));
#3808=CARTESIAN_POINT('',(-0.0100599207845615,-0.0306279189506454,-0.002032));
#3809=CARTESIAN_POINT('',(-0.0166062706679209,-0.0468345899691003,-0.002032));
#3810=CARTESIAN_POINT('',(-0.0166062706679209,-0.0468345899691003,-4.33680868994202E-19));
#3811=CARTESIAN_POINT('',(-0.0168074668520173,-0.0469312687057715,-0.002032));
#3812=CARTESIAN_POINT('',(-0.0168074668520173,-0.0469312687057715,-4.33680868994202E-19));
#3813=CARTESIAN_POINT('',(-0.0172785826049996,-0.0471444434457264,-0.002032));
#3814=CARTESIAN_POINT('',(-0.0172785826049996,-0.0471444434457264,-4.33680868994202E-19));
#3815=CARTESIAN_POINT('',(-0.0182238931304066,-0.0474811344370293,-0.002032));
#3816=CARTESIAN_POINT('',(-0.0182238931304066,-0.0474811344370293,4.33680868994202E-19));
#3817=CARTESIAN_POINT('',(-0.0194142111884364,-0.04771774316376,-0.002032));
#3818=CARTESIAN_POINT('',(-0.0194142111884364,-0.04771774316376,-4.33680868994202E-19));
#3819=CARTESIAN_POINT('',(-0.0205497875204024,-0.0478045051486108,-0.002032));
#3820=CARTESIAN_POINT('',(-0.0205497875204024,-0.0478045051486108,0.));
#3821=CARTESIAN_POINT('',(-0.0218496091473087,-0.0477113951103149,-0.002032));
#3822=CARTESIAN_POINT('',(-0.0218496091473087,-0.0477113951103149,-4.33680868994202E-19));
#3823=CARTESIAN_POINT('',(-0.0231889571085795,-0.0473929832133871,-0.002032));
#3824=CARTESIAN_POINT('',(-0.0231889571085795,-0.0473929832133871,0.));
#3825=CARTESIAN_POINT('',(-0.024472427156194,-0.0468460614001082,-0.002032));
#3826=CARTESIAN_POINT('',(-0.024472427156194,-0.0468460614001082,-4.33680868994202E-19));
#3827=CARTESIAN_POINT('',(-0.0258779475429527,-0.0459545655553848,-0.002032));
#3828=CARTESIAN_POINT('',(-0.0258779475429527,-0.0459545655553848,0.));
#3829=CARTESIAN_POINT('',(-0.0268085890653887,-0.0450246268093923,-0.002032));
#3830=CARTESIAN_POINT('',(-0.0268085890653887,-0.0450246268093923,-8.67361737988404E-19));
#3831=CARTESIAN_POINT('',(-0.0273858242433561,-0.0442890799787718,-0.002032));
#3832=CARTESIAN_POINT('',(-0.0273858242433561,-0.0442890799787718,4.33680868994202E-19));
#3833=CARTESIAN_POINT('',(-0.0277803833842885,-0.0437147840696274,-0.002032));
#3834=CARTESIAN_POINT('',(-0.0277803833842885,-0.0437147840696274,-4.33680868994202E-19));
#3835=CARTESIAN_POINT('',(-0.0280598491218715,-0.043227747698906,-0.002032));
#3836=CARTESIAN_POINT('',(-0.0280598491218715,-0.043227747698906,0.));
#3837=CARTESIAN_POINT('',(-0.0282039084637225,-0.0429575027297962,-0.002032));
#3838=CARTESIAN_POINT('',(-0.0282039084637225,-0.0429575027297962,0.));
#3839=CARTESIAN_POINT('',(-0.0283346772983474,-0.0427054293085036,-0.002032));
#3840=CARTESIAN_POINT('',(-0.0283346772983474,-0.0427054293085036,-4.33680868994202E-19));
#3841=CARTESIAN_POINT('',(-0.0284354805678014,-0.0425042493888235,-0.002032));
#3842=CARTESIAN_POINT('',(-0.0284354805678014,-0.0425042493888235,4.33680868994202E-19));
#3843=CARTESIAN_POINT('',(-0.0285179550717695,-0.0423443453811483,-0.002032));
#3844=CARTESIAN_POINT('',(-0.0285179550717695,-0.0423443453811483,-4.33680868994202E-19));
#3845=CARTESIAN_POINT('',(-0.0285830865124169,-0.0422227729417794,-0.002032));
#3846=CARTESIAN_POINT('',(-0.0285830865124169,-0.0422227729417794,0.));
#3847=CARTESIAN_POINT('',(-0.0287870459512507,-0.0418714257090362,-0.002032));
#3848=CARTESIAN_POINT('',(-0.0287870459512507,-0.0418714257090362,-8.67361737988404E-19));
#3849=CARTESIAN_POINT('',(-0.0291705778460364,-0.0412593345620881,-0.002032));
#3850=CARTESIAN_POINT('',(-0.0291705778460364,-0.0412593345620881,-4.33680868994202E-19));
#3851=CARTESIAN_POINT('',(-0.0296490915033516,-0.0405267800686499,-0.002032));
#3852=CARTESIAN_POINT('',(-0.0296490915033516,-0.0405267800686499,-8.67361737988404E-19));
#3853=CARTESIAN_POINT('',(-0.0303724017095455,-0.0394493873136663,-0.002032));
#3854=CARTESIAN_POINT('',(-0.0303724017095455,-0.0394493873136663,-4.33680868994202E-19));
#3855=CARTESIAN_POINT('',(-0.0313702114974729,-0.0380021816721488,-0.002032));
#3856=CARTESIAN_POINT('',(-0.0313702114974729,-0.0380021816721488,-4.33680868994202E-19));
#3857=CARTESIAN_POINT('',(-0.0325376686104332,-0.0363294181504005,-0.002032));
#3858=CARTESIAN_POINT('',(-0.0325376686104332,-0.0363294181504005,4.33680868994202E-19));
#3859=CARTESIAN_POINT('',(-0.0331942708464076,-0.0353787568667478,-0.002032));
#3860=CARTESIAN_POINT('',(-0.0331942708464076,-0.0353787568667478,0.));
#3861=CARTESIAN_POINT('',(-0.0334864615914374,-0.0349430016088128,-0.002032));
#3862=CARTESIAN_POINT('',(-0.0334864615914374,-0.0349430016088128,0.));
#3863=CARTESIAN_POINT('',(-0.0334864615914374,-0.0349430016088128,-0.002032));
#3864=CARTESIAN_POINT('',(-0.0334864615914377,-0.0349430016088127,-0.002032));
#3865=CARTESIAN_POINT('',(-0.0334864615914377,-0.0349430016088127,4.33680868994202E-19));
#3866=CARTESIAN_POINT('',(-0.0339157823027559,-0.034665536285852,-0.002032));
#3867=CARTESIAN_POINT('',(-0.0339157823027559,-0.034665536285852,4.33680868994202E-19));
#3868=CARTESIAN_POINT('',(-0.0350264384131542,-0.0339632382965454,-0.002032));
#3869=CARTESIAN_POINT('',(-0.0350264384131542,-0.0339632382965454,4.33680868994202E-19));
#3870=CARTESIAN_POINT('',(-0.0367111651864565,-0.032907090491792,-0.002032));
#3871=CARTESIAN_POINT('',(-0.0367111651864565,-0.032907090491792,4.33680868994202E-19));
#3872=CARTESIAN_POINT('',(-0.0381023006543689,-0.0320237226569103,-0.002032));
#3873=CARTESIAN_POINT('',(-0.0381023006543689,-0.0320237226569103,4.33680868994202E-19));
#3874=CARTESIAN_POINT('',(-0.0391377716853207,-0.0313563023618266,-0.002032));
#3875=CARTESIAN_POINT('',(-0.0391377716853207,-0.0313563023618266,4.33680868994202E-19));
#3876=CARTESIAN_POINT('',(-0.0401398239896093,-0.0306950087910354,-0.002032));
#3877=CARTESIAN_POINT('',(-0.0401398239896093,-0.0306950087910354,4.33680868994202E-19));
#3878=CARTESIAN_POINT('',(-0.0410923176835577,-0.0300440651868498,-0.002032));
#3879=CARTESIAN_POINT('',(-0.0410923176835577,-0.0300440651868498,8.67361737988404E-19));
#3880=CARTESIAN_POINT('',(-0.0420012339223739,-0.029385614567437,-0.002032));
#3881=CARTESIAN_POINT('',(-0.0420012339223739,-0.029385614567437,0.));
#3882=CARTESIAN_POINT('',(-0.0427544934803461,-0.0287921521802781,-0.002032));
#3883=CARTESIAN_POINT('',(-0.0427544934803461,-0.0287921521802781,8.67361737988404E-19));
#3884=CARTESIAN_POINT('',(-0.0435019002436983,-0.0281117128926835,-0.002032));
#3885=CARTESIAN_POINT('',(-0.0435019002436983,-0.0281117128926835,4.33680868994202E-19));
#3886=CARTESIAN_POINT('',(-0.0442323743566648,-0.0273284169038031,-0.002032));
#3887=CARTESIAN_POINT('',(-0.0442323743566648,-0.0273284169038031,4.33680868994202E-19));
#3888=CARTESIAN_POINT('',(-0.0450573365964407,-0.0261839965268861,-0.002032));
#3889=CARTESIAN_POINT('',(-0.0450573365964407,-0.0261839965268861,4.33680868994202E-19));
#3890=CARTESIAN_POINT('',(-0.0458360031936199,-0.0245298646318045,-0.002032));
#3891=CARTESIAN_POINT('',(-0.0458360031936199,-0.0245298646318045,0.));
#3892=CARTESIAN_POINT('',(-0.0462332544068368,-0.0226417854675995,-0.002032));
#3893=CARTESIAN_POINT('',(-0.0462332544068368,-0.0226417854675995,0.));
#3894=CARTESIAN_POINT('',(-0.0462278310523091,-0.0213081459974079,-0.002032));
#3895=CARTESIAN_POINT('',(-0.0462278310523091,-0.0213081459974079,4.33680868994202E-19));
#3896=CARTESIAN_POINT('',(-0.0461324007264993,-0.0204551928706253,-0.002032));
#3897=CARTESIAN_POINT('',(-0.0461324007264993,-0.0204551928706253,8.67361737988404E-19));
#3898=CARTESIAN_POINT('',(-0.046019363531527,-0.0198055788117954,-0.002032));
#3899=CARTESIAN_POINT('',(-0.046019363531527,-0.0198055788117954,4.33680868994202E-19));
#3900=CARTESIAN_POINT('',(-0.0458699099835694,-0.0192058490490456,-0.002032));
#3901=CARTESIAN_POINT('',(-0.0458699099835694,-0.0192058490490456,4.33680868994202E-19));
#3902=CARTESIAN_POINT('',(-0.0457517229686682,-0.018799956190449,-0.002032));
#3903=CARTESIAN_POINT('',(-0.0457517229686682,-0.018799956190449,4.33680868994202E-19));
#3904=CARTESIAN_POINT('',(-0.0455698302361191,-0.0182202531919425,-0.002032));
#3905=CARTESIAN_POINT('',(-0.0455698302361191,-0.0182202531919425,0.));
#3906=CARTESIAN_POINT('',(-0.0453306332695184,-0.0175414372893889,-0.002032));
#3907=CARTESIAN_POINT('',(-0.0453306332695184,-0.0175414372893889,1.30104260698261E-18));
#3908=CARTESIAN_POINT('',(-0.0449994518714484,-0.0166931033073749,-0.002032));
#3909=CARTESIAN_POINT('',(-0.0449994518714484,-0.0166931033073749,-4.33680868994202E-19));
#3910=CARTESIAN_POINT('',(-0.0446171988756142,-0.0158155397674547,-0.002032));
#3911=CARTESIAN_POINT('',(-0.0446171988756142,-0.0158155397674547,8.67361737988404E-19));
#3912=CARTESIAN_POINT('',(-0.0442392188704515,-0.015043408591846,-0.002032));
#3913=CARTESIAN_POINT('',(-0.0442392188704515,-0.015043408591846,4.33680868994202E-19));
#3914=CARTESIAN_POINT('',(-0.0438464554687095,-0.0143440870406749,-0.002032));
#3915=CARTESIAN_POINT('',(-0.0438464554687095,-0.0143440870406749,8.67361737988404E-19));
#3916=CARTESIAN_POINT('',(-0.0434889262212044,-0.0137706447982027,-0.002032));
#3917=CARTESIAN_POINT('',(-0.0434889262212044,-0.0137706447982027,0.));
#3918=CARTESIAN_POINT('',(-0.042971546343063,-0.0130524806801082,-0.002032));
#3919=CARTESIAN_POINT('',(-0.042971546343063,-0.0130524806801082,0.));
#3920=CARTESIAN_POINT('',(-0.0421547054613544,-0.0121225180824941,-0.002032));
#3921=CARTESIAN_POINT('',(-0.0421547054613544,-0.0121225180824941,4.33680868994202E-19));
#3922=CARTESIAN_POINT('',(-0.0406714812854452,-0.0109212058558159,-0.002032));
#3923=CARTESIAN_POINT('',(-0.0406714812854452,-0.0109212058558159,8.67361737988404E-19));
#3924=CARTESIAN_POINT('',(-0.0384724681499231,-0.00997471620843693,-0.002032));
#3925=CARTESIAN_POINT('',(-0.0384724681499231,-0.00997471620843693,0.));
#3926=CARTESIAN_POINT('',(-0.0367457427794043,-0.00976985090889211,-0.002032));
#3927=CARTESIAN_POINT('',(-0.0367457427794043,-0.00976985090889211,1.30104260698261E-18));
#3928=CARTESIAN_POINT('',(-0.0357095725399577,-0.00979387098311514,-0.002032));
#3929=CARTESIAN_POINT('',(-0.0357095725399577,-0.00979387098311514,0.));
#3930=CARTESIAN_POINT('',(-0.0351497307880068,-0.00984614168397231,-0.002032));
#3931=CARTESIAN_POINT('',(-0.0351497307880068,-0.00984614168397231,8.67361737988404E-19));
#3932=CARTESIAN_POINT('',(-0.0346443458140483,-0.00992254721883123,-0.002032));
#3933=CARTESIAN_POINT('',(-0.0346443458140483,-0.00992254721883123,0.));
#3934=CARTESIAN_POINT('',(-0.034247444840528,-0.0100006627580137,-0.002032));
#3935=CARTESIAN_POINT('',(-0.034247444840528,-0.0100006627580137,8.67361737988404E-19));
#3936=CARTESIAN_POINT('',(-0.033920815215758,-0.010073970701073,-0.002032));
#3937=CARTESIAN_POINT('',(-0.033920815215758,-0.010073970701073,0.));
#3938=CARTESIAN_POINT('',(-0.0337432237832804,-0.0101146791774376,-0.002032));
#3939=CARTESIAN_POINT('',(-0.0337432237832804,-0.0101146791774376,4.33680868994202E-19));
#3940=CARTESIAN_POINT('',(-0.0336649356557457,-0.0101311250078679,-0.002032));
#3941=CARTESIAN_POINT('',(-0.0336649356557457,-0.0101311250078679,8.67361737988404E-19));
#3942=CARTESIAN_POINT('',(-0.0335399442505702,-0.0101541969149011,-0.002032));
#3943=CARTESIAN_POINT('',(-0.0335399442505702,-0.0101541969149011,0.));
#3944=CARTESIAN_POINT('',(-0.0331941945832295,-0.0102094803220074,-0.002032));
#3945=CARTESIAN_POINT('',(-0.0331941945832295,-0.0102094803220074,8.67361737988404E-19));
#3946=CARTESIAN_POINT('',(-0.0325755260076529,-0.0102931188166677,-0.002032));
#3947=CARTESIAN_POINT('',(-0.0325755260076529,-0.0102931188166677,0.));
#3948=CARTESIAN_POINT('',(-0.0316245608372415,-0.0104016163452036,-0.002032));
#3949=CARTESIAN_POINT('',(-0.0316245608372415,-0.0104016163452036,1.30104260698261E-18));
#3950=CARTESIAN_POINT('',(-0.0305423327951452,-0.0105091231605704,-0.002032));
#3951=CARTESIAN_POINT('',(-0.0305423327951452,-0.0105091231605704,0.));
#3952=CARTESIAN_POINT('',(-0.0289972145558575,-0.0106448578649456,-0.002032));
#3953=CARTESIAN_POINT('',(-0.0289972145558575,-0.0106448578649456,1.30104260698261E-18));
#3954=CARTESIAN_POINT('',(-0.0278007149710904,-0.0107321476568015,-0.002032));
#3955=CARTESIAN_POINT('',(-0.0278007149710904,-0.0107321476568015,4.33680868994202E-19));
#3956=CARTESIAN_POINT('',(-0.0270521504908147,-0.0107795796337138,-0.002032));
#3957=CARTESIAN_POINT('',(-0.0270521504908147,-0.0107795796337138,4.33680868994202E-19));
#3958=CARTESIAN_POINT('',(-0.0270521504908145,-0.0107795796337138,-0.002032));
#3959=CARTESIAN_POINT('',(-0.0270521504908143,-0.0107795796337136,-0.002032));
#3960=CARTESIAN_POINT('',(-0.0270521504908143,-0.0107795796337136,0.));
#3961=CARTESIAN_POINT('',(-0.026083015749739,-0.00961451862152524,-0.002032));
#3962=CARTESIAN_POINT('',(-0.026083015749739,-0.00961451862152524,0.));
#3963=CARTESIAN_POINT('',(-0.0237880494120826,-0.00696615194918817,-0.002032));
#3964=CARTESIAN_POINT('',(-0.0237880494120826,-0.00696615194918817,0.));
#3965=CARTESIAN_POINT('',(-0.0211967777625114,-0.00401827179366232,-0.002032));
#3966=CARTESIAN_POINT('',(-0.0211967777625114,-0.00401827179366232,0.));
#3967=CARTESIAN_POINT('',(-0.0199753694684931,-0.00261172886668196,-0.002032));
#3968=CARTESIAN_POINT('',(-0.0199753694684931,-0.00261172886668196,0.));
#3969=CARTESIAN_POINT('',(-0.019975369468493,-0.00261172886668184,-0.002032));
#3970=CARTESIAN_POINT('',(-0.019975369468493,-0.00261172886668184,-0.002032));
#3971=CARTESIAN_POINT('',(-0.019975369468493,-0.00261172886668184,0.));
#3972=CARTESIAN_POINT('',(-0.0215839488004645,-0.00185699292499807,-0.002032));
#3973=CARTESIAN_POINT('',(-0.0215839488004645,-0.00185699292499807,0.));
#3974=CARTESIAN_POINT('',(-0.0243584072960878,-0.000607219193299028,-0.002032));
#3975=CARTESIAN_POINT('',(-0.0243584072960878,-0.000607219193299028,4.33680868994202E-19));
#3976=CARTESIAN_POINT('',(-0.028229568283312,0.00114515017203022,-0.002032));
#3977=CARTESIAN_POINT('',(-0.028229568283312,0.00114515017203022,-4.33680868994202E-19));
#3978=CARTESIAN_POINT('',(-0.0311059089045896,0.00247956091682689,-0.002032));
#3979=CARTESIAN_POINT('',(-0.0311059089045896,0.00247956091682689,0.));
#3980=CARTESIAN_POINT('',(-0.0338523526834788,0.00381824693131048,-0.002032));
#3981=CARTESIAN_POINT('',(-0.0338523526834788,0.00381824693131048,0.));
#3982=CARTESIAN_POINT('',(-0.0359698057397976,0.00493895257662619,-0.002032));
#3983=CARTESIAN_POINT('',(-0.0359698057397976,0.00493895257662619,4.33680868994202E-19));
#3984=CARTESIAN_POINT('',(-0.0375602711282486,0.00587467108092558,-0.002032));
#3985=CARTESIAN_POINT('',(-0.0375602711282486,0.00587467108092558,-8.67361737988404E-19));
#3986=CARTESIAN_POINT('',(-0.0387162032295865,0.00662086608066228,-0.002032));
#3987=CARTESIAN_POINT('',(-0.0387162032295865,0.00662086608066228,4.33680868994202E-19));
#3988=CARTESIAN_POINT('',(-0.0398745047100517,0.00747484458011853,-0.002032));
#3989=CARTESIAN_POINT('',(-0.0398745047100517,0.00747484458011853,-4.33680868994202E-19));
#3990=CARTESIAN_POINT('',(-0.0411117826832051,0.00856356565747213,-0.002032));
#3991=CARTESIAN_POINT('',(-0.0411117826832051,0.00856356565747213,4.33680868994202E-19));
#3992=CARTESIAN_POINT('',(-0.0425273706126393,0.010265528827889,-0.002032));
#3993=CARTESIAN_POINT('',(-0.0425273706126393,0.010265528827889,-1.30104260698261E-18));
#3994=CARTESIAN_POINT('',(-0.0437233945915722,0.0127883435971409,-0.002032));
#3995=CARTESIAN_POINT('',(-0.0437233945915722,0.0127883435971409,1.73472347597681E-18));
#3996=CARTESIAN_POINT('',(-0.0440484161313072,0.015889141074976,-0.002032));
#3997=CARTESIAN_POINT('',(-0.0440484161313072,0.015889141074976,-1.73472347597681E-18));
#3998=CARTESIAN_POINT('',(-0.0434489180692965,0.0184438404115241,-0.002032));
#3999=CARTESIAN_POINT('',(-0.0434489180692965,0.0184438404115241,4.33680868994202E-19));
#4000=CARTESIAN_POINT('',(-0.0426452609942591,0.0200691206295101,-0.002032));
#4001=CARTESIAN_POINT('',(-0.0426452609942591,0.0200691206295101,-8.67361737988404E-19));
#4002=CARTESIAN_POINT('',(-0.0420102158755998,0.0210280249530529,-0.002032));
#4003=CARTESIAN_POINT('',(-0.0420102158755998,0.0210280249530529,8.67361737988404E-19));
#4004=CARTESIAN_POINT('',(-0.0417008908149364,0.0214476178027555,-0.002032));
#4005=CARTESIAN_POINT('',(-0.0417008908149364,0.0214476178027555,0.));
#4006=CARTESIAN_POINT('',(-0.0415707614757646,0.021627702474266,-0.002032));
#4007=CARTESIAN_POINT('',(-0.0415707614757646,0.021627702474266,4.33680868994202E-19));
#4008=CARTESIAN_POINT('',(-0.0413730995597674,0.0219014238626951,-0.002032));
#4009=CARTESIAN_POINT('',(-0.0413730995597674,0.0219014238626951,0.));
#4010=CARTESIAN_POINT('',(-0.0410461458304024,0.022348128084023,-0.002032));
#4011=CARTESIAN_POINT('',(-0.0410461458304024,0.022348128084023,-4.33680868994202E-19));
#4012=CARTESIAN_POINT('',(-0.0403188832759225,0.0232676277705537,-0.002032));
#4013=CARTESIAN_POINT('',(-0.0403188832759225,0.0232676277705537,4.33680868994202E-19));
#4014=CARTESIAN_POINT('',(-0.0389650129112477,0.024722540808678,-0.002032));
#4015=CARTESIAN_POINT('',(-0.0389650129112477,0.024722540808678,-8.67361737988404E-19));
#4016=CARTESIAN_POINT('',(-0.0363387625920576,0.0265042643285662,-0.002032));
#4017=CARTESIAN_POINT('',(-0.0363387625920576,0.0265042643285662,0.));
#4018=CARTESIAN_POINT('',(-0.0340577150362434,0.0272054421000066,-0.002032));
#4019=CARTESIAN_POINT('',(-0.0340577150362434,0.0272054421000066,-4.33680868994202E-19));
#4020=CARTESIAN_POINT('',(-0.0328901745976844,0.0273799338559057,-0.002032));
#4021=CARTESIAN_POINT('',(-0.0328901745976844,0.0273799338559057,-4.33680868994202E-19));
#4022=CARTESIAN_POINT('',(-0.0328901745976843,0.0273799338559057,-0.002032));
#4023=CARTESIAN_POINT('',(-0.0328901745976844,0.0273799338559056,-0.002032));
#4024=CARTESIAN_POINT('',(-0.0328901745976844,0.0273799338559056,0.));
#4025=CARTESIAN_POINT('',(-0.0320237230639241,0.0275094271432764,-0.002032));
#4026=CARTESIAN_POINT('',(-0.0320237230639241,0.0275094271432764,0.));
#4027=CARTESIAN_POINT('',(-0.0304242282051552,0.0275600703304026,-0.002032));
#4028=CARTESIAN_POINT('',(-0.0304242282051552,0.0275600703304026,4.33680868994202E-19));
#4029=CARTESIAN_POINT('',(-0.0278757813330838,0.0273055318883073,-0.002032));
#4030=CARTESIAN_POINT('',(-0.0278757813330838,0.0273055318883073,-8.67361737988404E-19));
#4031=CARTESIAN_POINT('',(-0.0262932492956278,0.0269585237757592,-0.002032));
#4032=CARTESIAN_POINT('',(-0.0262932492956278,0.0269585237757592,0.));
#4033=CARTESIAN_POINT('',(-0.0253464381908679,0.0267356759468768,-0.002032));
#4034=CARTESIAN_POINT('',(-0.0253464381908679,0.0267356759468768,0.));
#4035=CARTESIAN_POINT('',(-0.0253464381908679,0.0267356759468768,-0.002032));
#4036=CARTESIAN_POINT('',(-0.025346438190868,0.0267356759468767,-0.002032));
#4037=CARTESIAN_POINT('',(-0.025346438190868,0.0267356759468767,0.));
#4038=CARTESIAN_POINT('',(-0.0243412070518224,0.0276728151450918,-0.002032));
#4039=CARTESIAN_POINT('',(-0.0243412070518224,0.0276728151450918,0.));
#4040=CARTESIAN_POINT('',(-0.0227624415831634,0.0287450197696576,-0.002032));
#4041=CARTESIAN_POINT('',(-0.0227624415831634,0.0287450197696576,-4.33680868994202E-19));
#4042=CARTESIAN_POINT('',(-0.0203438037594129,0.0297905388525306,-0.002032));
#4043=CARTESIAN_POINT('',(-0.0203438037594129,0.0297905388525306,0.));
#4044=CARTESIAN_POINT('',(-0.0186218051062783,0.0302515736375193,-0.002032));
#4045=CARTESIAN_POINT('',(-0.0186218051062783,0.0302515736375193,-4.33680868994202E-19));
#4046=CARTESIAN_POINT('',(-0.0170717737299436,0.0304491656945345,-0.002032));
#4047=CARTESIAN_POINT('',(-0.0170717737299436,0.0304491656945345,8.67361737988404E-19));
#4048=CARTESIAN_POINT('',(-0.0153683803173463,0.0304877215910492,-0.002032));
#4049=CARTESIAN_POINT('',(-0.0153683803173463,0.0304877215910492,-8.67361737988404E-19));
#4050=CARTESIAN_POINT('',(-0.0132153995882809,0.0301749541485868,-0.002032));
#4051=CARTESIAN_POINT('',(-0.0132153995882809,0.0301749541485868,4.33680868994202E-19));
#4052=CARTESIAN_POINT('',(-0.0106482998079494,0.0291542687178301,-0.002032));
#4053=CARTESIAN_POINT('',(-0.0106482998079494,0.0291542687178301,-4.33680868994202E-19));
#4054=CARTESIAN_POINT('',(-0.00898786600168887,0.027886956598534,-0.002032));
#4055=CARTESIAN_POINT('',(-0.00898786600168887,0.027886956598534,0.));
#4056=CARTESIAN_POINT('',(-0.00823756332728973,0.027067274541166,-0.002032));
#4057=CARTESIAN_POINT('',(-0.00823756332728973,0.027067274541166,0.));
#4058=CARTESIAN_POINT('',(-0.0082375633272898,0.0270672745411661,-0.002032));
#4059=CARTESIAN_POINT('',(-0.00823756332728954,0.0270672745411664,-0.002032));
#4060=CARTESIAN_POINT('',(-0.00823756332728954,0.0270672745411664,0.));
#4061=CARTESIAN_POINT('',(-0.00774094258196827,0.0273497103843651,-0.002032));
#4062=CARTESIAN_POINT('',(-0.00774094258196827,0.0273497103843651,0.));
#4063=CARTESIAN_POINT('',(-0.00666241638173611,0.0278770730395811,-0.002032));
#4064=CARTESIAN_POINT('',(-0.00666241638173611,0.0278770730395811,4.33680868994202E-19));
#4065=CARTESIAN_POINT('',(-0.00466360943314482,0.0284624201642372,-0.002032));
#4066=CARTESIAN_POINT('',(-0.00466360943314482,0.0284624201642372,0.));
#4067=CARTESIAN_POINT('',(-0.00256033639293972,0.0286484269928094,-0.002032));
#4068=CARTESIAN_POINT('',(-0.00256033639293972,0.0286484269928094,4.33680868994202E-19));
#4069=CARTESIAN_POINT('',(-0.000593750674852606,0.0284702367232932,-0.002032));
#4070=CARTESIAN_POINT('',(-0.000593750674852606,0.0284702367232932,4.33680868994202E-19));
#4071=CARTESIAN_POINT('',(0.00134357639780179,0.0279560927605514,-0.002032));
#4072=CARTESIAN_POINT('',(0.00134357639780179,0.0279560927605514,-4.33680868994202E-19));
#4073=CARTESIAN_POINT('',(0.00328693854137445,0.0270335788398011,-0.002032));
#4074=CARTESIAN_POINT('',(0.00328693854137445,0.0270335788398011,0.));
#4075=CARTESIAN_POINT('',(0.00519496347260991,0.0255740080799959,-0.002032));
#4076=CARTESIAN_POINT('',(0.00519496347260991,0.0255740080799959,0.));
#4077=CARTESIAN_POINT('',(0.00633292678145371,0.0241250188470449,-0.002032));
#4078=CARTESIAN_POINT('',(0.00633292678145371,0.0241250188470449,0.));
#4079=CARTESIAN_POINT('',(0.00680743462259804,0.0232652841297877,-0.002032));
#4080=CARTESIAN_POINT('',(0.00680743462259804,0.0232652841297877,0.));
#4081=CARTESIAN_POINT('',(0.00680743462259823,0.0232652841297873,-0.002032));
#4082=CARTESIAN_POINT('',(0.00680743462259821,0.0232652841297873,-0.002032));
#4083=CARTESIAN_POINT('',(0.00680743462259821,0.0232652841297873,5.20417042793042E-18));
#4084=CARTESIAN_POINT('',(0.00802402382281418,0.024215150466612,-0.002032));
#4085=CARTESIAN_POINT('',(0.00802402382281418,0.024215150466612,5.20417042793042E-18));
#4086=CARTESIAN_POINT('',(0.0101029526734293,0.0260135335242668,-0.002032));
#4087=CARTESIAN_POINT('',(0.0101029526734293,0.0260135335242668,5.20417042793042E-18));
#4088=CARTESIAN_POINT('',(0.0129563834234167,0.0286653871758915,-0.002032));
#4089=CARTESIAN_POINT('',(0.0129563834234167,0.0286653871758915,5.20417042793042E-18));
#4090=CARTESIAN_POINT('',(0.0150746607956543,0.0306772888431014,-0.002032));
#4091=CARTESIAN_POINT('',(0.0150746607956543,0.0306772888431014,4.77048955893622E-18));
#4092=CARTESIAN_POINT('',(0.0171131019734395,0.0326137593172621,-0.002032));
#4093=CARTESIAN_POINT('',(0.0171131019734395,0.0326137593172621,4.77048955893622E-18));
#4094=CARTESIAN_POINT('',(0.0190437563751237,0.0344008143090456,-0.002032));
#4095=CARTESIAN_POINT('',(0.0190437563751237,0.0344008143090456,4.77048955893622E-18));
#4096=CARTESIAN_POINT('',(0.0208688155368088,0.0359731647068058,-0.002032));
#4097=CARTESIAN_POINT('',(0.0208688155368088,0.0359731647068058,5.63785129692462E-18));
#4098=CARTESIAN_POINT('',(0.0225177701786093,0.0372143659989195,-0.002032));
#4099=CARTESIAN_POINT('',(0.0225177701786093,0.0372143659989195,6.07153216591882E-18));
#4100=CARTESIAN_POINT('',(0.0243378986630123,0.0381837269737093,-0.002032));
#4101=CARTESIAN_POINT('',(0.0243378986630123,0.0381837269737093,4.77048955893622E-18));
#4102=CARTESIAN_POINT('',(0.0259887100067838,0.0387706187214121,-0.002032));
#4103=CARTESIAN_POINT('',(0.0259887100067838,0.0387706187214121,5.63785129692462E-18));
#4104=CARTESIAN_POINT('',(0.0278030541418973,0.0390622338618891,-0.002032));
#4105=CARTESIAN_POINT('',(0.0278030541418973,0.0390622338618891,4.77048955893622E-18));
#4106=CARTESIAN_POINT('',(0.0293673725355657,0.0390293724588075,-0.002032));
#4107=CARTESIAN_POINT('',(0.0293673725355657,0.0390293724588075,5.63785129692462E-18));
#4108=CARTESIAN_POINT('',(0.0303654330780975,0.0388875919493956,-0.002032));
#4109=CARTESIAN_POINT('',(0.0303654330780975,0.0388875919493956,4.33680868994202E-18));
#4110=CARTESIAN_POINT('',(0.0307232542921254,0.0388247307872228,-0.002032));
#4111=CARTESIAN_POINT('',(0.0307232542921254,0.0388247307872228,5.63785129692462E-18));
#4112=CARTESIAN_POINT('',(0.030805398717242,0.0388123622791542,-0.002032));
#4113=CARTESIAN_POINT('',(0.030805398717242,0.0388123622791542,5.20417042793042E-18));
#4114=CARTESIAN_POINT('',(0.030968946760037,0.0387890592241361,-0.002032));
#4115=CARTESIAN_POINT('',(0.030968946760037,0.0387890592241361,5.63785129692462E-18));
#4116=CARTESIAN_POINT('',(0.0314218214490548,0.0387297271573104,-0.002032));
#4117=CARTESIAN_POINT('',(0.0314218214490548,0.0387297271573104,4.77048955893622E-18));
#4118=CARTESIAN_POINT('',(0.0322123848653209,0.0386085853196651,-0.002032));
#4119=CARTESIAN_POINT('',(0.0322123848653209,0.0386085853196651,5.63785129692462E-18));
#4120=CARTESIAN_POINT('',(0.0332574811209043,0.0383905496944513,-0.002032));
#4121=CARTESIAN_POINT('',(0.0332574811209043,0.0383905496944513,4.77048955893622E-18));
#4122=CARTESIAN_POINT('',(0.0345515789380785,0.0380018731688374,-0.002032));
#4123=CARTESIAN_POINT('',(0.0345515789380785,0.0380018731688374,5.63785129692462E-18));
#4124=CARTESIAN_POINT('',(0.0360855115754484,0.0373235686439646,-0.002032));
#4125=CARTESIAN_POINT('',(0.0360855115754484,0.0373235686439646,4.77048955893622E-18));
#4126=CARTESIAN_POINT('',(0.0375133498572596,0.0363726089729649,-0.002032));
#4127=CARTESIAN_POINT('',(0.0375133498572596,0.0363726089729649,5.63785129692462E-18));
#4128=CARTESIAN_POINT('',(0.0386214904503245,0.0353302541129023,-0.002032));
#4129=CARTESIAN_POINT('',(0.0386214904503245,0.0353302541129023,4.77048955893622E-18));
#4130=CARTESIAN_POINT('',(0.0394064225867219,0.0343960397294344,-0.002032));
#4131=CARTESIAN_POINT('',(0.0394064225867219,0.0343960397294344,5.63785129692462E-18));
#4132=CARTESIAN_POINT('',(0.040066127578158,0.0333741310985804,-0.002032));
#4133=CARTESIAN_POINT('',(0.040066127578158,0.0333741310985804,5.20417042793042E-18));
#4134=CARTESIAN_POINT('',(0.0406971777782827,0.0321067641578971,-0.002032));
#4135=CARTESIAN_POINT('',(0.0406971777782827,0.0321067641578971,5.20417042793042E-18));
#4136=CARTESIAN_POINT('',(0.0409835379079096,0.0312456755058592,-0.002032));
#4137=CARTESIAN_POINT('',(0.0409835379079096,0.0312456755058592,5.20417042793042E-18));
#4138=CARTESIAN_POINT('',(0.0411263840280503,0.0307142613310182,-0.002032));
#4139=CARTESIAN_POINT('',(0.0411263840280503,0.0307142613310182,5.20417042793042E-18));
#4140=CARTESIAN_POINT('',(0.0411263840280503,0.0307142613310182,-0.002032));
#4141=CARTESIAN_POINT('',(0.0411263840280503,0.0307142613310183,-0.002032));
#4142=CARTESIAN_POINT('',(0.0411263840280503,0.0307142613310183,0.));
#4143=CARTESIAN_POINT('',(0.0413247554735081,0.0299762826033068,-0.002032));
#4144=CARTESIAN_POINT('',(0.0413247554735081,0.0299762826033068,0.));
#4145=CARTESIAN_POINT('',(0.0415485857124334,0.0286214421792145,-0.002032));
#4146=CARTESIAN_POINT('',(0.0415485857124334,0.0286214421792145,4.33680868994202E-19));
#4147=CARTESIAN_POINT('',(0.0416190988540676,0.0268771343123817,-0.002032));
#4148=CARTESIAN_POINT('',(0.0416190988540676,0.0268771343123817,0.));
#4149=CARTESIAN_POINT('',(0.0415284363348041,0.0253012985489761,-0.002032));
#4150=CARTESIAN_POINT('',(0.0415284363348041,0.0253012985489761,0.));
#4151=CARTESIAN_POINT('',(0.0413492381014324,0.0240727207441965,-0.002032));
#4152=CARTESIAN_POINT('',(0.0413492381014324,0.0240727207441965,-8.67361737988404E-19));
#4153=CARTESIAN_POINT('',(0.0411085294801844,0.0230299598585641,-0.002032));
#4154=CARTESIAN_POINT('',(0.0411085294801844,0.0230299598585641,0.));
#4155=CARTESIAN_POINT('',(0.0408447285450072,0.0221541801552407,-0.002032));
#4156=CARTESIAN_POINT('',(0.0408447285450072,0.0221541801552407,-4.33680868994202E-19));
#4157=CARTESIAN_POINT('',(0.0403721126173955,0.021003051165838,-0.002032));
#4158=CARTESIAN_POINT('',(0.0403721126173955,0.021003051165838,0.));
#4159=CARTESIAN_POINT('',(0.0395470046469708,0.0196588984616407,-0.002032));
#4160=CARTESIAN_POINT('',(0.0395470046469708,0.0196588984616407,0.));
#4161=CARTESIAN_POINT('',(0.0385568352746704,0.018569891335192,-0.002032));
#4162=CARTESIAN_POINT('',(0.0385568352746704,0.018569891335192,0.));
#4163=CARTESIAN_POINT('',(0.0378155296422858,0.0179533100796174,-0.002032));
#4164=CARTESIAN_POINT('',(0.0378155296422858,0.0179533100796174,-4.33680868994202E-19));
#4165=CARTESIAN_POINT('',(0.0374938137293452,0.0177128896091673,-0.002032));
#4166=CARTESIAN_POINT('',(0.0374938137293452,0.0177128896091673,-4.33680868994202E-19));
#4167=CARTESIAN_POINT('',(0.0374313338737193,0.0176645053682466,-0.002032));
#4168=CARTESIAN_POINT('',(0.0374313338737193,0.0176645053682466,0.));
#4169=CARTESIAN_POINT('',(0.03742220955334,0.0176573870927056,-0.002032));
#4170=CARTESIAN_POINT('',(0.03742220955334,0.0176573870927056,0.));
#4171=CARTESIAN_POINT('',(0.0374222095533399,0.0176573870927055,-0.002032));
#4172=CARTESIAN_POINT('',(0.0374222095533399,0.0176573870927056,-0.002032));
#4173=CARTESIAN_POINT('',(0.0374222095533399,0.0176573870927056,0.));
#4174=CARTESIAN_POINT('',(0.037414289149946,0.0176501982232029,-0.002032));
#4175=CARTESIAN_POINT('',(0.037414289149946,0.0176501982232029,0.));
#4176=CARTESIAN_POINT('',(0.0373230236131982,0.0175654643356848,-0.002032));
#4177=CARTESIAN_POINT('',(0.0373230236131982,0.0175654643356848,8.67361737988404E-19));
#4178=CARTESIAN_POINT('',(0.0368270601207422,0.0170503052461562,-0.002032));
#4179=CARTESIAN_POINT('',(0.0368270601207422,0.0170503052461562,-8.67361737988404E-19));
#4180=CARTESIAN_POINT('',(0.0355088425402371,0.0155771358123263,-0.002032));
#4181=CARTESIAN_POINT('',(0.0355088425402371,0.0155771358123263,4.33680868994202E-19));
#4182=CARTESIAN_POINT('',(0.032845552740411,0.0123905299045089,-0.002032));
#4183=CARTESIAN_POINT('',(0.032845552740411,0.0123905299045089,-8.67361737988404E-19));
#4184=CARTESIAN_POINT('',(0.0291866453862651,0.00786814410738465,-0.002032));
#4185=CARTESIAN_POINT('',(0.0291866453862651,0.00786814410738465,0.));
#4186=CARTESIAN_POINT('',(0.0268262967756714,0.00493502426896026,-0.002032));
#4187=CARTESIAN_POINT('',(0.0268262967756714,0.00493502426896026,0.));
#4188=CARTESIAN_POINT('',(0.025755121146242,0.00361646215174939,-0.002032));
#4189=CARTESIAN_POINT('',(0.025755121146242,0.00361646215174939,0.));
#4190=CARTESIAN_POINT('',(0.0257551211462422,0.00361646215174967,-0.002032));
#4191=CARTESIAN_POINT('',(0.0257551211462422,0.00361646215174959,-0.002032));
#4192=CARTESIAN_POINT('',(0.0257551211462422,0.00361646215174959,0.));
#4193=CARTESIAN_POINT('',(0.0267574831232198,0.00302704690583009,-0.002032));
#4194=CARTESIAN_POINT('',(0.0267574831232198,0.00302704690583009,0.));
#4195=CARTESIAN_POINT('',(0.0280922188099363,0.00196010519976888,-0.002032));
#4196=CARTESIAN_POINT('',(0.0280922188099363,0.00196010519976888,-4.33680868994202E-19));
#4197=CARTESIAN_POINT('',(0.0296412514389126,-4.27224336110438E-5,-0.002032));
#4198=CARTESIAN_POINT('',(0.0296412514389126,-4.27224336110438E-5,4.33680868994202E-19));
#4199=CARTESIAN_POINT('',(0.0305980584058376,-0.00189164700174772,-0.002032));
#4200=CARTESIAN_POINT('',(0.0305980584058376,-0.00189164700174772,-4.33680868994202E-19));
#4201=CARTESIAN_POINT('',(0.0312218166694938,-0.00414405103617857,-0.002032));
#4202=CARTESIAN_POINT('',(0.0312218166694938,-0.00414405103617857,4.33680868994202E-19));
#4203=CARTESIAN_POINT('',(0.031284999187494,-0.00627817921681919,-0.002032));
#4204=CARTESIAN_POINT('',(0.031284999187494,-0.00627817921681919,4.33680868994202E-19));
#4205=CARTESIAN_POINT('',(0.0309911605068317,-0.0079925755834235,-0.002032));
#4206=CARTESIAN_POINT('',(0.0309911605068317,-0.0079925755834235,0.));
#4207=CARTESIAN_POINT('',(0.0305533462533801,-0.009457478830208,-0.002032));
#4208=CARTESIAN_POINT('',(0.0305533462533801,-0.009457478830208,4.33680868994202E-19));
#4209=CARTESIAN_POINT('',(0.0301374773715467,-0.0103366223884072,-0.002032));
#4210=CARTESIAN_POINT('',(0.0301374773715467,-0.0103366223884072,0.));
#4211=CARTESIAN_POINT('',(0.0298536241652041,-0.0108526619116784,-0.002032));
#4212=CARTESIAN_POINT('',(0.0298536241652041,-0.0108526619116784,0.));
#4213=CARTESIAN_POINT('',(0.0298536241652041,-0.0108526619116784,-0.002032));
#4214=CARTESIAN_POINT('',(0.0298536241652037,-0.0108526619116787,-0.002032));
#4215=CARTESIAN_POINT('',(0.0298536241652037,-0.0108526619116787,0.));
#4216=CARTESIAN_POINT('',(0.0304138793460795,-0.0114099313895814,-0.002032));
#4217=CARTESIAN_POINT('',(0.0304138793460795,-0.0114099313895814,0.));
#4218=CARTESIAN_POINT('',(0.0314079333718727,-0.012626785159368,-0.002032));
#4219=CARTESIAN_POINT('',(0.0314079333718727,-0.012626785159368,0.));
#4220=CARTESIAN_POINT('',(0.0325516533918517,-0.0148313372728184,-0.002032));
#4221=CARTESIAN_POINT('',(0.0325516533918517,-0.0148313372728184,0.));
#4222=CARTESIAN_POINT('',(0.0331066240384464,-0.0170463580048108,-0.002032));
#4223=CARTESIAN_POINT('',(0.0331066240384464,-0.0170463580048108,0.));
#4224=CARTESIAN_POINT('',(0.0331920588345884,-0.0189909783092692,-0.002032));
#4225=CARTESIAN_POINT('',(0.0331920588345884,-0.0189909783092692,0.));
#4226=CARTESIAN_POINT('',(0.0330338208488836,-0.0205385263521515,-0.002032));
#4227=CARTESIAN_POINT('',(0.0330338208488836,-0.0205385263521515,4.33680868994202E-19));
#4228=CARTESIAN_POINT('',(0.0326898779732329,-0.0219093256734114,-0.002032));
#4229=CARTESIAN_POINT('',(0.0326898779732329,-0.0219093256734114,0.));
#4230=CARTESIAN_POINT('',(0.0321026078100743,-0.0234644917558922,-0.002032));
#4231=CARTESIAN_POINT('',(0.0321026078100743,-0.0234644917558922,0.));
#4232=CARTESIAN_POINT('',(0.0312409045367132,-0.0250053320598966,-0.002032));
#4233=CARTESIAN_POINT('',(0.0312409045367132,-0.0250053320598966,0.));
#4234=CARTESIAN_POINT('',(0.0301893668939626,-0.0264273415434737,-0.002032));
#4235=CARTESIAN_POINT('',(0.0301893668939626,-0.0264273415434737,0.));
#4236=CARTESIAN_POINT('',(0.0295095473914651,-0.027194332811682,-0.002032));
#4237=CARTESIAN_POINT('',(0.0295095473914651,-0.027194332811682,0.));
#4238=CARTESIAN_POINT('',(0.0291798631892736,-0.0275452177044193,-0.002032));
#4239=CARTESIAN_POINT('',(0.0291798631892736,-0.0275452177044193,0.));
#4240=CARTESIAN_POINT('',(0.0291798631892736,-0.0275452177044193,-0.002032));
#4241=CARTESIAN_POINT('',(0.0291798631892733,-0.0275452177044195,-0.002032));
#4242=CARTESIAN_POINT('',(0.0291798631892733,-0.0275452177044195,8.67361737988404E-19));
#4243=CARTESIAN_POINT('',(0.0293493075994887,-0.0283955832433126,-0.002032));
#4244=CARTESIAN_POINT('',(0.0293493075994887,-0.0283955832433126,8.67361737988404E-19));
#4245=CARTESIAN_POINT('',(0.0296606657932677,-0.0302004951237429,-0.002032));
#4246=CARTESIAN_POINT('',(0.0296606657932677,-0.0302004951237429,4.33680868994202E-19));
#4247=CARTESIAN_POINT('',(0.0299104485331947,-0.0325488983642179,-0.002032));
#4248=CARTESIAN_POINT('',(0.0299104485331947,-0.0325488983642179,8.67361737988404E-19));
#4249=CARTESIAN_POINT('',(0.0298632942446695,-0.0348095640219028,-0.002032));
#4250=CARTESIAN_POINT('',(0.0298632942446695,-0.0348095640219028,4.33680868994202E-19));
#4251=CARTESIAN_POINT('',(0.0295769018547355,-0.0366851292850263,-0.002032));
#4252=CARTESIAN_POINT('',(0.0295769018547355,-0.0366851292850263,4.33680868994202E-19));
#4253=CARTESIAN_POINT('',(0.0288978159455216,-0.0386806913672901,-0.002032));
#4254=CARTESIAN_POINT('',(0.0288978159455216,-0.0386806913672901,2.16840434497101E-18));
#4255=CARTESIAN_POINT('',(0.0279181399911401,-0.0403943883584327,-0.002032));
#4256=CARTESIAN_POINT('',(0.0279181399911401,-0.0403943883584327,4.33680868994202E-19));
#4257=CARTESIAN_POINT('',(0.0268245541338047,-0.0417285025033065,-0.002032));
#4258=CARTESIAN_POINT('',(0.0268245541338047,-0.0417285025033065,2.16840434497101E-18));
#4259=CARTESIAN_POINT('',(0.0259511712384636,-0.0425777210794282,-0.002032));
#4260=CARTESIAN_POINT('',(0.0259511712384636,-0.0425777210794282,4.33680868994202E-19));
#4261=CARTESIAN_POINT('',(0.025234640121285,-0.0432164596933132,-0.002032));
#4262=CARTESIAN_POINT('',(0.025234640121285,-0.0432164596933132,1.73472347597681E-18));
#4263=CARTESIAN_POINT('',(0.0244029533966362,-0.0439005626311569,-0.002032));
#4264=CARTESIAN_POINT('',(0.0244029533966362,-0.0439005626311569,4.33680868994202E-19));
#4265=CARTESIAN_POINT('',(0.0234911146958632,-0.0445784718008592,-0.002032));
#4266=CARTESIAN_POINT('',(0.0234911146958632,-0.0445784718008592,1.30104260698261E-18));
#4267=CARTESIAN_POINT('',(0.0224493436977944,-0.045261231613165,-0.002032));
#4268=CARTESIAN_POINT('',(0.0224493436977944,-0.045261231613165,1.73472347597681E-18));
#4269=CARTESIAN_POINT('',(0.0213877595467382,-0.0458397580553485,-0.002032));
#4270=CARTESIAN_POINT('',(0.0213877595467382,-0.0458397580553485,0.));
#4271=CARTESIAN_POINT('',(0.0203045296054574,-0.0462954920137633,-0.002032));
#4272=CARTESIAN_POINT('',(0.0203045296054574,-0.0462954920137633,2.16840434497101E-18));
#4273=CARTESIAN_POINT('',(0.0194325962022456,-0.0465733472730728,-0.002032));
#4274=CARTESIAN_POINT('',(0.0194325962022456,-0.0465733472730728,4.33680868994202E-19));
#4275=CARTESIAN_POINT('',(0.0186219822362482,-0.0467520778096089,-0.002032));
#4276=CARTESIAN_POINT('',(0.0186219822362482,-0.0467520778096089,1.30104260698261E-18));
#4277=CARTESIAN_POINT('',(0.0178761648104323,-0.046862307105956,-0.002032));
#4278=CARTESIAN_POINT('',(0.0178761648104323,-0.046862307105956,8.67361737988404E-19));
#4279=CARTESIAN_POINT('',(0.0170279810560806,-0.0469097884920837,-0.002032));
#4280=CARTESIAN_POINT('',(0.0170279810560806,-0.0469097884920837,0.));
#4281=CARTESIAN_POINT('',(0.016140153566125,-0.0468736969723676,-0.002032));
#4282=CARTESIAN_POINT('',(0.016140153566125,-0.0468736969723676,2.16840434497101E-18));
#4283=CARTESIAN_POINT('',(0.0151892276962188,-0.0467391708789214,-0.002032));
#4284=CARTESIAN_POINT('',(0.0151892276962188,-0.0467391708789214,0.));
#4285=CARTESIAN_POINT('',(0.013850107869517,-0.0463874576400258,-0.002032));
#4286=CARTESIAN_POINT('',(0.013850107869517,-0.0463874576400258,2.16840434497101E-18));
#4287=CARTESIAN_POINT('',(0.0123527273370165,-0.0456831282767069,-0.002032));
#4288=CARTESIAN_POINT('',(0.0123527273370165,-0.0456831282767069,0.));
#4289=CARTESIAN_POINT('',(0.0110145812113153,-0.0446723633056414,-0.002032));
#4290=CARTESIAN_POINT('',(0.0110145812113153,-0.0446723633056414,8.67361737988404E-19));
#4291=CARTESIAN_POINT('',(0.0100937972095564,-0.0437132354270763,-0.002032));
#4292=CARTESIAN_POINT('',(0.0100937972095564,-0.0437132354270763,4.33680868994202E-19));
#4293=CARTESIAN_POINT('',(0.00949286464718059,-0.0429317567397213,-0.002032));
#4294=CARTESIAN_POINT('',(0.00949286464718059,-0.0429317567397213,1.30104260698261E-18));
#4295=CARTESIAN_POINT('',(0.00890467167632749,-0.0420451796180771,-0.002032));
#4296=CARTESIAN_POINT('',(0.00890467167632749,-0.0420451796180771,8.67361737988404E-19));
#4297=CARTESIAN_POINT('',(0.00840608142537539,-0.041161141985792,-0.002032));
#4298=CARTESIAN_POINT('',(0.00840608142537539,-0.041161141985792,1.30104260698261E-18));
#4299=CARTESIAN_POINT('',(0.00788975741230281,-0.0401949061822645,-0.002032));
#4300=CARTESIAN_POINT('',(0.00788975741230281,-0.0401949061822645,4.33680868994202E-19));
#4301=CARTESIAN_POINT('',(0.007288515546955,-0.0390689030336911,-0.002032));
#4302=CARTESIAN_POINT('',(0.007288515546955,-0.0390689030336911,1.73472347597681E-18));
#4303=CARTESIAN_POINT('',(0.00631794936609509,-0.0372532570631797,-0.002032));
#4304=CARTESIAN_POINT('',(0.00631794936609509,-0.0372532570631797,0.));
#4305=CARTESIAN_POINT('',(0.00487293829822211,-0.034545999482645,-0.002032));
#4306=CARTESIAN_POINT('',(0.00487293829822211,-0.034545999482645,8.67361737988404E-19));
#4307=CARTESIAN_POINT('',(0.00290031950113398,-0.0308311567854764,-0.002032));
#4308=CARTESIAN_POINT('',(0.00290031950113398,-0.0308311567854764,1.30104260698261E-18));
#4309=CARTESIAN_POINT('',(0.000834573473374289,-0.0269079353585802,-0.002032));
#4310=CARTESIAN_POINT('',(0.000834573473374289,-0.0269079353585802,8.67361737988404E-19));
#4311=CARTESIAN_POINT('',(-0.000511765901971186,-0.02431773502201,-0.002032));
#4312=CARTESIAN_POINT('',(-0.000511765901971186,-0.02431773502201,8.67361737988404E-19));
#4313=CARTESIAN_POINT('',(-0.00115435896554417,-0.0230691445400929,-0.002032));
#4314=CARTESIAN_POINT('',(-0.00115435896554417,-0.0230691445400929,8.67361737988404E-19));
#4315=CARTESIAN_POINT('',(-0.00115435896554417,-0.0230691445400929,-0.002032));
#4316=CARTESIAN_POINT('',(-0.00115435896554422,-0.023069144540093,-0.002032));
#4317=CARTESIAN_POINT('',(-0.00115435896554422,-0.023069144540093,-4.33680868994202E-19));
#4318=CARTESIAN_POINT('',(-0.00191860771139776,-0.023791285675115,-0.002032));
#4319=CARTESIAN_POINT('',(-0.00191860771139776,-0.023791285675115,-4.33680868994202E-19));
#4320=CARTESIAN_POINT('',(-0.00349795666045896,-0.02524621003284,-0.002032));
#4321=CARTESIAN_POINT('',(-0.00349795666045896,-0.02524621003284,0.));
#4322=CARTESIAN_POINT('',(-0.0066000561041839,-0.0279394965567345,-0.002032));
#4323=CARTESIAN_POINT('',(-0.0066000561041839,-0.0279394965567345,-8.67361737988404E-19));
#4324=CARTESIAN_POINT('',(-0.00875856502391188,-0.0296612210698587,-0.002032));
#4325=CARTESIAN_POINT('',(-0.00875856502391188,-0.0296612210698587,-4.33680868994202E-19));
#4326=CARTESIAN_POINT('',(-0.0100599207845616,-0.0306279189506455,-0.002032));
#4327=CARTESIAN_POINT('',(-0.0100599207845616,-0.0306279189506455,-4.33680868994202E-19));
#4328=MECHANICAL_DESIGN_GEOMETRIC_PRESENTATION_REPRESENTATION('',(#655),
#4329);
#4329=(
GEOMETRIC_REPRESENTATION_CONTEXT(3)
GLOBAL_UNCERTAINTY_ASSIGNED_CONTEXT((#4330))
GLOBAL_UNIT_ASSIGNED_CONTEXT((#4333,#4332,#4331))
REPRESENTATION_CONTEXT('Part 1','TOP_LEVEL_ASSEMBLY_PART')
);
#4330=UNCERTAINTY_MEASURE_WITH_UNIT(LENGTH_MEASURE(2.E-5),#4333,
'DISTANCE_ACCURACY_VALUE','Maximum Tolerance applied to model');
#4331=(
NAMED_UNIT(*)
SI_UNIT($,.STERADIAN.)
SOLID_ANGLE_UNIT()
);
#4332=(
NAMED_UNIT(*)
PLANE_ANGLE_UNIT()
SI_UNIT($,.RADIAN.)
);
#4333=(
LENGTH_UNIT()
NAMED_UNIT(*)
SI_UNIT($,.METRE.)
);
#4334=PRODUCT_DEFINITION_SHAPE('','',#4335);
#4335=PRODUCT_DEFINITION('','',#4337,#4336);
#4336=PRODUCT_DEFINITION_CONTEXT('',#4343,'design');
#4337=PRODUCT_DEFINITION_FORMATION_WITH_SPECIFIED_SOURCE('','',#4339,
 .NOT_KNOWN.);
#4338=PRODUCT_RELATED_PRODUCT_CATEGORY('','',(#4339));
#4339=PRODUCT('Part 1','Part 1','Part 1',(#4341));
#4340=PRODUCT_CATEGORY('','');
#4341=PRODUCT_CONTEXT('',#4343,'mechanical');
#4342=APPLICATION_PROTOCOL_DEFINITION('international standard',
'ap242_managed_model_based_3d_engineering',2020,#4343);
#4343=APPLICATION_CONTEXT('managed model based 3d engineering');
ENDSEC;
END-ISO-10303-21;
